0.001436 -0.000551 0.000000 0.000000 0.000000 0.995062 0.099254 168.61 stop
0.001436 -0.000551 0.000000 0.000000 0.000000 0.995062 0.099254 168.61 stop
0.001436 -0.000551 0.000000 0.000000 0.000000 0.995062 0.099254 168.61 stop
0.001436 -0.000551 0.000000 0.000000 0.000000 0.995062 0.099254 168.61 stop
0.001436 -0.000551 0.000000 0.000000 0.000000 0.995062 0.099254 168.61 stop
0.001436 -0.000551 0.000000 0.000000 0.000000 0.995062 0.099254 168.61 stop
0.001436 -0.000551 0.000000 0.000000 0.000000 0.995062 0.099254 168.61 stop
0.001436 -0.000551 0.000000 0.000000 0.000000 0.995062 0.099254 168.61 stop
0.001436 -0.000551 0.000000 0.000000 0.000000 0.995062 0.099254 168.61 stop
0.001436 -0.000551 0.000000 0.000000 0.000000 0.995062 0.099254 168.61 stop
0.001436 -0.000551 0.000000 0.000000 0.000000 0.995062 0.099254 168.61 stop
0.001436 -0.000551 0.000000 0.000000 0.000000 0.995062 0.099254 168.61 stop
0.001436 -0.000551 0.000000 0.000000 0.000000 0.995062 0.099254 168.61 stop
0.001436 -0.000551 0.000000 0.000000 0.000000 0.995062 0.099254 168.61 stop
0.001436 -0.000551 0.000000 0.000000 0.000000 0.995062 0.099254 168.61 stop
0.001436 -0.000551 0.000000 0.000000 0.000000 0.995062 0.099254 168.61 stop
0.001436 -0.000551 0.000000 0.000000 0.000000 0.995062 0.099254 168.61 stop
0.001436 -0.000551 0.000000 0.000000 0.000000 0.995062 0.099254 168.61 stop
0.001436 -0.000551 0.000000 0.000000 0.000000 0.995062 0.099254 168.61 stop
0.001436 -0.000551 0.000000 0.000000 0.000000 0.995062 0.099254 168.61 stop
0.001436 -0.000551 0.000000 0.000000 0.000000 0.995062 0.099254 168.61 stop
0.001436 -0.000551 0.000000 0.000000 0.000000 0.995062 0.099254 168.61 stop
0.001436 -0.000551 0.000000 0.000000 0.000000 0.995062 0.099254 168.61 stop
0.001436 -0.000551 0.000000 0.000000 0.000000 0.995062 0.099254 168.61 stop
0.001436 -0.000551 0.000000 0.000000 0.000000 0.995062 0.099254 168.61 stop
0.001436 -0.000551 0.000000 0.000000 0.000000 0.995062 0.099254 168.61 stop
0.001436 -0.000551 0.000000 0.000000 0.000000 0.995062 0.099254 168.61 stop
0.001436 -0.000551 0.000000 0.000000 0.000000 0.995062 0.099254 168.61 stop
0.001436 -0.000551 0.000000 0.000000 0.000000 0.995062 0.099254 168.61 stop
0.001436 -0.000551 0.000000 0.000000 0.000000 0.995062 0.099254 168.61 stop
0.001436 -0.000551 0.000000 0.000000 0.000000 0.995062 0.099254 168.61 stop
0.001436 -0.000551 0.000000 0.000000 0.000000 0.995062 0.099254 168.61 stop
0.001436 -0.000551 0.000000 0.000000 0.000000 0.995062 0.099254 168.61 stop
0.001436 -0.000551 0.000000 0.000000 0.000000 0.995062 0.099254 168.61 stop
0.001436 -0.000551 0.000000 0.000000 0.000000 0.995062 0.099254 168.61 stop
0.001436 -0.000551 0.000000 0.000000 0.000000 0.995062 0.099254 168.61 stop
0.001436 -0.000551 0.000000 0.000000 0.000000 0.995062 0.099254 168.61 stop
0.001436 -0.000551 0.000000 0.000000 0.000000 0.995062 0.099254 168.61 stop
0.001436 -0.000551 0.000000 0.000000 0.000000 0.995062 0.099254 168.61 stop
0.001436 -0.000551 0.000000 0.000000 0.000000 0.995062 0.099254 168.61 stop
0.001436 -0.000551 0.000000 0.000000 0.000000 0.995062 0.099254 168.61 stop
0.001436 -0.000551 0.000000 0.000000 0.000000 0.995062 0.099254 168.61 stop
0.001436 -0.000551 0.000000 0.000000 0.000000 0.995062 0.099254 168.61 stop
0.001436 -0.000551 0.000000 0.000000 0.000000 0.995062 0.099254 168.61 stop
0.001436 -0.000551 0.000000 0.000000 0.000000 0.995062 0.099254 168.61 stop
0.001436 -0.000551 0.000000 0.000000 0.000000 0.995062 0.099254 168.61 stop
0.001436 -0.000551 0.000000 0.000000 0.000000 0.995062 0.099254 168.61 stop
0.001436 -0.000551 0.000000 0.000000 0.000000 0.995062 0.099254 168.61 stop
0.001436 -0.000551 0.000000 0.000000 0.000000 0.995062 0.099254 168.61 stop
0.001436 -0.000551 0.000000 0.000000 0.000000 0.995062 0.099254 168.61 stop
0.001436 -0.000551 0.000000 0.000000 0.000000 0.995062 0.099254 168.61 stop
0.001436 -0.000551 0.000000 0.000000 0.000000 0.995062 0.099254 168.61 stop
0.001436 -0.000551 0.000000 0.000000 0.000000 0.995062 0.099254 168.61 stop
0.001436 -0.000551 0.000000 0.000000 0.000000 0.995062 0.099254 168.61 stop
0.001436 -0.000551 0.000000 0.000000 0.000000 0.995062 0.099254 168.61 stop
0.001436 -0.000551 0.000000 0.000000 0.000000 0.995062 0.099254 168.61 stop
0.001436 -0.000551 0.000000 0.000000 0.000000 0.995062 0.099254 168.61 stop
0.001436 -0.000551 0.000000 0.000000 0.000000 0.995062 0.099254 168.61 stop
0.001436 -0.000551 0.000000 0.000000 0.000000 0.995062 0.099254 168.61 stop
0.001436 -0.000551 0.000000 0.000000 0.000000 0.995062 0.099254 168.61 stop
0.001436 -0.000551 0.000000 0.000000 0.000000 0.995062 0.099251 168.61 stop
0.001436 -0.000551 0.000000 0.000000 0.000000 0.995062 0.099251 168.61 stop
0.001436 -0.000551 0.000000 0.000000 0.000000 0.995062 0.099251 168.61 stop
0.001436 -0.000551 0.000000 0.000000 0.000000 0.995063 0.099247 168.61 stop
0.001436 -0.000551 0.000000 0.000000 0.000000 0.995063 0.099246 168.61 stop
0.001436 -0.000551 0.000000 0.000000 0.000000 0.995063 0.099245 168.61 stop
0.001436 -0.000551 0.000000 0.000000 0.000000 0.995063 0.099241 168.61 stop
0.001436 -0.000551 0.000000 0.000000 0.000000 0.995064 0.099239 168.61 stop
0.001436 -0.000551 0.000000 0.000000 0.000000 0.995064 0.099238 168.61 stop
0.001436 -0.000551 0.000000 0.000000 0.000000 0.995063 0.099241 168.61 stop
0.001436 -0.000551 0.000000 0.000000 0.000000 0.995064 0.099240 168.61 stop
0.001436 -0.000551 0.000000 0.000000 0.000000 0.995064 0.099239 168.61 stop
0.001436 -0.000551 0.000000 0.000000 0.000000 0.995062 0.099251 168.61 stop
0.001436 -0.000551 0.000000 0.000000 0.000000 0.995062 0.099251 168.61 stop
0.001436 -0.000551 0.000000 0.000000 0.000000 0.995062 0.099252 168.61 stop
0.001436 -0.000551 0.000000 0.000000 0.000000 0.995062 0.099256 168.61 stop
0.033335 0.049549 0.000000 0.000000 0.000000 0.995062 0.099257 168.61 stop
0.033985 0.050569 0.000000 0.000000 0.000000 0.995062 0.099258 168.61 stop
0.034640 0.051597 0.000000 0.000000 0.000000 0.995060 0.099277 168.60 stop
0.035300 0.052635 0.000000 0.000000 0.000000 0.995060 0.099280 168.60 stop
0.035966 0.053680 0.000000 0.000000 0.000000 0.995059 0.099282 168.60 stop
0.036637 0.054735 0.000000 0.000000 0.000000 0.995064 0.099237 168.61 stop
0.055409 0.138154 0.000000 0.000000 0.000000 0.995065 0.099227 168.61 stop
0.056460 0.140903 0.000000 0.000000 0.000000 0.995065 0.099221 168.61 stop
0.057522 0.143675 0.000000 0.000000 0.000000 0.995052 0.099359 168.60 stop
0.058589 0.146466 0.000000 0.000000 0.000000 0.995050 0.099374 168.59 stop
0.059668 0.149285 0.000000 0.000000 0.000000 0.995049 0.099389 168.59 stop
0.060762 0.152119 0.000000 0.000000 0.000000 0.995004 0.099834 168.54 stop
0.100830 0.309132 0.000000 0.000000 0.000000 0.994997 0.099909 168.53 stop
0.102734 0.315155 0.000000 0.000000 0.000000 0.994988 0.099994 168.52 stop
0.104652 0.321225 0.000000 0.000000 0.000000 0.994986 0.100015 168.52 stop
0.106587 0.327341 0.000000 0.000000 0.000000 0.994979 0.100086 168.51 stop
0.108540 0.333514 0.000000 0.000000 0.000000 0.994972 0.100157 168.50 stop
0.110594 0.339698 0.000000 0.000000 0.000000 0.994784 0.102002 168.29 stop
0.202892 0.553257 0.000000 0.000000 0.000000 0.936418 0.350887 138.92 stop
0.206781 0.563774 0.000000 0.000000 0.000000 0.936304 0.351190 138.88 forward
0.210811 0.574343 0.000000 0.000000 0.000000 0.935653 0.352922 138.67 forward
0.214806 0.585005 0.000000 0.000000 0.000000 0.935455 0.353444 138.60 forward
0.218850 0.595763 0.000000 0.000000 0.000000 0.935258 0.353967 138.54 forward
0.223018 0.606540 0.000000 0.000000 0.000000 0.934662 0.355537 138.35 forward
0.375103 1.000332 0.000000 0.000000 0.000000 0.853809 0.520587 117.26 forward
0.382441 1.019077 0.000000 0.000000 0.000000 0.853421 0.521222 117.17 forward
0.389755 1.037972 0.000000 0.000000 0.000000 0.853436 0.521198 117.17 forward
0.397222 1.056964 0.000000 0.000000 0.000000 0.853090 0.521764 117.10 forward
0.404785 1.076124 0.000000 0.000000 0.000000 0.852743 0.522331 117.02 forward
0.412361 1.095442 0.000000 0.000000 0.000000 0.852630 0.522515 117.00 forward
0.606315 1.617686 0.000000 0.000000 0.000000 0.780555 0.625087 102.62 forward
0.618079 1.647438 0.000000 0.000000 0.000000 0.780175 0.625561 102.55 forward
0.629819 1.677489 0.000000 0.000000 0.000000 0.780307 0.625397 102.58 forward
0.641791 1.707697 0.000000 0.000000 0.000000 0.779995 0.625786 102.52 forward
0.653882 1.738115 0.000000 0.000000 0.000000 0.779682 0.626175 102.46 forward
0.665823 1.768853 0.000000 0.000000 0.000000 0.780013 0.625763 102.52 forward
0.918448 2.426312 0.000000 0.000000 0.000000 0.722289 0.691591 92.49 forward
0.935951 2.470147 0.000000 0.000000 0.000000 0.722033 0.691858 92.45 forward
0.953321 2.514345 0.000000 0.000000 0.000000 0.722346 0.691532 92.50 forward
0.971084 2.558852 0.000000 0.000000 0.000000 0.722155 0.691732 92.47 forward
0.989007 2.603687 0.000000 0.000000 0.000000 0.721963 0.691931 92.43 forward
1.006776 2.648950 0.000000 0.000000 0.000000 0.722243 0.691639 92.48 forward
1.265434 3.342909 0.000000 0.000000 0.000000 0.678592 0.734515 85.47 forward
1.288827 3.401907 0.000000 0.000000 0.000000 0.678439 0.734656 85.44 forward
1.312129 3.461455 0.000000 0.000000 0.000000 0.678711 0.734406 85.49 forward
1.335862 3.521365 0.000000 0.000000 0.000000 0.678599 0.734509 85.47 forward
1.359794 3.581723 0.000000 0.000000 0.000000 0.678488 0.734612 85.45 forward
1.383570 3.642605 0.000000 0.000000 0.000000 0.646672 0.762769 80.58 forward
1.671433 4.395853 0.000000 0.000000 0.000000 0.623524 0.781805 77.15 forward
1.701376 4.471600 0.000000 0.000000 0.000000 0.623440 0.781871 77.14 forward
1.731326 4.548042 0.000000 0.000000 0.000000 0.623616 0.781731 77.16 forward
1.761684 4.624889 0.000000 0.000000 0.000000 0.623551 0.781783 77.15 forward
1.792330 4.702429 0.000000 0.000000 0.000000 0.606338 0.795207 74.65 forward
1.822861 4.780472 0.000000 0.000000 0.000000 0.606516 0.795071 74.68 forward
2.092811 5.508358 0.000000 0.000000 0.000000 0.595051 0.803688 73.03 forward
2.129055 5.600835 0.000000 0.000000 0.000000 0.595003 0.803724 73.03 forward
2.165297 5.693871 0.000000 0.000000 0.000000 0.595131 0.803629 73.04 forward
2.202040 5.787678 0.000000 0.000000 0.000000 0.595096 0.803655 73.04 forward
2.239065 5.882184 0.000000 0.000000 0.000000 0.586825 0.809714 71.86 forward
2.276077 5.977261 0.000000 0.000000 0.000000 0.586935 0.809634 71.88 forward
2.524221 6.664875 0.000000 0.000000 0.000000 0.582093 0.813122 71.20 forward
2.566321 6.773471 0.000000 0.000000 0.000000 0.582068 0.813140 71.19 forward
2.608590 6.882897 0.000000 0.000000 0.000000 0.582169 0.813068 71.21 forward
2.651239 6.992980 0.000000 0.000000 0.000000 0.578282 0.815837 70.66 forward
2.694217 7.103908 0.000000 0.000000 0.000000 0.578272 0.815844 70.66 forward
2.737436 7.215559 0.000000 0.000000 0.000000 0.578280 0.815838 70.66 forward
2.993785 7.901917 0.000000 0.000000 0.000000 0.575858 0.817550 70.32 forward
3.042044 8.026976 0.000000 0.000000 0.000000 0.575849 0.817556 70.32 forward
3.090566 8.152660 0.000000 0.000000 0.000000 0.575838 0.817564 70.32 forward
3.139478 8.279405 0.000000 0.000000 0.000000 0.573311 0.819338 69.96 forward
3.188730 8.407029 0.000000 0.000000 0.000000 0.573304 0.819343 69.96 forward
3.238294 8.535462 0.000000 0.000000 0.000000 0.573307 0.819341 69.96 forward
3.493351 9.200185 0.000000 0.000000 0.000000 0.571516 0.820591 69.71 forward
3.547832 9.341393 0.000000 0.000000 0.000000 0.571512 0.820594 69.71 forward
3.602691 9.483533 0.000000 0.000000 0.000000 0.570233 0.821483 69.53 forward
3.657879 9.626571 0.000000 0.000000 0.000000 0.570230 0.821485 69.53 forward
3.713468 9.770652 0.000000 0.000000 0.000000 0.568954 0.822370 69.35 forward
3.769451 9.915623 0.000000 0.000000 0.000000 0.568932 0.822385 69.35 forward
3.982918 10.493765 0.000000 0.000000 0.000000 0.568637 0.822588 69.31 forward
4.042792 10.649546 0.000000 0.000000 0.000000 0.568634 0.822591 69.31 forward
4.103164 10.806309 0.000000 0.000000 0.000000 0.568262 0.822848 69.26 forward
4.163849 10.964164 0.000000 0.000000 0.000000 0.568259 0.822850 69.26 forward
4.224976 11.123170 0.000000 0.000000 0.000000 0.568113 0.822950 69.24 forward
4.286534 11.283096 0.000000 0.000000 0.000000 0.568100 0.822959 69.24 forward
4.460997 11.776120 0.000000 0.000000 0.000000 0.568946 0.822375 69.35 forward
4.525537 11.945051 0.000000 0.000000 0.000000 0.568945 0.822375 69.35 forward
4.590729 12.114905 0.000000 0.000000 0.000000 0.569248 0.822166 69.40 forward
4.656175 12.286118 0.000000 0.000000 0.000000 0.569246 0.822167 69.40 forward
4.721965 12.458233 0.000000 0.000000 0.000000 0.569295 0.822133 69.40 forward
4.788498 12.631414 0.000000 0.000000 0.000000 0.569202 0.822198 69.39 forward
4.960373 13.091921 0.000000 0.000000 0.000000 0.569463 0.822017 69.43 forward
5.029625 13.273291 0.000000 0.000000 0.000000 0.569459 0.822020 69.42 forward
5.099537 13.455577 0.000000 0.000000 0.000000 0.569519 0.821978 69.43 forward
5.169710 13.639252 0.000000 0.000000 0.000000 0.569512 0.821983 69.43 forward
5.240340 13.824118 0.000000 0.000000 0.000000 0.568949 0.822373 69.35 forward
5.311575 14.009969 0.000000 0.000000 0.000000 0.568905 0.822403 69.35 forward
5.475579 14.429743 0.000000 0.000000 0.000000 0.568263 0.822847 69.26 forward
5.549514 14.622933 0.000000 0.000000 0.000000 0.568260 0.822849 69.26 forward
5.623779 14.816882 0.000000 0.000000 0.000000 0.567890 0.823104 69.21 forward
5.698562 15.012313 0.000000 0.000000 0.000000 0.567894 0.823102 69.21 forward
5.773867 15.209119 0.000000 0.000000 0.000000 0.567386 0.823452 69.14 forward
5.849213 15.406903 0.000000 0.000000 0.000000 0.567546 0.823342 69.16 forward
5.967505 15.731165 0.000000 0.000000 0.000000 0.567598 0.823306 69.17 forward
6.044874 15.934101 0.000000 0.000000 0.000000 0.567626 0.823287 69.17 forward
6.122486 16.138125 0.000000 0.000000 0.000000 0.567653 0.823268 69.17 forward
6.200643 16.343379 0.000000 0.000000 0.000000 0.567699 0.823236 69.18 forward
6.279257 16.549908 0.000000 0.000000 0.000000 0.567901 0.823097 69.21 forward
6.358019 16.757699 0.000000 0.000000 0.000000 0.568057 0.822989 69.23 forward
6.402855 16.946828 0.000000 0.000000 0.000000 0.570266 0.821460 69.54 forward
6.481778 17.156713 0.000000 0.000000 0.000000 0.570327 0.821418 69.55 forward
6.561927 17.367270 0.000000 0.000000 0.000000 0.571147 0.820848 69.66 forward
6.641895 17.579612 0.000000 0.000000 0.000000 0.571173 0.820829 69.66 forward
6.722283 17.793116 0.000000 0.000000 0.000000 0.571867 0.820346 69.76 forward
6.804113 18.007395 0.000000 0.000000 0.000000 0.571514 0.820592 69.71 forward
6.833832 18.085090 0.000000 0.000000 0.000000 0.572157 0.820144 69.80 forward
6.914730 18.299385 0.000000 0.000000 0.000000 0.572140 0.820156 69.80 forward
6.996097 18.514666 0.000000 0.000000 0.000000 0.572682 0.819778 69.87 forward
7.077921 18.731478 0.000000 0.000000 0.000000 0.572685 0.819775 69.88 forward
7.160151 18.949379 0.000000 0.000000 0.000000 0.571393 0.820677 69.69 forward
7.243061 19.168081 0.000000 0.000000 0.000000 0.571349 0.820707 69.69 forward
7.248877 19.201919 0.000000 0.000000 0.000000 0.571553 0.820565 69.72 forward
7.330831 19.419628 0.000000 0.000000 0.000000 0.571066 0.820904 69.65 forward
7.413849 19.638130 0.000000 0.000000 0.000000 0.570862 0.821046 69.62 forward
7.496720 19.857995 0.000000 0.000000 0.000000 0.570598 0.821230 69.58 forward
7.580076 20.079148 0.000000 0.000000 0.000000 0.570593 0.821233 69.58 forward
7.663986 20.301141 0.000000 0.000000 0.000000 0.570433 0.821344 69.56 forward
7.694281 20.298342 0.000000 0.000000 0.000000 0.569570 0.821943 69.44 forward
7.778129 20.518354 0.000000 0.000000 0.000000 0.569585 0.821933 69.44 forward
7.862223 20.739230 0.000000 0.000000 0.000000 0.567547 0.823341 69.16 forward
7.946838 20.961307 0.000000 0.000000 0.000000 0.567558 0.823334 69.16 forward
8.031876 21.184518 0.000000 0.000000 0.000000 0.565788 0.824551 68.91 forward
8.117057 21.408905 0.000000 0.000000 0.000000 0.565887 0.824483 68.93 forward
8.118320 21.373941 0.000000 0.000000 0.000000 0.565512 0.824740 68.88 forward
8.202989 21.595251 0.000000 0.000000 0.000000 0.562908 0.826520 68.51 forward
8.287501 21.817762 0.000000 0.000000 0.000000 0.563094 0.826393 68.54 forward
8.372898 22.041304 0.000000 0.000000 0.000000 0.563521 0.826102 68.60 forward
8.458679 22.265907 0.000000 0.000000 0.000000 0.563553 0.826080 68.60 forward
8.544132 22.491653 0.000000 0.000000 0.000000 0.563999 0.825775 68.67 forward
8.487861 22.380673 0.000000 0.000000 0.000000 0.564445 0.825471 68.73 forward
8.571742 22.601910 0.000000 0.000000 0.000000 0.564494 0.825437 68.73 forward
8.655912 22.823636 0.000000 0.000000 0.000000 0.564481 0.825446 68.73 forward
8.740469 23.046721 0.000000 0.000000 0.000000 0.566379 0.824145 69.00 forward
8.825435 23.270957 0.000000 0.000000 0.000000 0.566419 0.824117 69.00 forward
8.910823 23.495949 0.000000 0.000000 0.000000 0.567748 0.823203 69.19 forward
8.821975 23.277809 0.000000 0.000000 0.000000 0.567943 0.823068 69.21 forward
8.904547 23.496285 0.000000 0.000000 0.000000 0.567975 0.823046 69.22 forward
8.987586 23.715189 0.000000 0.000000 0.000000 0.567895 0.823101 69.21 forward
9.070773 23.935229 0.000000 0.000000 0.000000 0.568422 0.822737 69.28 forward
9.154309 24.156227 0.000000 0.000000 0.000000 0.568442 0.822724 69.28 forward
9.238365 24.377897 0.000000 0.000000 0.000000 0.568779 0.822490 69.33 forward
9.136069 24.033632 0.000000 0.000000 0.000000 0.565727 0.824593 68.91 forward
9.217117 24.245776 0.000000 0.000000 0.000000 0.565741 0.824583 68.91 forward
9.298180 24.458993 0.000000 0.000000 0.000000 0.565838 0.824517 68.92 forward
9.379767 24.672706 0.000000 0.000000 0.000000 0.564300 0.825570 68.71 forward
9.461735 24.887439 0.000000 0.000000 0.000000 0.564314 0.825560 68.71 forward
9.543685 25.103093 0.000000 0.000000 0.000000 0.563192 0.826326 68.55 forward
9.386274 24.668064 0.000000 0.000000 0.000000 0.559057 0.829130 67.98 forward
9.464294 24.871955 0.000000 0.000000 0.000000 0.559069 0.829121 67.98 forward
9.542250 25.076779 0.000000 0.000000 0.000000 0.559178 0.829048 68.00 forward
9.620814 25.282253 0.000000 0.000000 0.000000 0.560889 0.827891 68.23 forward
9.699680 25.488535 0.000000 0.000000 0.000000 0.560903 0.827881 68.24 forward
9.778321 25.695350 0.000000 0.000000 0.000000 0.562141 0.827041 68.41 forward
9.583330 25.200512 0.000000 0.000000 0.000000 0.562321 0.826919 68.43 forward
9.657376 25.394811 0.000000 0.000000 0.000000 0.562336 0.826909 68.43 forward
9.731440 25.589554 0.000000 0.000000 0.000000 0.562376 0.826882 68.44 forward
9.805779 25.784692 0.000000 0.000000 0.000000 0.562389 0.826873 68.44 forward
9.880479 25.980793 0.000000 0.000000 0.000000 0.564528 0.825414 68.74 forward
9.955195 26.177302 0.000000 0.000000 0.000000 0.564560 0.825392 68.74 forward
9.736753 25.647778 0.000000 0.000000 0.000000 0.564980 0.825105 68.80 forward
9.806039 25.830966 0.000000 0.000000 0.000000 0.564990 0.825097 68.80 forward
9.875605 26.014474 0.000000 0.000000 0.000000 0.564954 0.825122 68.80 forward
9.945176 26.198398 0.000000 0.000000 0.000000 0.564963 0.825116 68.80 forward
10.015048 26.383137 0.000000 0.000000 0.000000 0.567786 0.823176 69.19 forward
10.085080 26.567813 0.000000 0.000000 0.000000 0.567744 0.823205 69.19 forward
9.864570 25.977409 0.000000 0.000000 0.000000 0.567659 0.823264 69.17 forward
9.929108 26.147756 0.000000 0.000000 0.000000 0.567665 0.823260 69.18 forward
9.993745 26.318159 0.000000 0.000000 0.000000 0.567642 0.823275 69.17 forward
10.058450 26.488940 0.000000 0.000000 0.000000 0.567646 0.823272 69.17 forward
10.123364 26.660281 0.000000 0.000000 0.000000 0.567650 0.823270 69.17 forward
10.188428 26.831903 0.000000 0.000000 0.000000 0.567647 0.823272 69.17 forward
9.961649 26.258555 0.000000 0.000000 0.000000 0.567862 0.823124 69.20 forward
10.021019 26.415950 0.000000 0.000000 0.000000 0.567867 0.823120 69.20 forward
10.080489 26.573249 0.000000 0.000000 0.000000 0.567835 0.823142 69.20 forward
10.139898 26.730737 0.000000 0.000000 0.000000 0.569400 0.822060 69.42 forward
10.199471 26.888677 0.000000 0.000000 0.000000 0.569407 0.822056 69.42 forward
10.259177 27.046622 0.000000 0.000000 0.000000 0.569380 0.822074 69.41 forward
10.044005 26.454926 0.000000 0.000000 0.000000 0.569206 0.822195 69.39 forward
10.098261 26.598172 0.000000 0.000000 0.000000 0.569213 0.822190 69.39 forward
10.152509 26.741401 0.000000 0.000000 0.000000 0.569220 0.822186 69.39 forward
10.206827 26.884836 0.000000 0.000000 0.000000 0.569227 0.822181 69.39 forward
10.261172 27.028353 0.000000 0.000000 0.000000 0.567497 0.823375 69.15 forward
10.315579 27.172014 0.000000 0.000000 0.000000 0.567500 0.823373 69.15 forward
10.071578 26.582049 0.000000 0.000000 0.000000 0.567915 0.823087 69.21 forward
10.119860 26.710993 0.000000 0.000000 0.000000 0.567922 0.823083 69.21 forward
10.168263 26.839762 0.000000 0.000000 0.000000 0.567860 0.823125 69.20 forward
10.216507 26.968588 0.000000 0.000000 0.000000 0.567866 0.823121 69.20 forward
10.264738 27.097399 0.000000 0.000000 0.000000 0.567873 0.823116 69.20 forward
10.313102 27.226091 0.000000 0.000000 0.000000 0.567821 0.823152 69.20 forward
10.098607 26.656659 0.000000 0.000000 0.000000 0.567832 0.823145 69.20 forward
10.141491 26.771227 0.000000 0.000000 0.000000 0.567838 0.823140 69.20 forward
10.184362 26.885480 0.000000 0.000000 0.000000 0.567807 0.823162 69.19 forward
10.227119 26.999723 0.000000 0.000000 0.000000 0.567814 0.823157 69.20 forward
10.269762 27.113681 0.000000 0.000000 0.000000 0.567822 0.823151 69.20 forward
10.312455 27.227433 0.000000 0.000000 0.000000 0.567780 0.823180 69.19 forward
10.092481 26.642746 0.000000 0.000000 0.000000 0.567804 0.823164 69.19 forward
10.129649 26.742128 0.000000 0.000000 0.000000 0.567811 0.823159 69.20 forward
10.166899 26.841199 0.000000 0.000000 0.000000 0.567683 0.823247 69.18 forward
10.203792 26.939786 0.000000 0.000000 0.000000 0.567675 0.823253 69.18 forward
10.240722 27.038482 0.000000 0.000000 0.000000 0.567668 0.823258 69.18 forward
10.277485 27.136703 0.000000 0.000000 0.000000 0.567691 0.823242 69.18 forward
10.085961 26.655741 0.000000 0.000000 0.000000 0.567866 0.823121 69.20 forward
10.117823 26.741683 0.000000 0.000000 0.000000 0.567870 0.823118 69.20 forward
10.149418 26.827277 0.000000 0.000000 0.000000 0.568087 0.822969 69.23 forward
10.180939 26.912520 0.000000 0.000000 0.000000 0.568139 0.822933 69.24 forward
10.212293 26.997366 0.000000 0.000000 0.000000 0.568191 0.822897 69.25 forward
10.244785 27.081365 0.000000 0.000000 0.000000 0.566992 0.823723 69.08 forward
10.123803 26.698996 0.000000 0.000000 0.000000 0.566606 0.823989 69.03 forward
10.151979 26.773157 0.000000 0.000000 0.000000 0.566478 0.824077 69.01 forward
10.179153 26.847146 0.000000 0.000000 0.000000 0.567415 0.823432 69.14 forward
10.206812 26.920450 0.000000 0.000000 0.000000 0.567453 0.823406 69.15 forward
10.234295 26.993312 0.000000 0.000000 0.000000 0.567491 0.823380 69.15 forward
10.262507 27.065346 0.000000 0.000000 0.000000 0.566495 0.824065 69.01 forward
10.191475 26.821309 0.000000 0.000000 0.000000 0.566166 0.824291 68.97 forward
10.216694 26.886302 0.000000 0.000000 0.000000 0.566053 0.824369 68.95 forward
10.241057 26.950986 0.000000 0.000000 0.000000 0.566899 0.823787 69.07 forward
10.265755 27.015001 0.000000 0.000000 0.000000 0.566938 0.823761 69.07 forward
10.290265 27.078535 0.000000 0.000000 0.000000 0.566977 0.823734 69.08 forward
10.315458 27.141158 0.000000 0.000000 0.000000 0.565931 0.824453 68.93 forward
10.312352 27.111788 0.000000 0.000000 0.000000 0.565750 0.824577 68.91 forward
10.335914 27.171825 0.000000 0.000000 0.000000 0.565641 0.824651 68.89 forward
10.359339 27.231315 0.000000 0.000000 0.000000 0.565514 0.824739 68.88 forward
10.382550 27.290329 0.000000 0.000000 0.000000 0.565411 0.824809 68.86 forward
10.405580 27.348819 0.000000 0.000000 0.000000 0.563013 0.826448 68.53 forward
10.428555 27.406655 0.000000 0.000000 0.000000 0.562747 0.826629 68.49 forward
10.472744 27.595718 0.000000 0.000000 0.000000 0.562885 0.826535 68.51 forward
10.495620 27.655331 0.000000 0.000000 0.000000 0.566890 0.823793 69.07 forward
10.518300 27.714401 0.000000 0.000000 0.000000 0.566844 0.823825 69.06 forward
10.540817 27.773039 0.000000 0.000000 0.000000 0.566752 0.823888 69.05 forward
10.563134 27.831126 0.000000 0.000000 0.000000 0.566660 0.823951 69.04 forward
10.585149 27.888755 0.000000 0.000000 0.000000 0.566780 0.823869 69.05 forward
10.715676 28.201644 0.000000 0.000000 0.000000 0.568559 0.822642 69.30 forward
10.739690 28.263479 0.000000 0.000000 0.000000 0.568507 0.822678 69.29 forward
10.763368 28.324860 0.000000 0.000000 0.000000 0.568691 0.822551 69.32 forward
10.786998 28.385769 0.000000 0.000000 0.000000 0.568675 0.822562 69.32 forward
10.810453 28.446217 0.000000 0.000000 0.000000 0.568659 0.822573 69.31 forward
10.833558 28.506195 0.000000 0.000000 0.000000 0.566582 0.824005 69.02 forward
10.987647 28.909704 0.000000 0.000000 0.000000 0.565559 0.824708 68.88 forward
11.013234 28.975806 0.000000 0.000000 0.000000 0.565572 0.824699 68.88 forward
11.038543 29.041516 0.000000 0.000000 0.000000 0.565730 0.824590 68.91 forward
11.063810 29.106870 0.000000 0.000000 0.000000 0.565761 0.824569 68.91 forward
11.088908 29.171804 0.000000 0.000000 0.000000 0.565793 0.824548 68.91 forward
11.113850 29.236297 0.000000 0.000000 0.000000 0.565894 0.824478 68.93 forward
11.251343 29.654401 0.000000 0.000000 0.000000 0.568150 0.822925 69.24 forward
11.278223 29.725362 0.000000 0.000000 0.000000 0.568169 0.822912 69.25 forward
11.305059 29.795939 0.000000 0.000000 0.000000 0.568066 0.822983 69.23 forward
11.331692 29.866234 0.000000 0.000000 0.000000 0.568071 0.822980 69.23 forward
11.358206 29.936229 0.000000 0.000000 0.000000 0.570249 0.821472 69.54 forward
11.384797 30.005725 0.000000 0.000000 0.000000 0.569979 0.821659 69.50 forward
11.548545 30.431696 0.000000 0.000000 0.000000 0.570821 0.821074 69.62 forward
11.577535 30.507948 0.000000 0.000000 0.000000 0.570790 0.821096 69.61 forward
11.606597 30.583761 0.000000 0.000000 0.000000 0.570518 0.821285 69.57 forward
11.635410 30.659402 0.000000 0.000000 0.000000 0.570458 0.821327 69.56 forward
11.664136 30.734797 0.000000 0.000000 0.000000 0.569369 0.822082 69.41 forward
11.692977 30.809735 0.000000 0.000000 0.000000 0.569062 0.822295 69.37 forward
11.866898 31.282378 0.000000 0.000000 0.000000 0.568889 0.822414 69.35 forward
11.898347 31.365013 0.000000 0.000000 0.000000 0.568801 0.822475 69.33 forward
11.929468 31.447474 0.000000 0.000000 0.000000 0.569087 0.822277 69.37 forward
11.960690 31.529680 0.000000 0.000000 0.000000 0.569067 0.822291 69.37 forward
11.991824 31.611657 0.000000 0.000000 0.000000 0.569172 0.822219 69.38 forward
12.023187 31.693404 0.000000 0.000000 0.000000 0.568923 0.822391 69.35 forward
12.241801 32.196799 0.000000 0.000000 0.000000 0.566776 0.823872 69.05 forward
12.276692 32.286795 0.000000 0.000000 0.000000 0.566736 0.823900 69.05 forward
12.311500 32.376497 0.000000 0.000000 0.000000 0.566701 0.823924 69.04 forward
12.346286 32.466179 0.000000 0.000000 0.000000 0.566665 0.823948 69.04 forward
12.381031 32.555736 0.000000 0.000000 0.000000 0.564261 0.825597 68.70 forward
12.415683 32.645130 0.000000 0.000000 0.000000 0.564276 0.825587 68.70 forward
12.617312 33.207348 0.000000 0.000000 0.000000 0.564224 0.825622 68.70 forward
12.655293 33.306128 0.000000 0.000000 0.000000 0.564199 0.825639 68.69 forward
12.693118 33.404849 0.000000 0.000000 0.000000 0.564329 0.825550 68.71 forward
12.731026 33.503536 0.000000 0.000000 0.000000 0.565978 0.824420 68.94 forward
12.768918 33.602192 0.000000 0.000000 0.000000 0.565980 0.824419 68.94 forward
12.806680 33.700834 0.000000 0.000000 0.000000 0.566093 0.824342 68.96 forward
12.998832 34.250179 0.000000 0.000000 0.000000 0.568352 0.822786 69.27 forward
13.039730 34.357915 0.000000 0.000000 0.000000 0.568371 0.822772 69.27 forward
13.080757 34.465651 0.000000 0.000000 0.000000 0.568326 0.822804 69.27 forward
13.121629 34.573338 0.000000 0.000000 0.000000 0.569349 0.822096 69.41 forward
13.162528 34.681123 0.000000 0.000000 0.000000 0.569369 0.822082 69.41 forward
13.203700 34.788774 0.000000 0.000000 0.000000 0.569184 0.822210 69.39 forward
13.385030 35.317239 0.000000 0.000000 0.000000 0.571093 0.820885 69.65 forward
13.428828 35.433790 0.000000 0.000000 0.000000 0.571091 0.820886 69.65 forward
13.472724 35.550167 0.000000 0.000000 0.000000 0.571053 0.820913 69.65 forward
13.516540 35.666791 0.000000 0.000000 0.000000 0.571655 0.820494 69.73 forward
13.560412 35.783592 0.000000 0.000000 0.000000 0.571665 0.820487 69.73 forward
13.604314 35.900306 0.000000 0.000000 0.000000 0.571700 0.820463 69.74 forward
13.813621 36.404629 0.000000 0.000000 0.000000 0.570542 0.821269 69.58 forward
13.860962 36.529509 0.000000 0.000000 0.000000 0.570566 0.821252 69.58 forward
13.908560 36.654618 0.000000 0.000000 0.000000 0.570478 0.821313 69.57 forward
13.956009 36.779757 0.000000 0.000000 0.000000 0.568565 0.822639 69.30 forward
14.003586 36.905265 0.000000 0.000000 0.000000 0.568577 0.822630 69.30 forward
14.051302 37.030757 0.000000 0.000000 0.000000 0.568515 0.822673 69.29 forward
14.237127 37.503070 0.000000 0.000000 0.000000 0.566874 0.823804 69.07 forward
14.287707 37.636037 0.000000 0.000000 0.000000 0.566880 0.823801 69.07 forward
14.338360 37.769163 0.000000 0.000000 0.000000 0.566880 0.823800 69.07 forward
14.389081 37.902536 0.000000 0.000000 0.000000 0.566709 0.823918 69.04 forward
14.439943 38.036298 0.000000 0.000000 0.000000 0.566715 0.823914 69.04 forward
14.490716 38.170079 0.000000 0.000000 0.000000 0.566781 0.823868 69.05 forward
14.661765 38.561007 0.000000 0.000000 0.000000 0.565036 0.825066 68.81 forward
14.715351 38.700552 0.000000 0.000000 0.000000 0.565051 0.825056 68.81 forward
14.768824 38.840307 0.000000 0.000000 0.000000 0.565117 0.825011 68.82 forward
14.822580 38.980381 0.000000 0.000000 0.000000 0.564176 0.825654 68.69 forward
14.876479 39.120846 0.000000 0.000000 0.000000 0.564188 0.825646 68.69 forward
14.930165 39.261451 0.000000 0.000000 0.000000 0.563555 0.826079 68.60 forward
15.045465 39.578851 0.000000 0.000000 0.000000 0.563681 0.825993 68.62 forward
15.100874 39.723810 0.000000 0.000000 0.000000 0.563695 0.825983 68.62 forward
15.156162 39.868747 0.000000 0.000000 0.000000 0.563691 0.825986 68.62 forward
15.211739 40.014219 0.000000 0.000000 0.000000 0.563704 0.825977 68.62 forward
15.267356 40.159820 0.000000 0.000000 0.000000 0.565129 0.825003 68.82 forward
15.322992 40.305781 0.000000 0.000000 0.000000 0.565173 0.824973 68.83 forward
15.400887 40.512875 0.000000 0.000000 0.000000 0.566272 0.824218 68.98 forward
15.457308 40.660756 0.000000 0.000000 0.000000 0.566285 0.824209 68.98 forward
15.513775 40.808964 0.000000 0.000000 0.000000 0.567075 0.823666 69.09 forward
15.570401 40.957456 0.000000 0.000000 0.000000 0.567089 0.823656 69.10 forward
15.627161 41.106321 0.000000 0.000000 0.000000 0.567238 0.823554 69.12 forward
15.683823 41.255167 0.000000 0.000000 0.000000 0.567280 0.823525 69.12 forward
15.739102 41.326647 0.000000 0.000000 0.000000 0.566677 0.823940 69.04 forward
15.796250 41.474725 0.000000 0.000000 0.000000 0.564639 0.825338 68.75 forward
15.853151 41.623125 0.000000 0.000000 0.000000 0.564769 0.825249 68.77 forward
15.910526 41.771937 0.000000 0.000000 0.000000 0.563030 0.826436 68.53 forward
15.967973 41.920950 0.000000 0.000000 0.000000 0.563047 0.826425 68.53 forward
16.025190 42.070292 0.000000 0.000000 0.000000 0.561817 0.827262 68.36 forward
16.020511 42.034260 0.000000 0.000000 0.000000 0.561634 0.827385 68.34 forward
16.077012 42.180355 0.000000 0.000000 0.000000 0.561651 0.827374 68.34 forward
16.133324 42.326882 0.000000 0.000000 0.000000 0.561773 0.827291 68.36 forward
16.189988 42.473525 0.000000 0.000000 0.000000 0.562177 0.827017 68.41 forward
16.246784 42.620527 0.000000 0.000000 0.000000 0.562193 0.827006 68.42 forward
16.303363 42.767820 0.000000 0.000000 0.000000 0.562510 0.826790 68.46 forward
16.253774 42.651539 0.000000 0.000000 0.000000 0.562633 0.826707 68.48 forward
16.308646 42.793987 0.000000 0.000000 0.000000 0.562648 0.826697 68.48 forward
16.363400 42.936592 0.000000 0.000000 0.000000 0.562710 0.826654 68.49 forward
16.418396 43.079433 0.000000 0.000000 0.000000 0.564173 0.825657 68.69 forward
16.473513 43.222599 0.000000 0.000000 0.000000 0.564186 0.825648 68.69 forward
16.528508 43.365881 0.000000 0.000000 0.000000 0.565268 0.824907 68.84 forward
16.454206 43.145081 0.000000 0.000000 0.000000 0.565044 0.825061 68.81 forward
16.506983 43.281525 0.000000 0.000000 0.000000 0.565056 0.825053 68.81 forward
16.559550 43.418021 0.000000 0.000000 0.000000 0.565136 0.824998 68.82 forward
16.612371 43.554652 0.000000 0.000000 0.000000 0.565146 0.824991 68.82 forward
16.665317 43.691610 0.000000 0.000000 0.000000 0.564083 0.825718 68.68 forward
16.718081 43.828566 0.000000 0.000000 0.000000 0.564131 0.825685 68.68 forward
16.626950 43.535001 0.000000 0.000000 0.000000 0.563670 0.826000 68.62 forward
16.677179 43.663536 0.000000 0.000000 0.000000 0.563677 0.825995 68.62 forward
16.727123 43.792265 0.000000 0.000000 0.000000 0.563804 0.825909 68.64 forward
16.777393 43.920986 0.000000 0.000000 0.000000 0.563811 0.825904 68.64 forward
16.827678 44.049738 0.000000 0.000000 0.000000 0.561006 0.827812 68.25 forward
16.877631 44.178567 0.000000 0.000000 0.000000 0.561125 0.827731 68.27 forward
16.728450 43.883559 0.000000 0.000000 0.000000 0.561830 0.827253 68.36 forward
16.774624 44.004002 0.000000 0.000000 0.000000 0.561838 0.827247 68.37 forward
16.820819 44.124374 0.000000 0.000000 0.000000 0.561830 0.827253 68.36 forward
16.867007 44.244858 0.000000 0.000000 0.000000 0.561838 0.827247 68.37 forward
16.913229 44.365436 0.000000 0.000000 0.000000 0.568424 0.822736 69.28 forward
16.959439 44.485872 0.000000 0.000000 0.000000 0.568419 0.822739 69.28 forward
16.819798 44.154608 0.000000 0.000000 0.000000 0.568641 0.822585 69.31 forward
16.862159 44.265888 0.000000 0.000000 0.000000 0.568651 0.822579 69.31 forward
16.904610 44.377102 0.000000 0.000000 0.000000 0.568614 0.822604 69.31 forward
16.946930 44.488273 0.000000 0.000000 0.000000 0.568624 0.822598 69.31 forward
16.989246 44.599447 0.000000 0.000000 0.000000 0.568633 0.822591 69.31 forward
17.031633 44.710507 0.000000 0.000000 0.000000 0.568601 0.822613 69.31 forward
16.903289 44.362762 0.000000 0.000000 0.000000 0.568515 0.822673 69.29 forward
16.942098 44.464446 0.000000 0.000000 0.000000 0.568524 0.822666 69.29 forward
16.980866 44.565794 0.000000 0.000000 0.000000 0.568478 0.822698 69.29 forward
17.019536 44.667097 0.000000 0.000000 0.000000 0.567229 0.823560 69.11 forward
17.058161 44.768288 0.000000 0.000000 0.000000 0.567233 0.823557 69.12 forward
17.096795 44.869295 0.000000 0.000000 0.000000 0.567194 0.823584 69.11 forward
16.941206 44.518624 0.000000 0.000000 0.000000 0.567544 0.823343 69.16 forward
16.975645 44.610157 0.000000 0.000000 0.000000 0.567545 0.823342 69.16 forward
17.010144 44.701387 0.000000 0.000000 0.000000 0.567454 0.823405 69.15 forward
17.044429 44.792492 0.000000 0.000000 0.000000 0.567452 0.823407 69.15 forward
17.078637 44.883408 0.000000 0.000000 0.000000 0.567450 0.823408 69.15 forward
17.112859 44.973968 0.000000 0.000000 0.000000 0.567385 0.823453 69.14 forward
16.989189 44.589264 0.000000 0.000000 0.000000 0.567048 0.823684 69.09 forward
17.020004 44.669840 0.000000 0.000000 0.000000 0.567047 0.823686 69.09 forward
17.050645 44.750009 0.000000 0.000000 0.000000 0.567064 0.823674 69.09 forward
17.081207 44.829938 0.000000 0.000000 0.000000 0.567065 0.823673 69.09 forward
17.111640 44.909534 0.000000 0.000000 0.000000 0.567066 0.823672 69.09 forward
17.141932 44.988747 0.000000 0.000000 0.000000 0.567061 0.823675 69.09 forward
16.999814 44.635949 0.000000 0.000000 0.000000 0.567169 0.823602 69.11 forward
17.026374 44.705855 0.000000 0.000000 0.000000 0.567169 0.823601 69.11 forward
17.052847 44.775353 0.000000 0.000000 0.000000 0.567107 0.823644 69.10 forward
17.079116 44.844480 0.000000 0.000000 0.000000 0.567101 0.823648 69.10 forward
17.105284 44.913348 0.000000 0.000000 0.000000 0.567095 0.823652 69.10 forward
17.131296 44.981606 0.000000 0.000000 0.000000 0.567027 0.823699 69.09 forward
17.020536 44.669247 0.000000 0.000000 0.000000 0.566923 0.823771 69.07 forward
17.043479 44.729131 0.000000 0.000000 0.000000 0.566911 0.823779 69.07 forward
17.066226 44.788541 0.000000 0.000000 0.000000 0.566926 0.823769 69.07 forward
17.088821 44.847524 0.000000 0.000000 0.000000 0.566919 0.823773 69.07 forward
17.111244 44.906059 0.000000 0.000000 0.000000 0.566912 0.823778 69.07 forward
17.133504 44.964119 0.000000 0.000000 0.000000 0.566888 0.823795 69.07 forward
17.044485 44.742339 0.000000 0.000000 0.000000 0.566925 0.823769 69.07 forward
17.064163 44.793941 0.000000 0.000000 0.000000 0.566916 0.823775 69.07 forward
17.083704 44.844843 0.000000 0.000000 0.000000 0.566716 0.823913 69.04 forward
17.103000 44.895373 0.000000 0.000000 0.000000 0.566680 0.823938 69.04 forward
17.122118 44.945428 0.000000 0.000000 0.000000 0.566644 0.823963 69.03 forward
17.141249 44.994905 0.000000 0.000000 0.000000 0.566272 0.824219 68.98 forward
17.073323 44.853202 0.000000 0.000000 0.000000 0.566305 0.824195 68.99 forward
17.090147 44.897915 0.000000 0.000000 0.000000 0.566219 0.824255 68.97 forward
17.106880 44.941976 0.000000 0.000000 0.000000 0.565945 0.824443 68.94 forward
17.123311 44.985575 0.000000 0.000000 0.000000 0.565843 0.824513 68.92 forward
17.139549 45.028650 0.000000 0.000000 0.000000 0.565742 0.824583 68.91 forward
17.156625 45.070774 0.000000 0.000000 0.000000 0.563773 0.825930 68.63 forward
17.141372 45.049090 0.000000 0.000000 0.000000 0.563465 0.826140 68.59 forward
17.156594 45.089210 0.000000 0.000000 0.000000 0.563104 0.826386 68.54 forward
17.171549 45.128808 0.000000 0.000000 0.000000 0.563055 0.826419 68.53 forward
17.186386 45.167881 0.000000 0.000000 0.000000 0.566526 0.824044 69.02 forward
17.201026 45.206386 0.000000 0.000000 0.000000 0.566231 0.824246 68.98 forward
17.215273 45.244383 0.000000 0.000000 0.000000 0.566385 0.824141 69.00 forward
17.281639 45.324028 0.000000 0.000000 0.000000 0.565929 0.824454 68.93 forward
17.296780 45.361738 0.000000 0.000000 0.000000 0.565707 0.824606 68.90 forward
17.311861 45.398826 0.000000 0.000000 0.000000 0.565142 0.824993 68.82 forward
17.326665 45.435462 0.000000 0.000000 0.000000 0.555308 0.831645 67.46 forward
17.341277 45.471545 0.000000 0.000000 0.000000 0.555029 0.831831 67.43 forward
17.355486 45.507175 0.000000 0.000000 0.000000 0.555234 0.831694 67.45 forward
17.438677 45.711692 0.000000 0.000000 0.000000 0.555006 0.831846 67.42 forward
17.454129 45.749634 0.000000 0.000000 0.000000 0.549613 0.835420 66.68 forward
17.469221 45.787169 0.000000 0.000000 0.000000 0.549831 0.835276 66.71 forward
17.484268 45.824091 0.000000 0.000000 0.000000 0.549670 0.835382 66.69 forward
17.499159 45.860580 0.000000 0.000000 0.000000 0.549510 0.835487 66.67 forward
17.513714 45.896509 0.000000 0.000000 0.000000 0.549565 0.835451 66.67 forward
17.642643 46.246574 0.000000 0.000000 0.000000 0.553972 0.832535 67.28 forward
17.659334 46.287952 0.000000 0.000000 0.000000 0.553834 0.832627 67.26 forward
17.675624 46.328929 0.000000 0.000000 0.000000 0.554191 0.832390 67.31 forward
17.691912 46.369370 0.000000 0.000000 0.000000 0.554117 0.832439 67.30 forward
17.708040 46.409389 0.000000 0.000000 0.000000 0.554043 0.832488 67.29 forward
17.724177 46.448885 0.000000 0.000000 0.000000 0.553487 0.832858 67.21 forward
17.893164 46.860212 0.000000 0.000000 0.000000 0.556081 0.831128 67.57 forward
17.912042 46.906449 0.000000 0.000000 0.000000 0.555915 0.831239 67.55 forward
17.930641 46.952273 0.000000 0.000000 0.000000 0.555971 0.831202 67.56 forward
17.949217 46.997720 0.000000 0.000000 0.000000 0.555828 0.831297 67.54 forward
17.967668 47.042809 0.000000 0.000000 0.000000 0.555686 0.831392 67.52 forward
17.985880 47.087478 0.000000 0.000000 0.000000 0.555664 0.831407 67.51 forward
18.215237 47.589992 0.000000 0.000000 0.000000 0.553886 0.832593 67.27 forward
18.237640 47.643127 0.000000 0.000000 0.000000 0.553753 0.832681 67.25 forward
18.259791 47.696089 0.000000 0.000000 0.000000 0.553925 0.832567 67.27 forward
18.281987 47.748692 0.000000 0.000000 0.000000 0.553824 0.832634 67.26 forward
18.304084 47.800997 0.000000 0.000000 0.000000 0.553723 0.832701 67.25 forward
18.325689 47.853062 0.000000 0.000000 0.000000 0.554098 0.832452 67.30 forward
18.552111 48.460506 0.000000 0.000000 0.000000 0.554869 0.831938 67.40 forward
18.578039 48.523224 0.000000 0.000000 0.000000 0.554810 0.831977 67.40 forward
18.603689 48.585800 0.000000 0.000000 0.000000 0.555009 0.831844 67.42 forward
18.629423 48.648078 0.000000 0.000000 0.000000 0.554970 0.831871 67.42 forward
18.655109 48.710209 0.000000 0.000000 0.000000 0.554930 0.831897 67.41 forward
18.680975 48.771993 0.000000 0.000000 0.000000 0.557190 0.830385 67.72 forward
18.945852 49.404864 0.000000 0.000000 0.000000 0.558031 0.829820 67.84 forward
18.976384 49.477999 0.000000 0.000000 0.000000 0.557903 0.829906 67.82 forward
19.006492 49.551067 0.000000 0.000000 0.000000 0.558316 0.829629 67.88 forward
19.036848 49.623890 0.000000 0.000000 0.000000 0.558264 0.829664 67.87 forward
19.067199 49.696664 0.000000 0.000000 0.000000 0.557139 0.830419 67.72 forward
19.097495 49.769241 0.000000 0.000000 0.000000 0.557008 0.830507 67.70 forward
19.347578 50.405845 0.000000 0.000000 0.000000 0.557247 0.830347 67.73 forward
19.382361 50.489735 0.000000 0.000000 0.000000 0.557172 0.830397 67.72 forward
19.416955 50.573698 0.000000 0.000000 0.000000 0.557326 0.830294 67.74 forward
19.451680 50.657470 0.000000 0.000000 0.000000 0.557276 0.830327 67.74 forward
19.486461 50.741337 0.000000 0.000000 0.000000 0.557846 0.829945 67.81 forward
19.520919 50.825346 0.000000 0.000000 0.000000 0.558131 0.829753 67.85 forward
19.760500 51.404650 0.000000 0.000000 0.000000 0.558203 0.829704 67.86 forward
19.799461 51.498641 0.000000 0.000000 0.000000 0.558193 0.829711 67.86 forward
19.838149 51.592631 0.000000 0.000000 0.000000 0.558401 0.829571 67.89 forward
19.877109 51.686719 0.000000 0.000000 0.000000 0.557646 0.830079 67.79 forward
19.916110 51.780903 0.000000 0.000000 0.000000 0.557658 0.830071 67.79 forward
19.954856 51.875231 0.000000 0.000000 0.000000 0.557885 0.829918 67.82 forward
20.181128 52.398070 0.000000 0.000000 0.000000 0.556602 0.830779 67.64 forward
20.223994 52.501141 0.000000 0.000000 0.000000 0.556636 0.830756 67.65 forward
20.266751 52.604539 0.000000 0.000000 0.000000 0.556813 0.830638 67.67 forward
20.309697 52.707915 0.000000 0.000000 0.000000 0.555707 0.831378 67.52 forward
20.352719 52.811489 0.000000 0.000000 0.000000 0.555750 0.831349 67.52 forward
20.395700 52.915263 0.000000 0.000000 0.000000 0.555814 0.831307 67.53 forward
20.574089 53.333251 0.000000 0.000000 0.000000 0.554748 0.832018 67.39 forward
20.620112 53.443819 0.000000 0.000000 0.000000 0.554784 0.831995 67.39 forward
20.665979 53.554385 0.000000 0.000000 0.000000 0.554882 0.831929 67.41 forward
20.712124 53.665311 0.000000 0.000000 0.000000 0.554603 0.832115 67.37 forward
20.758338 53.776414 0.000000 0.000000 0.000000 0.554638 0.832092 67.37 forward
20.804568 53.887631 0.000000 0.000000 0.000000 0.554647 0.832086 67.37 forward
20.903057 54.212639 0.000000 0.000000 0.000000 0.557523 0.830161 67.77 forward
20.950476 54.328761 0.000000 0.000000 0.000000 0.557549 0.830144 67.77 forward
20.998161 54.445047 0.000000 0.000000 0.000000 0.557481 0.830190 67.76 forward
21.045776 54.561612 0.000000 0.000000 0.000000 0.560167 0.828380 68.13 forward
21.093488 54.678424 0.000000 0.000000 0.000000 0.560189 0.828365 68.14 forward
21.141561 54.795344 0.000000 0.000000 0.000000 0.560064 0.828450 68.12 forward
21.223008 54.997977 0.000000 0.000000 0.000000 0.562055 0.827100 68.40 forward
21.271750 55.117312 0.000000 0.000000 0.000000 0.562067 0.827092 68.40 forward
21.319970 55.236901 0.000000 0.000000 0.000000 0.562677 0.826677 68.48 forward
21.368715 55.356769 0.000000 0.000000 0.000000 0.561397 0.827547 68.30 forward
21.417541 55.476925 0.000000 0.000000 0.000000 0.561513 0.827468 68.32 forward
21.467012 55.597137 0.000000 0.000000 0.000000 0.561274 0.827630 68.29 forward
21.493972 55.698479 0.000000 0.000000 0.000000 0.561943 0.827176 68.38 forward
21.542629 55.819019 0.000000 0.000000 0.000000 0.562022 0.827122 68.39 forward
21.591710 55.939585 0.000000 0.000000 0.000000 0.561947 0.827173 68.38 forward
21.640565 56.060633 0.000000 0.000000 0.000000 0.562366 0.826888 68.44 forward
21.689494 56.181932 0.000000 0.000000 0.000000 0.562448 0.826833 68.45 forward
21.738994 56.303216 0.000000 0.000000 0.000000 0.562142 0.827040 68.41 forward
21.756955 56.374986 0.000000 0.000000 0.000000 0.563870 0.825864 68.65 forward
21.805567 56.495981 0.000000 0.000000 0.000000 0.563899 0.825844 68.65 forward
21.854041 56.617288 0.000000 0.000000 0.000000 0.564042 0.825746 68.67 forward
21.902806 56.738808 0.000000 0.000000 0.000000 0.563795 0.825915 68.64 forward
21.951679 56.860626 0.000000 0.000000 0.000000 0.563831 0.825890 68.64 forward
22.000474 56.982594 0.000000 0.000000 0.000000 0.563877 0.825858 68.65 forward
22.051288 57.033637 0.000000 0.000000 0.000000 0.560157 0.828387 68.13 forward
22.100553 57.154688 0.000000 0.000000 0.000000 0.560185 0.828368 68.14 forward
22.149924 57.275856 0.000000 0.000000 0.000000 0.560032 0.828471 68.12 forward
22.199421 57.397339 0.000000 0.000000 0.000000 0.556723 0.830698 67.66 forward
22.249054 57.519133 0.000000 0.000000 0.000000 0.556706 0.830709 67.66 forward
22.298706 57.640930 0.000000 0.000000 0.000000 0.556589 0.830788 67.64 forward
22.326930 57.720157 0.000000 0.000000 0.000000 0.554410 0.832244 67.34 forward
22.376425 57.841678 0.000000 0.000000 0.000000 0.554367 0.832272 67.33 forward
22.426201 57.963273 0.000000 0.000000 0.000000 0.554116 0.832439 67.30 forward
22.475969 58.085198 0.000000 0.000000 0.000000 0.555605 0.831447 67.50 forward
22.525864 58.207360 0.000000 0.000000 0.000000 0.555526 0.831499 67.49 forward
22.575775 58.329543 0.000000 0.000000 0.000000 0.555451 0.831549 67.48 forward
22.619646 58.479555 0.000000 0.000000 0.000000 0.558450 0.829538 67.90 forward
22.669689 58.602905 0.000000 0.000000 0.000000 0.558370 0.829592 67.89 forward
22.719883 58.726333 0.000000 0.000000 0.000000 0.558270 0.829660 67.87 forward
22.770166 58.850125 0.000000 0.000000 0.000000 0.559756 0.828657 68.08 forward
22.820609 58.974243 0.000000 0.000000 0.000000 0.559679 0.828709 68.07 forward
22.870687 59.098651 0.000000 0.000000 0.000000 0.559958 0.828521 68.11 forward
22.965707 59.303239 0.000000 0.000000 0.000000 0.559758 0.828656 68.08 forward
23.017251 59.429504 0.000000 0.000000 0.000000 0.559735 0.828672 68.07 forward
23.068558 59.556130 0.000000 0.000000 0.000000 0.559962 0.828518 68.11 forward
23.120265 59.682968 0.000000 0.000000 0.000000 0.558463 0.829530 67.90 forward
23.172091 59.810099 0.000000 0.000000 0.000000 0.558471 0.829524 67.90 forward
23.223502 59.937560 0.000000 0.000000 0.000000 0.558795 0.829306 67.95 forward
23.315864 60.177979 0.000000 0.000000 0.000000 0.558285 0.829649 67.87 forward
23.368675 60.308202 0.000000 0.000000 0.000000 0.558334 0.829616 67.88 forward
23.421691 60.438446 0.000000 0.000000 0.000000 0.558208 0.829701 67.86 forward
23.474756 60.569213 0.000000 0.000000 0.000000 0.558724 0.829354 67.94 forward
23.527879 60.700138 0.000000 0.000000 0.000000 0.558744 0.829340 67.94 forward
23.581088 60.831297 0.000000 0.000000 0.000000 0.558756 0.829332 67.94 forward
23.669868 61.094374 0.000000 0.000000 0.000000 0.560723 0.828003 68.21 forward
23.724023 61.229007 0.000000 0.000000 0.000000 0.560741 0.827991 68.21 forward
23.778098 61.363604 0.000000 0.000000 0.000000 0.560839 0.827925 68.23 forward
23.832354 61.498612 0.000000 0.000000 0.000000 0.561757 0.827302 68.35 forward
23.886742 61.633985 0.000000 0.000000 0.000000 0.561793 0.827278 68.36 forward
23.941480 61.769412 0.000000 0.000000 0.000000 0.561647 0.827377 68.34 forward
24.066481 62.047279 0.000000 0.000000 0.000000 0.561129 0.827729 68.27 forward
24.122687 62.186254 0.000000 0.000000 0.000000 0.561142 0.827720 68.27 forward
24.179367 62.325751 0.000000 0.000000 0.000000 0.560823 0.827936 68.23 forward
24.235798 62.465105 0.000000 0.000000 0.000000 0.560804 0.827949 68.22 forward
24.292500 62.605108 0.000000 0.000000 0.000000 0.559340 0.828938 68.02 forward
24.348922 62.745323 0.000000 0.000000 0.000000 0.559512 0.828822 68.04 forward
24.450676 63.073308 0.000000 0.000000 0.000000 0.561088 0.827756 68.26 forward
24.508452 63.218116 0.000000 0.000000 0.000000 0.561093 0.827753 68.26 forward
24.566285 63.363293 0.000000 0.000000 0.000000 0.561889 0.827213 68.37 forward
24.624219 63.508642 0.000000 0.000000 0.000000 0.561917 0.827193 68.38 forward
24.682323 63.654452 0.000000 0.000000 0.000000 0.563577 0.826064 68.61 forward
24.740924 63.800428 0.000000 0.000000 0.000000 0.563386 0.826193 68.58 forward
24.838733 64.065338 0.000000 0.000000 0.000000 0.565180 0.824967 68.83 forward
24.898002 64.214457 0.000000 0.000000 0.000000 0.565182 0.824966 68.83 forward
24.957911 64.363799 0.000000 0.000000 0.000000 0.566188 0.824276 68.97 forward
25.017607 64.513743 0.000000 0.000000 0.000000 0.566164 0.824293 68.97 forward
25.077456 64.664057 0.000000 0.000000 0.000000 0.565182 0.824966 68.83 forward
25.137287 64.814782 0.000000 0.000000 0.000000 0.565325 0.824868 68.85 forward
25.263091 65.075083 0.000000 0.000000 0.000000 0.562752 0.826626 68.49 forward
25.324791 65.228743 0.000000 0.000000 0.000000 0.562761 0.826620 68.49 forward
25.386126 65.382804 0.000000 0.000000 0.000000 0.561509 0.827470 68.32 forward
25.447954 65.537135 0.000000 0.000000 0.000000 0.561560 0.827436 68.33 forward
25.509970 65.691993 0.000000 0.000000 0.000000 0.559805 0.828625 68.08 forward
25.572241 65.846719 0.000000 0.000000 0.000000 0.559696 0.828698 68.07 forward
25.674961 66.096143 0.000000 0.000000 0.000000 0.558308 0.829634 67.88 forward
25.738266 66.254012 0.000000 0.000000 0.000000 0.558338 0.829613 67.88 forward
25.801537 66.412207 0.000000 0.000000 0.000000 0.557418 0.830232 67.75 forward
25.865085 66.570850 0.000000 0.000000 0.000000 0.557461 0.830203 67.76 forward
25.928774 66.729894 0.000000 0.000000 0.000000 0.558191 0.829713 67.86 forward
25.992073 66.889406 0.000000 0.000000 0.000000 0.558536 0.829480 67.91 forward
26.075197 67.124904 0.000000 0.000000 0.000000 0.559931 0.828539 68.10 forward
26.139496 67.286783 0.000000 0.000000 0.000000 0.560020 0.828479 68.11 forward
26.204651 67.448649 0.000000 0.000000 0.000000 0.560534 0.828131 68.19 forward
26.269341 67.611262 0.000000 0.000000 0.000000 0.560578 0.828102 68.19 forward
26.334207 67.774371 0.000000 0.000000 0.000000 0.561485 0.827487 68.32 forward
26.399164 67.937794 0.000000 0.000000 0.000000 0.561654 0.827372 68.34 forward
26.507807 68.159354 0.000000 0.000000 0.000000 0.560581 0.828099 68.19 forward
26.574014 68.324801 0.000000 0.000000 0.000000 0.560661 0.828046 68.20 forward
26.640395 68.490771 0.000000 0.000000 0.000000 0.560198 0.828359 68.14 forward
26.706830 68.656996 0.000000 0.000000 0.000000 0.560283 0.828301 68.15 forward
26.773454 68.823793 0.000000 0.000000 0.000000 0.559116 0.829089 67.99 forward
26.839335 68.991205 0.000000 0.000000 0.000000 0.559537 0.828806 68.05 forward
26.889115 69.146407 0.000000 0.000000 0.000000 0.559740 0.828668 68.08 forward
26.955584 69.314364 0.000000 0.000000 0.000000 0.559856 0.828590 68.09 forward
27.022247 69.482566 0.000000 0.000000 0.000000 0.559719 0.828682 68.07 forward
27.088976 69.651294 0.000000 0.000000 0.000000 0.559810 0.828621 68.09 forward
27.155840 69.820475 0.000000 0.000000 0.000000 0.561300 0.827612 68.29 forward
27.222216 69.990449 0.000000 0.000000 0.000000 0.561714 0.827331 68.35 forward
27.303133 70.142417 0.000000 0.000000 0.000000 0.560984 0.827826 68.25 forward
27.370574 70.312359 0.000000 0.000000 0.000000 0.561116 0.827737 68.27 forward
27.438517 70.482885 0.000000 0.000000 0.000000 0.560653 0.828051 68.20 forward
27.506354 70.653707 0.000000 0.000000 0.000000 0.560715 0.828009 68.21 forward
27.574383 70.825086 0.000000 0.000000 0.000000 0.559707 0.828690 68.07 forward
27.642471 70.996854 0.000000 0.000000 0.000000 0.559626 0.828745 68.06 forward
27.660321 71.140243 0.000000 0.000000 0.000000 0.562329 0.826913 68.43 forward
27.727565 71.312328 0.000000 0.000000 0.000000 0.562346 0.826902 68.44 forward
27.795102 71.484588 0.000000 0.000000 0.000000 0.563554 0.826079 68.60 forward
27.862691 71.657488 0.000000 0.000000 0.000000 0.563560 0.826075 68.60 forward
27.930475 71.830901 0.000000 0.000000 0.000000 0.566061 0.824363 68.95 forward
27.998708 72.004563 0.000000 0.000000 0.000000 0.565898 0.824475 68.93 forward
28.021259 72.091846 0.000000 0.000000 0.000000 0.566145 0.824305 68.96 forward
28.088622 72.264783 0.000000 0.000000 0.000000 0.569107 0.822263 69.38 forward
28.155646 72.437996 0.000000 0.000000 0.000000 0.569380 0.822074 69.41 forward
28.223165 72.611691 0.000000 0.000000 0.000000 0.568657 0.822575 69.31 forward
28.290790 72.785712 0.000000 0.000000 0.000000 0.568690 0.822552 69.32 forward
28.358919 72.960043 0.000000 0.000000 0.000000 0.568125 0.822942 69.24 forward
28.418430 73.053195 0.000000 0.000000 0.000000 0.567600 0.823304 69.17 forward
28.486501 73.226659 0.000000 0.000000 0.000000 0.567623 0.823289 69.17 forward
28.554435 73.400546 0.000000 0.000000 0.000000 0.565833 0.824520 68.92 forward
28.622748 73.574838 0.000000 0.000000 0.000000 0.565869 0.824495 68.93 forward
28.691237 73.749630 0.000000 0.000000 0.000000 0.563702 0.825978 68.62 forward
28.759713 73.924681 0.000000 0.000000 0.000000 0.563736 0.825955 68.63 forward
28.759944 74.018308 0.000000 0.000000 0.000000 0.564617 0.825353 68.75 forward
28.827175 74.192599 0.000000 0.000000 0.000000 0.565456 0.824778 68.87 forward
28.894252 74.367220 0.000000 0.000000 0.000000 0.565676 0.824628 68.90 forward
28.961627 74.542246 0.000000 0.000000 0.000000 0.568008 0.823023 69.22 forward
29.029123 74.717683 0.000000 0.000000 0.000000 0.568074 0.822978 69.23 forward
29.097599 74.893177 0.000000 0.000000 0.000000 0.569439 0.822034 69.42 forward
29.107051 74.939526 0.000000 0.000000 0.000000 0.569620 0.821908 69.45 forward
29.173912 75.113442 0.000000 0.000000 0.000000 0.569610 0.821915 69.45 forward
29.240825 75.287341 0.000000 0.000000 0.000000 0.569586 0.821932 69.44 forward
29.307952 75.461938 0.000000 0.000000 0.000000 0.569086 0.822278 69.37 forward
29.375201 75.636856 0.000000 0.000000 0.000000 0.569077 0.822284 69.37 forward
29.442679 75.811824 0.000000 0.000000 0.000000 0.568673 0.822564 69.32 forward
29.449966 75.870271 0.000000 0.000000 0.000000 0.569007 0.822333 69.36 forward
29.516338 76.043903 0.000000 0.000000 0.000000 0.568991 0.822344 69.36 forward
29.583274 76.217367 0.000000 0.000000 0.000000 0.569870 0.821735 69.48 forward
29.649970 76.391515 0.000000 0.000000 0.000000 0.569826 0.821765 69.48 forward
29.716793 76.565960 0.000000 0.000000 0.000000 0.569861 0.821741 69.48 forward
29.783874 76.740684 0.000000 0.000000 0.000000 0.569811 0.821776 69.47 forward
29.799139 76.760788 0.000000 0.000000 0.000000 0.569599 0.821923 69.44 forward
29.865380 76.933041 0.000000 0.000000 0.000000 0.569230 0.822179 69.39 forward
29.931788 77.105417 0.000000 0.000000 0.000000 0.569153 0.822232 69.38 forward
29.998288 77.278237 0.000000 0.000000 0.000000 0.567702 0.823234 69.18 forward
30.064909 77.451337 0.000000 0.000000 0.000000 0.567662 0.823262 69.17 forward
30.131713 77.624628 0.000000 0.000000 0.000000 0.566613 0.823984 69.03 forward
30.143641 77.664924 0.000000 0.000000 0.000000 0.566660 0.823952 69.04 forward
30.209543 77.836289 0.000000 0.000000 0.000000 0.566620 0.823979 69.03 forward
30.275378 78.007602 0.000000 0.000000 0.000000 0.566637 0.823967 69.03 forward
30.341446 78.179413 0.000000 0.000000 0.000000 0.566720 0.823911 69.04 forward
30.407669 78.351607 0.000000 0.000000 0.000000 0.566692 0.823930 69.04 forward
30.473979 78.523888 0.000000 0.000000 0.000000 0.566772 0.823874 69.05 forward
30.527159 78.582088 0.000000 0.000000 0.000000 0.566055 0.824367 68.95 forward
30.593584 78.752556 0.000000 0.000000 0.000000 0.566035 0.824381 68.95 forward
30.659744 78.923484 0.000000 0.000000 0.000000 0.563826 0.825894 68.64 forward
30.726269 79.094378 0.000000 0.000000 0.000000 0.563820 0.825898 68.64 forward
30.792987 79.265766 0.000000 0.000000 0.000000 0.561990 0.827144 68.39 forward
30.859409 79.437353 0.000000 0.000000 0.000000 0.562078 0.827084 68.40 forward
30.899338 79.509259 0.000000 0.000000 0.000000 0.561810 0.827267 68.36 forward
30.965812 79.679277 0.000000 0.000000 0.000000 0.559284 0.828976 68.01 forward
31.032011 79.849676 0.000000 0.000000 0.000000 0.559395 0.828901 68.03 forward
31.098622 80.020160 0.000000 0.000000 0.000000 0.560043 0.828464 68.12 forward
31.165276 80.190755 0.000000 0.000000 0.000000 0.560038 0.828467 68.12 forward
31.232669 80.361310 0.000000 0.000000 0.000000 0.560023 0.828477 68.11 forward
31.237929 80.347392 0.000000 0.000000 0.000000 0.559694 0.828699 68.07 forward
31.303983 80.514938 0.000000 0.000000 0.000000 0.559593 0.828768 68.06 forward
31.371158 80.682091 0.000000 0.000000 0.000000 0.558119 0.829761 67.85 forward
31.437784 80.849908 0.000000 0.000000 0.000000 0.557890 0.829915 67.82 forward
31.504579 81.017879 0.000000 0.000000 0.000000 0.558286 0.829649 67.87 forward
31.570465 81.186390 0.000000 0.000000 0.000000 0.558575 0.829454 67.91 forward
31.574322 81.206115 0.000000 0.000000 0.000000 0.558513 0.829495 67.91 forward
31.640107 81.371762 0.000000 0.000000 0.000000 0.558812 0.829294 67.95 forward
31.705076 81.537710 0.000000 0.000000 0.000000 0.559128 0.829082 67.99 forward
31.770882 81.703589 0.000000 0.000000 0.000000 0.560258 0.828318 68.15 forward
31.836846 81.869745 0.000000 0.000000 0.000000 0.560151 0.828390 68.13 forward
31.906122 82.034643 0.000000 0.000000 0.000000 0.559297 0.828967 68.01 forward
31.884929 81.985668 0.000000 0.000000 0.000000 0.558937 0.829210 67.96 forward
31.950353 82.147553 0.000000 0.000000 0.000000 0.558506 0.829500 67.91 forward
32.025817 82.305347 0.000000 0.000000 0.000000 0.551855 0.833940 66.99 forward
32.094155 82.466282 0.000000 0.000000 0.000000 0.552214 0.833703 67.04 forward
32.163096 82.627198 0.000000 0.000000 0.000000 0.550871 0.834590 66.85 forward
32.244966 82.782790 0.000000 0.000000 0.000000 0.544835 0.838544 66.03 forward
32.244578 82.688224 0.000000 0.000000 0.000000 0.541981 0.840391 65.64 forward
32.316460 82.842403 0.000000 0.000000 0.000000 0.539806 0.841790 65.34 forward
32.390188 82.995885 0.000000 0.000000 0.000000 0.537953 0.842975 65.09 forward
32.463548 83.149552 0.000000 0.000000 0.000000 0.533189 0.845996 64.44 forward
32.537718 83.303041 0.000000 0.000000 0.000000 0.531188 0.847254 64.17 forward
32.610110 83.457380 0.000000 0.000000 0.000000 0.528900 0.848684 63.86 forward
32.576320 83.335006 0.000000 0.000000 0.000000 0.526970 0.849884 63.60 forward
32.649379 83.482670 0.000000 0.000000 0.000000 0.525341 0.850892 63.38 forward
32.724197 83.629466 0.000000 0.000000 0.000000 0.523197 0.852212 63.09 forward
32.798605 83.776580 0.000000 0.000000 0.000000 0.521867 0.853027 62.92 forward
32.873635 83.923482 0.000000 0.000000 0.000000 0.520194 0.854048 62.69 forward
32.945672 84.071897 0.000000 0.000000 0.000000 0.520833 0.853659 62.78 forward
32.851173 83.886926 0.000000 0.000000 0.000000 0.519807 0.854284 62.64 forward
32.923061 84.027226 0.000000 0.000000 0.000000 0.518537 0.855055 62.47 forward
32.992083 84.168666 0.000000 0.000000 0.000000 0.519649 0.854380 62.62 forward
33.063910 84.308787 0.000000 0.000000 0.000000 0.518725 0.854941 62.49 forward
33.136099 84.448869 0.000000 0.000000 0.000000 0.519800 0.854288 62.64 forward
33.205630 84.590185 0.000000 0.000000 0.000000 0.520685 0.853749 62.76 forward
33.118597 84.319131 0.000000 0.000000 0.000000 0.519105 0.854711 62.54 forward
33.187534 84.450758 0.000000 0.000000 0.000000 0.518415 0.855129 62.45 forward
33.253991 84.583391 0.000000 0.000000 0.000000 0.519388 0.854538 62.58 forward
33.322732 84.714819 0.000000 0.000000 0.000000 0.513993 0.857794 61.86 forward
33.391627 84.846154 0.000000 0.000000 0.000000 0.513482 0.858100 61.79 forward
33.457887 84.978698 0.000000 0.000000 0.000000 0.514511 0.857484 61.93 forward
33.359766 84.749407 0.000000 0.000000 0.000000 0.513836 0.857888 61.84 forward
33.424914 84.873365 0.000000 0.000000 0.000000 0.513484 0.858099 61.79 forward
33.488266 84.997890 0.000000 0.000000 0.000000 0.514005 0.857787 61.86 forward
33.553172 85.121409 0.000000 0.000000 0.000000 0.513094 0.858332 61.74 forward
33.618203 85.244930 0.000000 0.000000 0.000000 0.512773 0.858524 61.70 forward
33.680153 85.369694 0.000000 0.000000 0.000000 0.514264 0.857632 61.90 forward
33.611508 85.231465 0.000000 0.000000 0.000000 0.514096 0.857732 61.87 forward
33.673140 85.349417 0.000000 0.000000 0.000000 0.513965 0.857811 61.86 forward
33.734964 85.466924 0.000000 0.000000 0.000000 0.513271 0.858227 61.76 forward
33.796575 85.584201 0.000000 0.000000 0.000000 0.514467 0.857510 61.92 forward
33.858275 85.701461 0.000000 0.000000 0.000000 0.514202 0.857669 61.89 forward
33.919146 85.818822 0.000000 0.000000 0.000000 0.514371 0.857568 61.91 forward
33.918350 85.760221 0.000000 0.000000 0.000000 0.513636 0.858008 61.81 forward
33.978581 85.873230 0.000000 0.000000 0.000000 0.513404 0.858147 61.78 forward
34.037520 85.986630 0.000000 0.000000 0.000000 0.514043 0.857765 61.87 forward
34.097463 86.099300 0.000000 0.000000 0.000000 0.511434 0.859323 61.52 forward
34.157390 86.211829 0.000000 0.000000 0.000000 0.511285 0.859411 61.50 forward
34.220834 86.321825 0.000000 0.000000 0.000000 0.507546 0.861625 61.00 forward
34.256110 86.426837 0.000000 0.000000 0.000000 0.508165 0.861260 61.08 forward
34.316395 86.537953 0.000000 0.000000 0.000000 0.507411 0.861704 60.98 forward
34.387449 86.642774 0.000000 0.000000 0.000000 0.496685 0.867931 59.56 forward
34.450412 86.751556 0.000000 0.000000 0.000000 0.500173 0.865925 60.02 forward
34.514036 86.860191 0.000000 0.000000 0.000000 0.497967 0.867196 59.73 forward
34.598083 86.956390 0.000000 0.000000 0.000000 0.479217 0.877697 57.27 forward
34.708293 87.144949 0.000000 0.000000 0.000000 0.481710 0.876331 57.59 forward
34.778789 87.250366 0.000000 0.000000 0.000000 0.477193 0.878799 57.00 forward
34.871430 87.341375 0.000000 0.000000 0.000000 0.453338 0.891339 53.92 forward
34.948378 87.441653 0.000000 0.000000 0.000000 0.452519 0.891755 53.81 forward
35.026780 87.540502 0.000000 0.000000 0.000000 0.445387 0.895338 52.90 forward
35.130312 87.621020 0.000000 0.000000 0.000000 0.418791 0.908083 49.52 forward
35.256666 87.784415 0.000000 0.000000 0.000000 0.418084 0.908408 49.43 forward
35.344955 87.875938 0.000000 0.000000 0.000000 0.408443 0.912784 48.21 forward
35.453956 87.949530 0.000000 0.000000 0.000000 0.380862 0.924632 44.77 forward
35.549041 88.033330 0.000000 0.000000 0.000000 0.376961 0.926229 44.29 forward
35.646140 88.114585 0.000000 0.000000 0.000000 0.365099 0.930969 42.83 forward
35.762343 88.176515 0.000000 0.000000 0.000000 0.338621 0.940923 39.59 forward
35.924185 88.290950 0.000000 0.000000 0.000000 0.332550 0.943086 38.85 forward
36.030711 88.361011 0.000000 0.000000 0.000000 0.319042 0.947741 37.21 forward
36.143993 88.423163 0.000000 0.000000 0.000000 0.303984 0.952677 35.39 forward
36.253875 88.486566 0.000000 0.000000 0.000000 0.294203 0.955743 34.22 forward
36.365399 88.546885 0.000000 0.000000 0.000000 0.281040 0.959696 32.64 forward
36.479223 88.605429 0.000000 0.000000 0.000000 0.272274 0.962220 31.60 forward
36.613351 88.657631 0.000000 0.000000 0.000000 0.260596 0.965448 30.21 forward
36.728657 88.709596 0.000000 0.000000 0.000000 0.248517 0.968627 28.78 forward
36.842904 88.764877 0.000000 0.000000 0.000000 0.245071 0.969505 28.37 forward
36.959279 88.813104 0.000000 0.000000 0.000000 0.233655 0.972320 27.02 forward
37.076572 88.858758 0.000000 0.000000 0.000000 0.223133 0.974788 25.79 forward
37.191757 88.910275 0.000000 0.000000 0.000000 0.221592 0.975140 25.61 forward
37.330972 88.939097 0.000000 0.000000 0.000000 0.207702 0.978192 23.98 forward
37.449899 88.979036 0.000000 0.000000 0.000000 0.198614 0.980078 22.91 forward
37.565247 89.028988 0.000000 0.000000 0.000000 0.202224 0.979339 23.33 forward
37.683981 89.067497 0.000000 0.000000 0.000000 0.191054 0.981579 22.03 forward
37.803310 89.104257 0.000000 0.000000 0.000000 0.183819 0.982960 21.18 forward
37.918433 89.153098 0.000000 0.000000 0.000000 0.188581 0.982058 21.74 forward
38.091994 89.182699 0.000000 0.000000 0.000000 0.174765 0.984610 20.13 forward
38.212379 89.216708 0.000000 0.000000 0.000000 0.169133 0.985593 19.47 forward
38.329240 89.261408 0.000000 0.000000 0.000000 0.174349 0.984684 20.08 forward
38.449078 89.295128 0.000000 0.000000 0.000000 0.165098 0.986277 19.01 forward
38.569224 89.327787 0.000000 0.000000 0.000000 0.160786 0.986989 18.51 forward
38.685510 89.372688 0.000000 0.000000 0.000000 0.166543 0.986034 19.17 forward
38.918815 89.416120 0.000000 0.000000 0.000000 0.155058 0.987905 17.84 forward
39.040858 89.447501 0.000000 0.000000 0.000000 0.151866 0.988401 17.47 forward
39.159732 89.488587 0.000000 0.000000 0.000000 0.157034 0.987593 18.07 forward
39.281349 89.520261 0.000000 0.000000 0.000000 0.149621 0.988743 17.21 forward
39.402911 89.551271 0.000000 0.000000 0.000000 0.147251 0.989099 16.94 forward
39.521584 89.591845 0.000000 0.000000 0.000000 0.151758 0.988418 17.46 forward
39.798797 89.653025 0.000000 0.000000 0.000000 0.143508 0.989649 16.50 forward
39.923213 89.683619 0.000000 0.000000 0.000000 0.141760 0.989901 16.30 forward
40.046426 89.717063 0.000000 0.000000 0.000000 0.141026 0.990006 16.21 forward
40.170707 89.746760 0.000000 0.000000 0.000000 0.135939 0.990717 15.63 forward
40.295181 89.775932 0.000000 0.000000 0.000000 0.133926 0.990991 15.39 forward
40.419842 89.800432 0.000000 0.000000 0.000000 0.126399 0.991979 14.52 forward
40.758052 89.933660 0.000000 0.000000 0.000000 0.127842 0.991795 14.69 forward
40.887530 89.960654 0.000000 0.000000 0.000000 0.124689 0.992196 14.33 forward
41.018772 89.977303 0.000000 0.000000 0.000000 0.111914 0.993718 12.85 forward
41.148794 89.999887 0.000000 0.000000 0.000000 0.112682 0.993631 12.94 forward
41.279044 90.021208 0.000000 0.000000 0.000000 0.107983 0.994153 12.40 forward
41.409651 90.039474 0.000000 0.000000 0.000000 0.102364 0.994747 11.75 forward
41.729082 90.127990 0.000000 0.000000 0.000000 0.104650 0.994509 12.01 forward
41.863851 90.145825 0.000000 0.000000 0.000000 0.099864 0.995001 11.46 forward
41.997935 90.168786 0.000000 0.000000 0.000000 0.101566 0.994829 11.66 forward
42.132504 90.185739 0.000000 0.000000 0.000000 0.095611 0.995419 10.97 forward
42.267298 90.201641 0.000000 0.000000 0.000000 0.091809 0.995777 10.54 forward
42.401105 90.224839 0.000000 0.000000 0.000000 0.094765 0.995500 10.88 forward
42.661781 90.285013 0.000000 0.000000 0.000000 0.092600 0.995703 10.63 forward
42.799355 90.300327 0.000000 0.000000 0.000000 0.089725 0.995967 10.30 forward
42.936050 90.321638 0.000000 0.000000 0.000000 0.092512 0.995712 10.62 forward
43.073441 90.336843 0.000000 0.000000 0.000000 0.086342 0.996266 9.91 forward
43.210891 90.351416 0.000000 0.000000 0.000000 0.084179 0.996451 9.66 forward
43.347611 90.370574 0.000000 0.000000 0.000000 0.085170 0.996366 9.77 forward
43.595480 90.416527 0.000000 0.000000 0.000000 0.082020 0.996631 9.41 forward
43.735288 90.430460 0.000000 0.000000 0.000000 0.080130 0.996784 9.19 forward
43.875294 90.440288 0.000000 0.000000 0.000000 0.074150 0.997247 8.50 forward
44.015117 90.451836 0.000000 0.000000 0.000000 0.068431 0.997656 7.85 forward
44.155205 90.462619 0.000000 0.000000 0.000000 0.065768 0.997835 7.54 forward
44.295792 90.462137 0.000000 0.000000 0.000000 0.054377 0.998520 6.23 forward
44.487279 90.551403 0.000000 0.000000 0.000000 0.059153 0.998249 6.78 forward
44.628860 90.558752 0.000000 0.000000 0.000000 0.055139 0.998479 6.32 forward
44.771140 90.551075 0.000000 0.000000 0.000000 0.039700 0.999212 4.55 forward
44.912853 90.552789 0.000000 0.000000 0.000000 0.039325 0.999226 4.51 forward
45.054539 90.552889 0.000000 0.000000 0.000000 0.033728 0.999431 3.87 forward
45.196605 90.533790 0.000000 0.000000 0.000000 0.015870 0.999874 1.82 forward
45.353810 90.561177 0.000000 0.000000 0.000000 0.018884 0.999822 2.16 forward
45.495863 90.553217 0.000000 0.000000 0.000000 0.011693 0.999932 1.34 forward
45.637631 90.535353 0.000000 0.000000 0.000000 0.000094 1.000000 0.01 forward
45.779167 90.522103 0.000000 0.000000 0.000000 -0.008590 0.999963 -0.98 forward
45.920510 90.506705 0.000000 0.000000 0.000000 -0.016098 0.999870 -1.84 forward
46.061848 90.488308 0.000000 0.000000 0.000000 -0.021945 0.999759 -2.51 forward
46.117346 90.479293 0.000000 0.000000 0.000000 -0.029232 0.999573 -3.35 forward
46.256375 90.458910 0.000000 0.000000 0.000000 -0.036212 0.999344 -4.15 forward
46.395980 90.440563 0.000000 0.000000 0.000000 -0.037939 0.999280 -4.35 forward
46.534534 90.417854 0.000000 0.000000 0.000000 -0.048872 0.998805 -5.60 forward
46.672825 90.393460 0.000000 0.000000 0.000000 -0.054877 0.998493 -6.29 forward
46.812774 90.377420 0.000000 0.000000 0.000000 -0.051812 0.998657 -5.94 forward
46.829844 90.359079 0.000000 0.000000 0.000000 -0.062613 0.998038 -7.18 forward
46.965327 90.333421 0.000000 0.000000 0.000000 -0.067196 0.997740 -7.71 forward
47.101766 90.312690 0.000000 0.000000 0.000000 -0.066137 0.997811 -7.58 forward
47.237037 90.286089 0.000000 0.000000 0.000000 -0.074553 0.997217 -8.55 forward
47.371945 90.258476 0.000000 0.000000 0.000000 -0.078343 0.996926 -8.99 forward
47.508536 90.239329 0.000000 0.000000 0.000000 -0.074698 0.997206 -8.57 forward
47.537509 90.226848 0.000000 0.000000 0.000000 -0.082422 0.996597 -9.46 forward
47.670218 90.199210 0.000000 0.000000 0.000000 -0.085214 0.996363 -9.78 forward
47.803595 90.176497 0.000000 0.000000 0.000000 -0.083658 0.996495 -9.60 forward
47.936087 90.148522 0.000000 0.000000 0.000000 -0.088350 0.996090 -10.14 forward
48.068272 90.119960 0.000000 0.000000 0.000000 -0.090657 0.995882 -10.40 forward
48.199980 90.090752 0.000000 0.000000 0.000000 -0.094044 0.995568 -10.79 forward
48.315638 90.097081 0.000000 0.000000 0.000000 -0.093084 0.995658 -10.68 forward
48.447055 90.067187 0.000000 0.000000 0.000000 -0.095713 0.995409 -10.98 forward
48.576446 90.030257 0.000000 0.000000 0.000000 -0.104712 0.994503 -12.02 forward
48.706991 89.997234 0.000000 0.000000 0.000000 -0.104880 0.994485 -12.04 forward
48.837144 89.963288 0.000000 0.000000 0.000000 -0.108515 0.994095 -12.46 forward
48.966045 89.924862 0.000000 0.000000 0.000000 -0.115006 0.993365 -13.21 forward
49.154997 89.900143 0.000000 0.000000 0.000000 -0.113046 0.993590 -12.98 forward
49.285297 89.862580 0.000000 0.000000 0.000000 -0.117101 0.993120 -13.45 forward
49.412588 89.815196 0.000000 0.000000 0.000000 -0.129025 0.991641 -14.83 forward
49.541418 89.773449 0.000000 0.000000 0.000000 -0.132542 0.991177 -15.23 forward
49.669890 89.730329 0.000000 0.000000 0.000000 -0.137705 0.990473 -15.83 forward
49.792057 89.669189 0.000000 0.000000 0.000000 -0.156201 0.987725 -17.97 forward
49.964884 89.622651 0.000000 0.000000 0.000000 -0.157248 0.987559 -18.09 forward
50.091174 89.571501 0.000000 0.000000 0.000000 -0.164215 0.986425 -18.90 forward
50.211849 89.505582 0.000000 0.000000 0.000000 -0.181306 0.983427 -20.89 forward
50.335292 89.448429 0.000000 0.000000 0.000000 -0.187111 0.982339 -21.57 forward
50.457965 89.389153 0.000000 0.000000 0.000000 -0.195220 0.980759 -22.52 forward
50.579969 89.327699 0.000000 0.000000 0.000000 -0.200577 0.979678 -23.14 forward
50.707685 89.277667 0.000000 0.000000 0.000000 -0.205190 0.978722 -23.68 forward
50.827879 89.213708 0.000000 0.000000 0.000000 -0.212518 0.977157 -24.54 forward
50.951832 89.156049 0.000000 0.000000 0.000000 -0.209687 0.977768 -24.21 forward
51.071285 89.091264 0.000000 0.000000 0.000000 -0.217304 0.976104 -25.10 forward
51.190171 89.025011 0.000000 0.000000 0.000000 -0.222904 0.974840 -25.76 forward
51.313864 88.967065 0.000000 0.000000 0.000000 -0.219021 0.975720 -25.30 forward
51.413102 88.927633 0.000000 0.000000 0.000000 -0.222889 0.974844 -25.76 forward
51.530898 88.860850 0.000000 0.000000 0.000000 -0.227052 0.973883 -26.25 forward
51.652412 88.800511 0.000000 0.000000 0.000000 -0.223637 0.974673 -25.85 forward
51.769923 88.733722 0.000000 0.000000 0.000000 -0.229043 0.973416 -26.48 forward
51.887168 88.666100 0.000000 0.000000 0.000000 -0.232139 0.972683 -26.85 forward
52.006926 88.603441 0.000000 0.000000 0.000000 -0.230792 0.973003 -26.69 forward
52.091379 88.527572 0.000000 0.000000 0.000000 -0.238642 0.971108 -27.61 forward
52.207121 88.458918 0.000000 0.000000 0.000000 -0.241211 0.970473 -27.92 forward
52.327106 88.397579 0.000000 0.000000 0.000000 -0.236561 0.971617 -27.37 forward
52.442885 88.329582 0.000000 0.000000 0.000000 -0.244798 0.969574 -28.34 forward
52.558598 88.261086 0.000000 0.000000 0.000000 -0.246480 0.969148 -28.54 forward
52.678877 88.200977 0.000000 0.000000 0.000000 -0.241525 0.970395 -27.95 forward
52.830571 88.113430 0.000000 0.000000 0.000000 -0.248202 0.968708 -28.74 forward
52.947084 88.045085 0.000000 0.000000 0.000000 -0.249135 0.968469 -28.85 forward
53.066478 87.982232 0.000000 0.000000 0.000000 -0.245881 0.969300 -28.47 forward
53.183156 87.914480 0.000000 0.000000 0.000000 -0.248437 0.968648 -28.77 forward
53.299819 87.846552 0.000000 0.000000 0.000000 -0.249012 0.968500 -28.84 forward
53.418758 87.783353 0.000000 0.000000 0.000000 -0.246920 0.969036 -28.59 forward
53.660333 87.693996 0.000000 0.000000 0.000000 -0.243957 0.969786 -28.24 forward
53.779524 87.625819 0.000000 0.000000 0.000000 -0.244393 0.969676 -28.29 forward
53.902081 87.563726 0.000000 0.000000 0.000000 -0.239597 0.970872 -27.73 forward
54.021802 87.496662 0.000000 0.000000 0.000000 -0.238587 0.971121 -27.61 forward
54.141658 87.429580 0.000000 0.000000 0.000000 -0.238424 0.971161 -27.59 forward
54.269956 87.377472 0.000000 0.000000 0.000000 -0.225878 0.974156 -26.11 forward
54.541985 87.228817 0.000000 0.000000 0.000000 -0.226372 0.974041 -26.17 forward
54.666669 87.163567 0.000000 0.000000 0.000000 -0.224583 0.974455 -25.96 forward
54.802457 87.118396 0.000000 0.000000 0.000000 -0.204239 0.978921 -23.57 forward
54.929959 87.058995 0.000000 0.000000 0.000000 -0.208874 0.977943 -24.11 forward
55.058113 87.000678 0.000000 0.000000 0.000000 -0.204506 0.978865 -23.60 forward
55.199320 86.968545 0.000000 0.000000 0.000000 -0.182077 0.983284 -20.98 forward
55.481174 86.870011 0.000000 0.000000 0.000000 -0.182942 0.983124 -21.08 forward
55.616166 86.819905 0.000000 0.000000 0.000000 -0.176468 0.984306 -20.33 forward
55.756484 86.781756 0.000000 0.000000 0.000000 -0.164718 0.986341 -18.96 forward
55.893194 86.736512 0.000000 0.000000 0.000000 -0.162817 0.986656 -18.74 forward
56.030619 86.693072 0.000000 0.000000 0.000000 -0.156193 0.987727 -17.97 forward
56.168415 86.650551 0.000000 0.000000 0.000000 -0.154115 0.988053 -17.73 forward
56.445606 86.573157 0.000000 0.000000 0.000000 -0.150093 0.988672 -17.26 forward
56.586963 86.533214 0.000000 0.000000 0.000000 -0.144652 0.989483 -16.63 forward
56.727478 86.489062 0.000000 0.000000 0.000000 -0.146616 0.989193 -16.86 forward
56.869235 86.449899 0.000000 0.000000 0.000000 -0.143741 0.989615 -16.53 forward
57.011475 86.411848 0.000000 0.000000 0.000000 -0.139712 0.990192 -16.06 forward
57.150280 86.361224 0.000000 0.000000 0.000000 -0.147788 0.989019 -17.00 forward
57.340206 86.276285 0.000000 0.000000 0.000000 -0.148496 0.988913 -17.08 forward
57.483530 86.236452 0.000000 0.000000 0.000000 -0.146402 0.989225 -16.84 forward
57.622281 86.180817 0.000000 0.000000 0.000000 -0.158668 0.987332 -18.26 forward
57.764698 86.137928 0.000000 0.000000 0.000000 -0.158678 0.987330 -18.26 forward
57.907329 86.094968 0.000000 0.000000 0.000000 -0.158688 0.987329 -18.26 forward
58.043612 86.030910 0.000000 0.000000 0.000000 -0.173968 0.984751 -20.04 forward
58.162268 85.993811 0.000000 0.000000 0.000000 -0.173788 0.984783 -20.02 forward
58.303038 85.945879 0.000000 0.000000 0.000000 -0.175854 0.984416 -20.26 forward
58.437741 85.880119 0.000000 0.000000 0.000000 -0.190712 0.981646 -21.99 forward
58.576712 85.827403 0.000000 0.000000 0.000000 -0.187991 0.982171 -21.67 forward
58.715482 85.773596 0.000000 0.000000 0.000000 -0.191586 0.981476 -22.09 forward
58.850261 85.708816 0.000000 0.000000 0.000000 -0.200083 0.979779 -23.08 forward
58.879043 85.711020 0.000000 0.000000 0.000000 -0.196994 0.980405 -22.72 forward
59.013934 85.654184 0.000000 0.000000 0.000000 -0.200887 0.979614 -23.18 forward
59.146658 85.591448 0.000000 0.000000 0.000000 -0.206427 0.978462 -23.83 forward
59.280558 85.532104 0.000000 0.000000 0.000000 -0.205493 0.978659 -23.72 forward
59.414024 85.471723 0.000000 0.000000 0.000000 -0.209251 0.977862 -24.16 forward
59.546214 85.407655 0.000000 0.000000 0.000000 -0.212794 0.977097 -24.57 forward
59.514845 85.396496 0.000000 0.000000 0.000000 -0.216525 0.976277 -25.01 forward
59.643972 85.334421 0.000000 0.000000 0.000000 -0.219694 0.975569 -25.38 forward
59.772461 85.271236 0.000000 0.000000 0.000000 -0.221689 0.975117 -25.62 forward
59.900877 85.207851 0.000000 0.000000 0.000000 -0.224670 0.974435 -25.97 forward
60.029023 85.143624 0.000000 0.000000 0.000000 -0.228628 0.973514 -26.43 forward
60.157611 85.080615 0.000000 0.000000 0.000000 -0.228993 0.973428 -26.48 forward
60.125518 85.072516 0.000000 0.000000 0.000000 -0.231791 0.972766 -26.81 forward
60.249701 85.008228 0.000000 0.000000 0.000000 -0.234268 0.972172 -27.10 forward
60.375871 84.947978 0.000000 0.000000 0.000000 -0.232030 0.972709 -26.83 forward
60.499900 84.883754 0.000000 0.000000 0.000000 -0.234961 0.972005 -27.18 forward
60.623786 84.819035 0.000000 0.000000 0.000000 -0.236731 0.971575 -27.39 forward
60.749805 84.758417 0.000000 0.000000 0.000000 -0.234693 0.972070 -27.15 forward
60.801620 84.716877 0.000000 0.000000 0.000000 -0.239428 0.970914 -27.71 forward
60.923911 84.652484 0.000000 0.000000 0.000000 -0.240681 0.970604 -27.85 forward
61.047987 84.591863 0.000000 0.000000 0.000000 -0.238464 0.971151 -27.59 forward
61.170369 84.527737 0.000000 0.000000 0.000000 -0.238905 0.971043 -27.64 forward
61.292616 84.463419 0.000000 0.000000 0.000000 -0.239734 0.970839 -27.74 forward
61.416313 84.402247 0.000000 0.000000 0.000000 -0.238373 0.971174 -27.58 forward
61.535936 84.336518 0.000000 0.000000 0.000000 -0.239516 0.970892 -27.72 forward
61.658104 84.272133 0.000000 0.000000 0.000000 -0.240137 0.970739 -27.79 forward
61.782201 84.211857 0.000000 0.000000 0.000000 -0.237126 0.971479 -27.43 forward
61.904449 84.148204 0.000000 0.000000 0.000000 -0.236849 0.971547 -27.40 forward
62.026786 84.084451 0.000000 0.000000 0.000000 -0.237020 0.971505 -27.42 forward
62.155797 84.033617 0.000000 0.000000 0.000000 -0.226503 0.974010 -26.18 forward
62.365800 83.955669 0.000000 0.000000 0.000000 -0.223658 0.974668 -25.85 forward
62.491425 83.894692 0.000000 0.000000 0.000000 -0.222387 0.974959 -25.70 forward
62.626628 83.852887 0.000000 0.000000 0.000000 -0.204011 0.978969 -23.54 forward
62.754432 83.797196 0.000000 0.000000 0.000000 -0.202352 0.979313 -23.35 forward
62.882832 83.742366 0.000000 0.000000 0.000000 -0.198760 0.980048 -22.93 forward
63.021133 83.709405 0.000000 0.000000 0.000000 -0.180002 0.983666 -20.74 forward
63.294166 83.614337 0.000000 0.000000 0.000000 -0.176610 0.984281 -20.34 forward
63.428362 83.566329 0.000000 0.000000 0.000000 -0.171199 0.985236 -19.72 forward
63.565256 83.524969 0.000000 0.000000 0.000000 -0.164290 0.986412 -18.91 forward
63.700571 83.480185 0.000000 0.000000 0.000000 -0.162483 0.986711 -18.70 forward
63.836374 83.436814 0.000000 0.000000 0.000000 -0.157332 0.987546 -18.10 forward
63.971862 83.391770 0.000000 0.000000 0.000000 -0.157338 0.987545 -18.10 forward
64.281002 83.321312 0.000000 0.000000 0.000000 -0.151837 0.988406 -17.47 forward
64.421189 83.280309 0.000000 0.000000 0.000000 -0.147801 0.989017 -17.00 forward
64.560054 83.234998 0.000000 0.000000 0.000000 -0.149978 0.988689 -17.25 forward
64.700418 83.194410 0.000000 0.000000 0.000000 -0.146299 0.989240 -16.82 forward
64.841247 83.154605 0.000000 0.000000 0.000000 -0.143349 0.989672 -16.48 forward
64.980500 83.110157 0.000000 0.000000 0.000000 -0.145391 0.989374 -16.72 forward
65.312134 82.997652 0.000000 0.000000 0.000000 -0.143913 0.989590 -16.55 forward
65.457455 82.957458 0.000000 0.000000 0.000000 -0.141758 0.989901 -16.30 forward
65.601223 82.913535 0.000000 0.000000 0.000000 -0.143205 0.989693 -16.47 forward
65.746365 82.873469 0.000000 0.000000 0.000000 -0.141639 0.989918 -16.29 forward
65.891796 82.833826 0.000000 0.000000 0.000000 -0.142105 0.989852 -16.34 forward
66.036149 82.790160 0.000000 0.000000 0.000000 -0.143764 0.989612 -16.53 forward
66.376190 82.694512 0.000000 0.000000 0.000000 -0.143133 0.989703 -16.46 forward
66.525988 82.654323 0.000000 0.000000 0.000000 -0.141991 0.989868 -16.33 forward
66.674958 82.610901 0.000000 0.000000 0.000000 -0.143256 0.989686 -16.47 forward
66.824889 82.570595 0.000000 0.000000 0.000000 -0.142424 0.989806 -16.38 forward
66.974933 82.530540 0.000000 0.000000 0.000000 -0.140123 0.990134 -16.11 forward
67.124337 82.487124 0.000000 0.000000 0.000000 -0.141418 0.989950 -16.26 forward
67.464467 82.403193 0.000000 0.000000 0.000000 -0.138354 0.990383 -15.91 forward
67.618967 82.362506 0.000000 0.000000 0.000000 -0.137746 0.990468 -15.83 forward
67.772719 82.319156 0.000000 0.000000 0.000000 -0.136858 0.990591 -15.73 forward
67.927284 82.278307 0.000000 0.000000 0.000000 -0.136416 0.990652 -15.68 forward
68.082104 82.237551 0.000000 0.000000 0.000000 -0.134323 0.990938 -15.44 forward
68.236309 82.194220 0.000000 0.000000 0.000000 -0.135258 0.990810 -15.55 forward
68.570751 82.119015 0.000000 0.000000 0.000000 -0.132052 0.991243 -15.18 forward
68.729667 82.077739 0.000000 0.000000 0.000000 -0.131718 0.991287 -15.14 forward
68.888228 82.034493 0.000000 0.000000 0.000000 -0.130294 0.991475 -14.97 forward
69.047468 81.993053 0.000000 0.000000 0.000000 -0.130022 0.991511 -14.94 forward
69.207036 81.951637 0.000000 0.000000 0.000000 -0.128700 0.991684 -14.79 forward
69.366132 81.908307 0.000000 0.000000 0.000000 -0.129296 0.991606 -14.86 forward
69.690056 81.840057 0.000000 0.000000 0.000000 -0.126496 0.991967 -14.53 forward
69.853496 81.798249 0.000000 0.000000 0.000000 -0.126266 0.991996 -14.51 forward
70.016399 81.754034 0.000000 0.000000 0.000000 -0.125495 0.992094 -14.42 forward
70.180214 81.711846 0.000000 0.000000 0.000000 -0.125391 0.992107 -14.41 forward
70.344111 81.669691 0.000000 0.000000 0.000000 -0.124742 0.992189 -14.33 forward
70.507799 81.625483 0.000000 0.000000 0.000000 -0.125497 0.992094 -14.42 forward
70.780523 81.556797 0.000000 0.000000 0.000000 -0.124667 0.992199 -14.32 forward
70.947270 81.513891 0.000000 0.000000 0.000000 -0.124608 0.992206 -14.32 forward
71.111665 81.460792 0.000000 0.000000 0.000000 -0.129861 0.991532 -14.92 forward
71.278064 81.415378 0.000000 0.000000 0.000000 -0.130820 0.991406 -15.03 forward
71.444790 81.369546 0.000000 0.000000 0.000000 -0.131606 0.991302 -15.12 forward
71.606825 81.305356 0.000000 0.000000 0.000000 -0.143431 0.989660 -16.49 forward
71.836778 81.240595 0.000000 0.000000 0.000000 -0.143448 0.989658 -16.49 forward
72.003865 81.189205 0.000000 0.000000 0.000000 -0.145811 0.989312 -16.77 forward
72.169945 81.133661 0.000000 0.000000 0.000000 -0.147221 0.989104 -16.93 forward
72.336967 81.080414 0.000000 0.000000 0.000000 -0.149430 0.988772 -17.19 forward
72.504073 81.026334 0.000000 0.000000 0.000000 -0.151499 0.988457 -17.43 forward
72.671450 80.972288 0.000000 0.000000 0.000000 -0.151691 0.988428 -17.45 forward
72.829658 80.912626 0.000000 0.000000 0.000000 -0.154338 0.988018 -17.76 forward
72.996785 80.856952 0.000000 0.000000 0.000000 -0.156053 0.987749 -17.96 forward
73.164517 80.802576 0.000000 0.000000 0.000000 -0.155479 0.987839 -17.89 forward
73.331841 80.746516 0.000000 0.000000 0.000000 -0.156739 0.987640 -18.04 forward
73.499406 80.689919 0.000000 0.000000 0.000000 -0.158723 0.987323 -18.27 forward
73.667700 80.634654 0.000000 0.000000 0.000000 -0.158264 0.987397 -18.21 forward
73.770780 80.584405 0.000000 0.000000 0.000000 -0.159587 0.987184 -18.37 forward
73.937401 80.527207 0.000000 0.000000 0.000000 -0.162403 0.986724 -18.69 forward
74.104658 80.471012 0.000000 0.000000 0.000000 -0.162120 0.986771 -18.66 forward
74.271521 80.413537 0.000000 0.000000 0.000000 -0.163759 0.986500 -18.85 forward
74.438724 80.355680 0.000000 0.000000 0.000000 -0.164504 0.986376 -18.94 forward
74.606429 80.298732 0.000000 0.000000 0.000000 -0.165276 0.986247 -19.03 forward
74.667759 80.258747 0.000000 0.000000 0.000000 -0.166358 0.986065 -19.15 forward
74.833355 80.200598 0.000000 0.000000 0.000000 -0.166982 0.985960 -19.22 forward
74.998627 80.141195 0.000000 0.000000 0.000000 -0.170925 0.985284 -19.68 forward
75.164107 80.082292 0.000000 0.000000 0.000000 -0.171703 0.985149 -19.77 forward
75.329997 80.022963 0.000000 0.000000 0.000000 -0.172587 0.984994 -19.88 forward
75.495320 79.962245 0.000000 0.000000 0.000000 -0.174036 0.984739 -20.05 forward
75.604531 79.892513 0.000000 0.000000 0.000000 -0.178551 0.983931 -20.57 forward
75.769390 79.831644 0.000000 0.000000 0.000000 -0.179418 0.983773 -20.67 forward
75.934591 79.772200 0.000000 0.000000 0.000000 -0.181617 0.983369 -20.93 forward
76.099538 79.711142 0.000000 0.000000 0.000000 -0.182310 0.983241 -21.01 forward
76.264816 79.649709 0.000000 0.000000 0.000000 -0.182900 0.983132 -21.08 forward
76.430698 79.590355 0.000000 0.000000 0.000000 -0.182196 0.983262 -21.00 forward
76.575501 79.554530 0.000000 0.000000 0.000000 -0.180939 0.983494 -20.85 forward
76.740896 79.493421 0.000000 0.000000 0.000000 -0.181452 0.983400 -20.91 forward
76.906298 79.432595 0.000000 0.000000 0.000000 -0.180877 0.983506 -20.84 forward
77.071915 79.371066 0.000000 0.000000 0.000000 -0.181411 0.983407 -20.90 forward
77.237493 79.309362 0.000000 0.000000 0.000000 -0.178383 0.983961 -20.55 forward
77.399374 79.236894 0.000000 0.000000 0.000000 -0.186156 0.982520 -21.46 forward
77.572905 79.174214 0.000000 0.000000 0.000000 -0.183505 0.983019 -21.15 forward
77.738096 79.108889 0.000000 0.000000 0.000000 -0.185132 0.982714 -21.34 forward
77.895389 79.023012 0.000000 0.000000 0.000000 -0.195973 0.980609 -22.60 forward
78.058259 78.951599 0.000000 0.000000 0.000000 -0.199653 0.979867 -23.03 forward
78.220758 78.878902 0.000000 0.000000 0.000000 -0.200989 0.979593 -23.19 forward
78.376956 78.790375 0.000000 0.000000 0.000000 -0.212494 0.977162 -24.54 forward
78.575091 78.717846 0.000000 0.000000 0.000000 -0.212625 0.977134 -24.55 forward
78.735840 78.638602 0.000000 0.000000 0.000000 -0.217174 0.976133 -25.09 forward
78.897490 78.560132 0.000000 0.000000 0.000000 -0.215844 0.976428 -24.93 forward
79.057927 78.478983 0.000000 0.000000 0.000000 -0.219630 0.975583 -25.37 forward
79.217887 78.396528 0.000000 0.000000 0.000000 -0.223123 0.974790 -25.79 forward
79.381152 78.320339 0.000000 0.000000 0.000000 -0.220770 0.975326 -25.51 forward
79.564922 78.192819 0.000000 0.000000 0.000000 -0.226443 0.974024 -26.18 forward
79.725218 78.107626 0.000000 0.000000 0.000000 -0.229213 0.973376 -26.50 forward
79.888266 78.028113 0.000000 0.000000 0.000000 -0.228250 0.973603 -26.39 forward
80.048675 77.942765 0.000000 0.000000 0.000000 -0.230271 0.973127 -26.63 forward
80.209107 77.856562 0.000000 0.000000 0.000000 -0.235084 0.971975 -27.19 forward
80.372479 77.776327 0.000000 0.000000 0.000000 -0.232944 0.972490 -26.94 forward
80.545580 77.670191 0.000000 0.000000 0.000000 -0.238270 0.971199 -27.57 forward
80.706484 77.582819 0.000000 0.000000 0.000000 -0.239743 0.970836 -27.74 forward
80.869970 77.500172 0.000000 0.000000 0.000000 -0.241192 0.970477 -27.91 forward
81.031054 77.412922 0.000000 0.000000 0.000000 -0.242263 0.970211 -28.04 forward
81.192443 77.325059 0.000000 0.000000 0.000000 -0.243098 0.970002 -28.14 forward
81.356236 77.242144 0.000000 0.000000 0.000000 -0.241376 0.970432 -27.94 forward
81.561109 77.110708 0.000000 0.000000 0.000000 -0.244541 0.969639 -28.31 forward
81.723688 77.021493 0.000000 0.000000 0.000000 -0.245322 0.969442 -28.40 forward
81.889582 76.937922 0.000000 0.000000 0.000000 -0.244481 0.969654 -28.30 forward
82.052957 76.849299 0.000000 0.000000 0.000000 -0.244799 0.969574 -28.34 forward
82.216405 76.760507 0.000000 0.000000 0.000000 -0.245614 0.969368 -28.44 forward
82.390254 76.690228 0.000000 0.000000 0.000000 -0.234222 0.972183 -27.09 forward
82.577059 76.587419 0.000000 0.000000 0.000000 -0.236025 0.971747 -27.30 forward
82.743911 76.502134 0.000000 0.000000 0.000000 -0.234763 0.972053 -27.16 forward
82.918448 76.431420 0.000000 0.000000 0.000000 -0.228587 0.973523 -26.43 forward
83.087340 76.349857 0.000000 0.000000 0.000000 -0.226368 0.974042 -26.17 forward
83.257029 76.268869 0.000000 0.000000 0.000000 -0.224753 0.974416 -25.98 forward
83.429399 76.193153 0.000000 0.000000 0.000000 -0.221708 0.975113 -25.62 forward
83.635151 76.113555 0.000000 0.000000 0.000000 -0.218234 0.975897 -25.21 forward
83.807343 76.034882 0.000000 0.000000 0.000000 -0.216194 0.976350 -24.97 forward
83.980490 75.958084 0.000000 0.000000 0.000000 -0.214611 0.976700 -24.79 forward
84.153433 75.880410 0.000000 0.000000 0.000000 -0.212904 0.977073 -24.59 forward
84.327094 75.803150 0.000000 0.000000 0.000000 -0.209753 0.977754 -24.22 forward
84.500902 75.726353 0.000000 0.000000 0.000000 -0.209349 0.977841 -24.17 forward
84.676567 75.649687 0.000000 0.000000 0.000000 -0.207389 0.978259 -23.94 forward
84.851293 75.573379 0.000000 0.000000 0.000000 -0.206038 0.978544 -23.78 forward
85.026046 75.496767 0.000000 0.000000 0.000000 -0.205450 0.978668 -23.71 forward
85.201309 75.420766 0.000000 0.000000 0.000000 -0.204404 0.978887 -23.59 forward
85.377179 75.344956 0.000000 0.000000 0.000000 -0.204019 0.978967 -23.54 forward
85.552480 75.268149 0.000000 0.000000 0.000000 -0.204395 0.978888 -23.59 forward
85.623058 75.229220 0.000000 0.000000 0.000000 -0.203912 0.978989 -23.53 forward
85.797447 75.154305 0.000000 0.000000 0.000000 -0.204091 0.978952 -23.55 forward
85.971495 75.078526 0.000000 0.000000 0.000000 -0.204440 0.978879 -23.59 forward
86.146114 75.003667 0.000000 0.000000 0.000000 -0.204400 0.978887 -23.59 forward
86.321104 74.928891 0.000000 0.000000 0.000000 -0.203841 0.979004 -23.52 forward
86.495797 74.853149 0.000000 0.000000 0.000000 -0.204386 0.978890 -23.59 forward
86.486209 74.841668 0.000000 0.000000 0.000000 -0.204444 0.978878 -23.59 forward
86.658209 74.767889 0.000000 0.000000 0.000000 -0.204034 0.978964 -23.55 forward
86.829721 74.693607 0.000000 0.000000 0.000000 -0.205940 0.978565 -23.77 forward
87.001874 74.619818 0.000000 0.000000 0.000000 -0.205645 0.978627 -23.73 forward
87.174442 74.545976 0.000000 0.000000 0.000000 -0.205696 0.978616 -23.74 forward
87.346564 74.471664 0.000000 0.000000 0.000000 -0.205879 0.978577 -23.76 forward
87.276436 74.533898 0.000000 0.000000 0.000000 -0.204837 0.978796 -23.64 forward
87.444433 74.462928 0.000000 0.000000 0.000000 -0.204617 0.978842 -23.61 forward
87.612125 74.391176 0.000000 0.000000 0.000000 -0.204904 0.978782 -23.65 forward
87.780414 74.320073 0.000000 0.000000 0.000000 -0.200437 0.979707 -23.12 forward
87.948851 74.248983 0.000000 0.000000 0.000000 -0.200271 0.979741 -23.11 forward
88.117088 74.177046 0.000000 0.000000 0.000000 -0.197264 0.980350 -22.75 forward
87.928815 74.221806 0.000000 0.000000 0.000000 -0.198107 0.980180 -22.85 forward
88.090207 74.152626 0.000000 0.000000 0.000000 -0.197982 0.980206 -22.84 forward
88.251489 74.083272 0.000000 0.000000 0.000000 -0.198042 0.980194 -22.84 forward
88.412998 74.014068 0.000000 0.000000 0.000000 -0.202419 0.979299 -23.36 forward
88.574626 73.944853 0.000000 0.000000 0.000000 -0.202323 0.979319 -23.35 forward
88.736074 73.875547 0.000000 0.000000 0.000000 -0.205663 0.978623 -23.74 forward
88.503198 73.968071 0.000000 0.000000 0.000000 -0.205784 0.978598 -23.75 forward
88.656660 73.902108 0.000000 0.000000 0.000000 -0.205703 0.978615 -23.74 forward
88.810455 73.835900 0.000000 0.000000 0.000000 -0.205727 0.978609 -23.74 forward
88.964064 73.769892 0.000000 0.000000 0.000000 -0.205663 0.978623 -23.74 forward
89.117770 73.703867 0.000000 0.000000 0.000000 -0.205248 0.978710 -23.69 forward
89.271423 73.637717 0.000000 0.000000 0.000000 -0.205292 0.978701 -23.69 forward
88.972779 73.807921 0.000000 0.000000 0.000000 -0.204229 0.978923 -23.57 forward
89.117399 73.746822 0.000000 0.000000 0.000000 -0.204181 0.978933 -23.56 forward
89.261460 73.685400 0.000000 0.000000 0.000000 -0.204389 0.978890 -23.59 forward
89.405673 73.624438 0.000000 0.000000 0.000000 -0.204354 0.978897 -23.58 forward
89.549904 73.563487 0.000000 0.000000 0.000000 -0.197092 0.980385 -22.73 forward
89.693706 73.502155 0.000000 0.000000 0.000000 -0.197283 0.980347 -22.76 forward
89.319070 73.663499 0.000000 0.000000 0.000000 -0.197252 0.980353 -22.75 forward
89.452378 73.607100 0.000000 0.000000 0.000000 -0.197228 0.980358 -22.75 forward
89.585429 73.550466 0.000000 0.000000 0.000000 -0.197355 0.980332 -22.76 forward
89.718411 73.494191 0.000000 0.000000 0.000000 -0.197336 0.980336 -22.76 forward
89.851121 73.438043 0.000000 0.000000 0.000000 -0.197478 0.980307 -22.78 forward
89.983584 73.381604 0.000000 0.000000 0.000000 -0.197631 0.980276 -22.80 forward
89.603081 73.539088 0.000000 0.000000 0.000000 -0.197732 0.980256 -22.81 forward
89.724769 73.487413 0.000000 0.000000 0.000000 -0.197722 0.980258 -22.81 forward
89.846240 73.435545 0.000000 0.000000 0.000000 -0.197876 0.980227 -22.83 forward
89.967377 73.384076 0.000000 0.000000 0.000000 -0.197878 0.980227 -22.83 forward
90.088303 73.332700 0.000000 0.000000 0.000000 -0.197881 0.980226 -22.83 forward
90.208954 73.281208 0.000000 0.000000 0.000000 -0.199319 0.979935 -22.99 forward
89.800364 73.423483 0.000000 0.000000 0.000000 -0.199992 0.979797 -23.07 forward
89.909846 73.376117 0.000000 0.000000 0.000000 -0.200001 0.979796 -23.07 forward
90.018621 73.329113 0.000000 0.000000 0.000000 -0.199994 0.979797 -23.07 forward
90.127218 73.282123 0.000000 0.000000 0.000000 -0.200007 0.979795 -23.07 forward
90.235601 73.235220 0.000000 0.000000 0.000000 -0.200019 0.979792 -23.08 forward
90.343378 73.188624 0.000000 0.000000 0.000000 -0.200021 0.979792 -23.08 forward
89.964630 73.372942 0.000000 0.000000 0.000000 -0.199621 0.979873 -23.03 forward
90.062013 73.331263 0.000000 0.000000 0.000000 -0.199637 0.979870 -23.03 forward
90.158839 73.289761 0.000000 0.000000 0.000000 -0.199676 0.979862 -23.04 forward
90.255155 73.248534 0.000000 0.000000 0.000000 -0.199689 0.979859 -23.04 forward
90.351169 73.207436 0.000000 0.000000 0.000000 -0.199702 0.979857 -23.04 forward
90.446670 73.166522 0.000000 0.000000 0.000000 -0.199718 0.979853 -23.04 forward
90.069996 73.316341 0.000000 0.000000 0.000000 -0.199938 0.979809 -23.07 forward
90.155080 73.279627 0.000000 0.000000 0.000000 -0.199947 0.979807 -23.07 forward
90.239581 73.243245 0.000000 0.000000 0.000000 -0.199867 0.979823 -23.06 forward
90.323504 73.207046 0.000000 0.000000 0.000000 -0.199863 0.979824 -23.06 forward
90.406996 73.171033 0.000000 0.000000 0.000000 -0.199860 0.979825 -23.06 forward
90.489921 73.135362 0.000000 0.000000 0.000000 -0.199764 0.979844 -23.05 forward
90.127753 73.304668 0.000000 0.000000 0.000000 -0.199545 0.979889 -23.02 forward
90.200680 73.273531 0.000000 0.000000 0.000000 -0.199529 0.979892 -23.02 forward
90.272935 73.242637 0.000000 0.000000 0.000000 -0.199558 0.979886 -23.02 forward
90.344555 73.212063 0.000000 0.000000 0.000000 -0.199545 0.979889 -23.02 forward
90.415675 73.181709 0.000000 0.000000 0.000000 -0.199532 0.979891 -23.02 forward
90.486164 73.151590 0.000000 0.000000 0.000000 -0.199551 0.979888 -23.02 forward
90.152960 73.277588 0.000000 0.000000 0.000000 -0.199772 0.979842 -23.05 forward
90.214029 73.251146 0.000000 0.000000 0.000000 -0.199761 0.979845 -23.05 forward
90.274430 73.224991 0.000000 0.000000 0.000000 -0.199768 0.979843 -23.05 forward
90.334137 73.199133 0.000000 0.000000 0.000000 -0.199762 0.979844 -23.05 forward
90.393219 73.173545 0.000000 0.000000 0.000000 -0.199757 0.979846 -23.05 forward
90.451611 73.148230 0.000000 0.000000 0.000000 -0.199791 0.979839 -23.05 forward
90.152940 73.286178 0.000000 0.000000 0.000000 -0.199689 0.979859 -23.04 forward
90.202742 73.264792 0.000000 0.000000 0.000000 -0.199691 0.979859 -23.04 forward
90.251825 73.243731 0.000000 0.000000 0.000000 -0.199650 0.979867 -23.03 forward
90.300203 73.222967 0.000000 0.000000 0.000000 -0.199642 0.979869 -23.03 forward
90.347852 73.202518 0.000000 0.000000 0.000000 -0.199634 0.979871 -23.03 forward
90.394715 73.182282 0.000000 0.000000 0.000000 -0.199822 0.979832 -23.05 forward
90.177193 73.278116 0.000000 0.000000 0.000000 -0.199823 0.979832 -23.05 forward
90.217292 73.260944 0.000000 0.000000 0.000000 -0.199841 0.979828 -23.06 forward
90.256554 73.244041 0.000000 0.000000 0.000000 -0.200061 0.979783 -23.08 forward
90.295097 73.227516 0.000000 0.000000 0.000000 -0.200112 0.979773 -23.09 forward
90.332861 73.211324 0.000000 0.000000 0.000000 -0.200163 0.979763 -23.09 forward
90.369983 73.195747 0.000000 0.000000 0.000000 -0.199480 0.979902 -23.01 forward
90.264797 73.259568 0.000000 0.000000 0.000000 -0.199272 0.979944 -22.99 forward
90.297406 73.246083 0.000000 0.000000 0.000000 -0.199205 0.979958 -22.98 forward
90.329185 73.232868 0.000000 0.000000 0.000000 -0.199301 0.979938 -22.99 forward
90.360194 73.220079 0.000000 0.000000 0.000000 -0.199241 0.979951 -22.99 forward
90.390416 73.207637 0.000000 0.000000 0.000000 -0.199180 0.979963 -22.98 forward
90.419734 73.195380 0.000000 0.000000 0.000000 -0.199588 0.979880 -23.03 forward
90.413990 73.180120 0.000000 0.000000 0.000000 -0.199696 0.979858 -23.04 forward
90.441095 73.168596 0.000000 0.000000 0.000000 -0.199695 0.979858 -23.04 forward
90.467060 73.156658 0.000000 0.000000 0.000000 -0.202357 0.979312 -23.35 forward
90.492491 73.145668 0.000000 0.000000 0.000000 -0.202748 0.979231 -23.40 forward
90.517112 73.135009 0.000000 0.000000 0.000000 -0.203140 0.979150 -23.44 forward
90.541271 73.125549 0.000000 0.000000 0.000000 -0.200420 0.979710 -23.12 forward
90.694313 73.058554 0.000000 0.000000 0.000000 -0.207206 0.978297 -23.92 forward
90.719250 73.047925 0.000000 0.000000 0.000000 -0.207085 0.978323 -23.90 forward
90.743974 73.038992 0.000000 0.000000 0.000000 -0.201664 0.979455 -23.27 forward
90.767443 73.029361 0.000000 0.000000 0.000000 -0.200744 0.979644 -23.16 forward
90.790173 73.020090 0.000000 0.000000 0.000000 -0.199823 0.979832 -23.05 forward
90.812379 73.011792 0.000000 0.000000 0.000000 -0.197017 0.980400 -22.73 forward
91.131432 72.859428 0.000000 0.000000 0.000000 -0.199908 0.979815 -23.06 forward
91.158003 72.848515 0.000000 0.000000 0.000000 -0.198799 0.980040 -22.93 forward
91.183761 72.837740 0.000000 0.000000 0.000000 -0.198826 0.980035 -22.94 forward
91.208865 72.827463 0.000000 0.000000 0.000000 -0.197959 0.980210 -22.84 forward
91.233269 72.817516 0.000000 0.000000 0.000000 -0.197092 0.980385 -22.73 forward
91.256809 72.807620 0.000000 0.000000 0.000000 -0.197458 0.980311 -22.78 forward
91.735450 72.644222 0.000000 0.000000 0.000000 -0.194128 0.980976 -22.39 forward
91.767001 72.632317 0.000000 0.000000 0.000000 -0.193484 0.981103 -22.31 forward
91.797847 72.620530 0.000000 0.000000 0.000000 -0.193600 0.981081 -22.33 forward
91.828074 72.609190 0.000000 0.000000 0.000000 -0.193088 0.981181 -22.27 forward
91.857680 72.598136 0.000000 0.000000 0.000000 -0.192576 0.981282 -22.21 forward
91.886584 72.587078 0.000000 0.000000 0.000000 -0.193013 0.981196 -22.26 forward
92.448032 72.361633 0.000000 0.000000 0.000000 -0.188530 0.982067 -21.73 forward
92.486632 72.347232 0.000000 0.000000 0.000000 -0.188163 0.982138 -21.69 forward
92.524520 72.332856 0.000000 0.000000 0.000000 -0.188603 0.982053 -21.74 forward
92.561958 72.318914 0.000000 0.000000 0.000000 -0.188350 0.982102 -21.71 forward
92.598854 72.305214 0.000000 0.000000 0.000000 -0.188097 0.982151 -21.68 forward
92.635067 72.291573 0.000000 0.000000 0.000000 -0.188369 0.982098 -21.72 forward
93.210676 72.065120 0.000000 0.000000 0.000000 -0.187676 0.982231 -21.63 forward
93.256893 72.047976 0.000000 0.000000 0.000000 -0.187486 0.982267 -21.61 forward
93.302544 72.030791 0.000000 0.000000 0.000000 -0.187928 0.982183 -21.66 forward
93.347827 72.014002 0.000000 0.000000 0.000000 -0.187814 0.982205 -21.65 forward
93.392647 71.997414 0.000000 0.000000 0.000000 -0.187700 0.982226 -21.64 forward
93.436908 71.980800 0.000000 0.000000 0.000000 -0.188045 0.982160 -21.68 forward
93.976583 71.752048 0.000000 0.000000 0.000000 -0.188564 0.982061 -21.74 forward
94.030120 71.731798 0.000000 0.000000 0.000000 -0.188498 0.982074 -21.73 forward
94.083151 71.711508 0.000000 0.000000 0.000000 -0.188910 0.981994 -21.78 forward
94.135885 71.691541 0.000000 0.000000 0.000000 -0.188905 0.981995 -21.78 forward
94.188236 71.671732 0.000000 0.000000 0.000000 -0.188899 0.981997 -21.78 forward
94.240243 71.652318 0.000000 0.000000 0.000000 -0.188392 0.982094 -21.72 forward
94.739229 71.473811 0.000000 0.000000 0.000000 -0.186990 0.982362 -21.55 forward
94.799599 71.451408 0.000000 0.000000 0.000000 -0.186904 0.982378 -21.54 forward
94.859700 71.429418 0.000000 0.000000 0.000000 -0.186336 0.982486 -21.48 forward
94.919466 71.407361 0.000000 0.000000 0.000000 -0.186187 0.982514 -21.46 forward
94.978927 71.385452 0.000000 0.000000 0.000000 -0.186039 0.982542 -21.44 forward
95.038625 71.365302 0.000000 0.000000 0.000000 -0.179946 0.983677 -20.73 forward
95.539030 71.184432 0.000000 0.000000 0.000000 -0.177292 0.984158 -20.42 forward
95.606766 71.160293 0.000000 0.000000 0.000000 -0.176718 0.984262 -20.36 forward
95.674245 71.136237 0.000000 0.000000 0.000000 -0.176489 0.984303 -20.33 forward
95.741532 71.112415 0.000000 0.000000 0.000000 -0.175985 0.984393 -20.27 forward
95.808672 71.088740 0.000000 0.000000 0.000000 -0.175480 0.984483 -20.21 forward
95.875463 71.065165 0.000000 0.000000 0.000000 -0.174035 0.984739 -20.05 forward
96.446519 70.846362 0.000000 0.000000 0.000000 -0.174157 0.984718 -20.06 forward
96.523328 70.819355 0.000000 0.000000 0.000000 -0.173688 0.984801 -20.00 forward
96.599897 70.792346 0.000000 0.000000 0.000000 -0.173569 0.984822 -19.99 forward
96.676372 70.765590 0.000000 0.000000 0.000000 -0.173157 0.984894 -19.94 forward
96.752787 70.738943 0.000000 0.000000 0.000000 -0.173498 0.984834 -19.98 forward
96.828840 70.712071 0.000000 0.000000 0.000000 -0.173696 0.984799 -20.01 forward
97.443115 70.467581 0.000000 0.000000 0.000000 -0.175679 0.984447 -20.24 forward
97.530164 70.436904 0.000000 0.000000 0.000000 -0.175356 0.984505 -20.20 forward
97.616839 70.406052 0.000000 0.000000 0.000000 -0.175610 0.984460 -20.23 forward
97.703743 70.375463 0.000000 0.000000 0.000000 -0.175377 0.984501 -20.20 forward
97.790587 70.344954 0.000000 0.000000 0.000000 -0.176044 0.984382 -20.28 forward
97.877151 70.313965 0.000000 0.000000 0.000000 -0.176572 0.984288 -20.34 forward
98.470616 70.097557 0.000000 0.000000 0.000000 -0.176776 0.984251 -20.36 forward
98.567570 70.063474 0.000000 0.000000 0.000000 -0.176652 0.984273 -20.35 forward
98.664629 70.029572 0.000000 0.000000 0.000000 -0.176248 0.984346 -20.30 forward
98.761740 69.995578 0.000000 0.000000 0.000000 -0.174558 0.984647 -20.11 forward
98.858959 69.961597 0.000000 0.000000 0.000000 -0.174382 0.984678 -20.09 forward
98.956129 69.927874 0.000000 0.000000 0.000000 -0.174053 0.984736 -20.05 forward
99.562304 69.693624 0.000000 0.000000 0.000000 -0.174450 0.984666 -20.09 forward
99.670005 69.655797 0.000000 0.000000 0.000000 -0.174257 0.984700 -20.07 forward
99.775599 69.611532 0.000000 0.000000 0.000000 -0.181804 0.983335 -20.95 forward
99.882820 69.572068 0.000000 0.000000 0.000000 -0.181052 0.983473 -20.86 forward
99.990239 69.532316 0.000000 0.000000 0.000000 -0.181963 0.983305 -20.97 forward
100.097335 69.491862 0.000000 0.000000 0.000000 -0.182827 0.983145 -21.07 forward
100.659241 69.293154 0.000000 0.000000 0.000000 -0.181400 0.983409 -20.90 forward
100.775980 69.249458 0.000000 0.000000 0.000000 -0.182224 0.983257 -21.00 forward
100.893057 69.206152 0.000000 0.000000 0.000000 -0.181912 0.983315 -20.96 forward
101.010181 69.162210 0.000000 0.000000 0.000000 -0.180255 0.983620 -20.77 forward
101.127471 69.118052 0.000000 0.000000 0.000000 -0.180860 0.983509 -20.84 forward
101.245062 69.074416 0.000000 0.000000 0.000000 -0.180540 0.983568 -20.80 forward
101.802064 68.865233 0.000000 0.000000 0.000000 -0.179395 0.983777 -20.67 forward
101.928657 68.817304 0.000000 0.000000 0.000000 -0.179836 0.983697 -20.72 forward
102.055916 68.769772 0.000000 0.000000 0.000000 -0.179502 0.983758 -20.68 forward
102.183033 68.721639 0.000000 0.000000 0.000000 -0.179411 0.983774 -20.67 forward
102.310539 68.673273 0.000000 0.000000 0.000000 -0.179732 0.983716 -20.71 forward
102.438455 68.625473 0.000000 0.000000 0.000000 -0.179418 0.983773 -20.67 forward
102.979402 68.413750 0.000000 0.000000 0.000000 -0.180083 0.983651 -20.75 forward
103.116110 68.361587 0.000000 0.000000 0.000000 -0.180315 0.983609 -20.78 forward
103.253148 68.309987 0.000000 0.000000 0.000000 -0.180006 0.983666 -20.74 forward
103.390487 68.257624 0.000000 0.000000 0.000000 -0.180620 0.983553 -20.81 forward
103.528264 68.205051 0.000000 0.000000 0.000000 -0.180788 0.983522 -20.83 forward
103.666350 68.153050 0.000000 0.000000 0.000000 -0.180533 0.983569 -20.80 forward
104.182653 67.944683 0.000000 0.000000 0.000000 -0.181955 0.983307 -20.97 forward
104.328888 67.888523 0.000000 0.000000 0.000000 -0.182079 0.983284 -20.98 forward
104.475749 67.832840 0.000000 0.000000 0.000000 -0.182587 0.983190 -21.04 forward
104.622792 67.776438 0.000000 0.000000 0.000000 -0.182674 0.983173 -21.05 forward
104.770362 67.719812 0.000000 0.000000 0.000000 -0.183129 0.983089 -21.10 forward
104.918507 67.663652 0.000000 0.000000 0.000000 -0.182902 0.983131 -21.08 forward
105.403650 67.463075 0.000000 0.000000 0.000000 -0.184416 0.982848 -21.25 forward
105.559289 67.402957 0.000000 0.000000 0.000000 -0.184482 0.982836 -21.26 forward
105.715527 67.343312 0.000000 0.000000 0.000000 -0.185077 0.982724 -21.33 forward
105.872069 67.282919 0.000000 0.000000 0.000000 -0.185127 0.982715 -21.34 forward
106.029178 67.222294 0.000000 0.000000 0.000000 -0.185316 0.982679 -21.36 forward
106.186831 67.162211 0.000000 0.000000 0.000000 -0.185073 0.982725 -21.33 forward
106.598708 66.966646 0.000000 0.000000 0.000000 -0.188268 0.982118 -21.70 forward
106.762250 66.902584 0.000000 0.000000 0.000000 -0.188303 0.982111 -21.71 forward
106.926447 66.839297 0.000000 0.000000 0.000000 -0.189632 0.981855 -21.86 forward
107.090952 66.774972 0.000000 0.000000 0.000000 -0.189657 0.981850 -21.87 forward
107.256034 66.710416 0.000000 0.000000 0.000000 -0.190543 0.981679 -21.97 forward
107.421851 66.646579 0.000000 0.000000 0.000000 -0.190252 0.981735 -21.93 forward
107.805433 66.466063 0.000000 0.000000 0.000000 -0.193378 0.981124 -22.30 forward
107.976419 66.398421 0.000000 0.000000 0.000000 -0.193398 0.981120 -22.30 forward
108.148261 66.331638 0.000000 0.000000 0.000000 -0.194789 0.980845 -22.46 forward
108.320288 66.263717 0.000000 0.000000 0.000000 -0.194803 0.980842 -22.47 forward
108.493048 66.195501 0.000000 0.000000 0.000000 -0.194184 0.980965 -22.39 forward
108.669616 66.136444 0.000000 0.000000 0.000000 -0.188374 0.982097 -21.72 forward
108.981478 66.017265 0.000000 0.000000 0.000000 -0.188119 0.982146 -21.69 forward
109.159369 65.949835 0.000000 0.000000 0.000000 -0.187329 0.982297 -21.59 forward
109.338086 65.882539 0.000000 0.000000 0.000000 -0.187512 0.982262 -21.62 forward
109.517394 65.814980 0.000000 0.000000 0.000000 -0.186876 0.982384 -21.54 forward
109.697224 65.747490 0.000000 0.000000 0.000000 -0.184319 0.982866 -21.24 forward
109.877466 65.679412 0.000000 0.000000 0.000000 -0.184486 0.982835 -21.26 forward
110.203378 65.568535 0.000000 0.000000 0.000000 -0.181326 0.983423 -20.89 forward
110.388204 65.499901 0.000000 0.000000 0.000000 -0.180858 0.983509 -20.84 forward
110.573168 65.430410 0.000000 0.000000 0.000000 -0.179817 0.983700 -20.72 forward
110.759206 65.361380 0.000000 0.000000 0.000000 -0.179484 0.983761 -20.68 forward
110.945816 65.292282 0.000000 0.000000 0.000000 -0.178035 0.984024 -20.51 forward
111.132736 65.222408 0.000000 0.000000 0.000000 -0.178198 0.983995 -20.53 forward
111.385108 65.105259 0.000000 0.000000 0.000000 -0.179229 0.983807 -20.65 forward
111.574741 65.034562 0.000000 0.000000 0.000000 -0.178974 0.983854 -20.62 forward
111.765039 64.963318 0.000000 0.000000 0.000000 -0.179444 0.983768 -20.67 forward
111.955913 64.892216 0.000000 0.000000 0.000000 -0.179256 0.983803 -20.65 forward
112.147523 64.820923 0.000000 0.000000 0.000000 -0.180283 0.983615 -20.77 forward
112.340476 64.751526 0.000000 0.000000 0.000000 -0.178751 0.983894 -20.59 forward
112.605865 64.646516 0.000000 0.000000 0.000000 -0.180079 0.983652 -20.75 forward
112.801030 64.574688 0.000000 0.000000 0.000000 -0.179675 0.983726 -20.70 forward
113.002022 64.516933 0.000000 0.000000 0.000000 -0.172950 0.984931 -19.92 forward
113.199824 64.448705 0.000000 0.000000 0.000000 -0.171221 0.985233 -19.72 forward
113.398829 64.380842 0.000000 0.000000 0.000000 -0.170006 0.985443 -19.58 forward
113.598400 64.313570 0.000000 0.000000 0.000000 -0.169199 0.985582 -19.48 forward
113.825430 64.262613 0.000000 0.000000 0.000000 -0.165349 0.986235 -19.03 forward
114.027239 64.196321 0.000000 0.000000 0.000000 -0.163867 0.986483 -18.86 forward
114.228810 64.127412 0.000000 0.000000 0.000000 -0.162981 0.986629 -18.76 forward
114.431921 64.060938 0.000000 0.000000 0.000000 -0.161889 0.986809 -18.63 forward
114.635940 63.994667 0.000000 0.000000 0.000000 -0.158304 0.987390 -18.22 forward
114.839426 63.925460 0.000000 0.000000 0.000000 -0.159144 0.987255 -18.31 forward
115.031347 63.857143 0.000000 0.000000 0.000000 -0.157649 0.987495 -18.14 forward
115.237115 63.790575 0.000000 0.000000 0.000000 -0.156844 0.987623 -18.05 forward
115.442648 63.721596 0.000000 0.000000 0.000000 -0.156717 0.987643 -18.03 forward
115.649568 63.654672 0.000000 0.000000 0.000000 -0.156127 0.987737 -17.96 forward
115.857379 63.587733 0.000000 0.000000 0.000000 -0.156823 0.987627 -18.05 forward
116.064842 63.518060 0.000000 0.000000 0.000000 -0.157600 0.987503 -18.14 forward
116.222773 63.491557 0.000000 0.000000 0.000000 -0.155484 0.987838 -17.89 forward
116.431457 63.425132 0.000000 0.000000 0.000000 -0.155062 0.987905 -17.84 forward
116.644368 63.370307 0.000000 0.000000 0.000000 -0.147760 0.989023 -16.99 forward
116.855318 63.307048 0.000000 0.000000 0.000000 -0.146234 0.989250 -16.82 forward
117.067175 63.244232 0.000000 0.000000 0.000000 -0.144659 0.989482 -16.64 forward
117.280299 63.183660 0.000000 0.000000 0.000000 -0.142916 0.989735 -16.43 forward
117.370801 63.121310 0.000000 0.000000 0.000000 -0.144808 0.989460 -16.65 forward
117.582470 63.059499 0.000000 0.000000 0.000000 -0.143342 0.989673 -16.48 forward
117.794167 62.995563 0.000000 0.000000 0.000000 -0.144699 0.989476 -16.64 forward
118.007092 62.933664 0.000000 0.000000 0.000000 -0.143638 0.989630 -16.52 forward
118.220913 62.872000 0.000000 0.000000 0.000000 -0.144605 0.989489 -16.63 forward
118.434582 62.808401 0.000000 0.000000 0.000000 -0.145116 0.989415 -16.69 forward
118.507046 62.780795 0.000000 0.000000 0.000000 -0.147318 0.989089 -16.94 forward
118.719813 62.719672 0.000000 0.000000 0.000000 -0.146530 0.989206 -16.85 forward
118.932650 62.656961 0.000000 0.000000 0.000000 -0.146998 0.989137 -16.91 forward
119.146651 62.595601 0.000000 0.000000 0.000000 -0.145516 0.989356 -16.73 forward
119.361293 62.534327 0.000000 0.000000 0.000000 -0.144935 0.989441 -16.67 forward
119.575991 62.471403 0.000000 0.000000 0.000000 -0.144502 0.989505 -16.62 forward
119.632171 62.467691 0.000000 0.000000 0.000000 -0.143727 0.989617 -16.53 forward
119.845418 62.407324 0.000000 0.000000 0.000000 -0.143292 0.989681 -16.48 forward
120.062529 62.359566 0.000000 0.000000 0.000000 -0.135102 0.990832 -15.53 forward
120.277791 62.302539 0.000000 0.000000 0.000000 -0.133594 0.991036 -15.35 forward
120.493848 62.246002 0.000000 0.000000 0.000000 -0.131487 0.991318 -15.11 forward
120.716885 62.214110 0.000000 0.000000 0.000000 -0.118284 0.992980 -13.59 forward
120.757905 62.220963 0.000000 0.000000 0.000000 -0.114956 0.993371 -13.20 forward
120.973867 62.172905 0.000000 0.000000 0.000000 -0.111307 0.993786 -12.78 forward
121.191445 62.128719 0.000000 0.000000 0.000000 -0.108387 0.994109 -12.44 forward
121.409074 62.082917 0.000000 0.000000 0.000000 -0.105817 0.994386 -12.15 forward
121.627356 62.038272 0.000000 0.000000 0.000000 -0.102989 0.994682 -11.82 forward
121.845481 61.989455 0.000000 0.000000 0.000000 -0.103508 0.994629 -11.88 forward
121.871711 61.992685 0.000000 0.000000 0.000000 -0.101396 0.994846 -11.64 forward
122.088131 61.949894 0.000000 0.000000 0.000000 -0.099293 0.995058 -11.40 forward
122.304187 61.903141 0.000000 0.000000 0.000000 -0.100567 0.994930 -11.54 forward
122.521665 61.860433 0.000000 0.000000 0.000000 -0.099516 0.995036 -11.42 forward
122.739715 61.818307 0.000000 0.000000 0.000000 -0.097982 0.995188 -11.25 forward
122.957993 61.774666 0.000000 0.000000 0.000000 -0.097923 0.995194 -11.24 forward
123.010084 61.775245 0.000000 0.000000 0.000000 -0.096368 0.995346 -11.06 forward
123.226511 61.734939 0.000000 0.000000 0.000000 -0.094992 0.995478 -10.90 forward
123.445529 61.708265 0.000000 0.000000 0.000000 -0.086000 0.996295 -9.87 forward
123.663653 61.672420 0.000000 0.000000 0.000000 -0.084933 0.996387 -9.74 forward
123.882575 61.637575 0.000000 0.000000 0.000000 -0.082416 0.996598 -9.45 forward
124.104141 61.616088 0.000000 0.000000 0.000000 -0.075890 0.997116 -8.70 forward
124.134066 61.654203 0.000000 0.000000 0.000000 -0.071706 0.997426 -8.22 forward
124.351398 61.626439 0.000000 0.000000 0.000000 -0.068538 0.997648 -7.86 forward
124.568352 61.593706 0.000000 0.000000 0.000000 -0.065664 0.997842 -7.53 forward
124.786546 61.566553 0.000000 0.000000 0.000000 -0.063253 0.997998 -7.25 forward
125.005291 61.540403 0.000000 0.000000 0.000000 -0.058921 0.998263 -6.76 forward
125.223620 61.507428 0.000000 0.000000 0.000000 -0.060810 0.998149 -6.97 forward
125.275984 61.511159 0.000000 0.000000 0.000000 -0.058925 0.998262 -6.76 forward
125.492845 61.486109 0.000000 0.000000 0.000000 -0.054076 0.998537 -6.20 forward
125.709311 61.455618 0.000000 0.000000 0.000000 -0.055787 0.998443 -6.40 forward
125.926828 61.430487 0.000000 0.000000 0.000000 -0.056760 0.998388 -6.51 forward
126.145051 61.405843 0.000000 0.000000 0.000000 -0.055471 0.998460 -6.36 forward
126.362658 61.375519 0.000000 0.000000 0.000000 -0.058067 0.998313 -6.66 forward
126.392455 61.399218 0.000000 0.000000 0.000000 -0.056397 0.998408 -6.47 forward
126.607996 61.375652 0.000000 0.000000 0.000000 -0.055459 0.998461 -6.36 forward
126.823261 61.347124 0.000000 0.000000 0.000000 -0.054932 0.998490 -6.30 forward
127.039521 61.323199 0.000000 0.000000 0.000000 -0.054270 0.998526 -6.22 forward
127.256192 61.299518 0.000000 0.000000 0.000000 -0.053332 0.998577 -6.11 forward
127.472538 61.271211 0.000000 0.000000 0.000000 -0.054577 0.998510 -6.26 forward
127.489159 61.248227 0.000000 0.000000 0.000000 -0.054831 0.998496 -6.29 forward
127.703027 61.223952 0.000000 0.000000 0.000000 -0.055464 0.998461 -6.36 forward
127.916597 61.196573 0.000000 0.000000 0.000000 -0.056436 0.998406 -6.47 forward
128.130985 61.172047 0.000000 0.000000 0.000000 -0.058732 0.998274 -6.73 forward
128.345795 61.147624 0.000000 0.000000 0.000000 -0.058375 0.998295 -6.69 forward
128.560383 61.120034 0.000000 0.000000 0.000000 -0.060950 0.998141 -6.99 forward
128.603280 61.127432 0.000000 0.000000 0.000000 -0.060336 0.998178 -6.92 forward
128.815649 61.103409 0.000000 0.000000 0.000000 -0.060074 0.998194 -6.89 forward
129.027554 61.076737 0.000000 0.000000 0.000000 -0.060963 0.998140 -6.99 forward
129.240416 61.052412 0.000000 0.000000 0.000000 -0.059244 0.998244 -6.79 forward
129.453759 61.028106 0.000000 0.000000 0.000000 -0.059067 0.998254 -6.77 forward
129.667067 61.001419 0.000000 0.000000 0.000000 -0.058424 0.998292 -6.70 forward
129.694038 61.023200 0.000000 0.000000 0.000000 -0.057544 0.998343 -6.60 forward
129.904353 60.999745 0.000000 0.000000 0.000000 -0.057405 0.998351 -6.58 forward
130.114770 60.974092 0.000000 0.000000 0.000000 -0.058089 0.998311 -6.66 forward
130.325586 60.950381 0.000000 0.000000 0.000000 -0.055950 0.998434 -6.41 forward
130.536771 60.926672 0.000000 0.000000 0.000000 -0.055847 0.998439 -6.40 forward
130.749690 60.917638 0.000000 0.000000 0.000000 -0.047132 0.998889 -5.40 forward
130.807344 60.895485 0.000000 0.000000 0.000000 -0.046379 0.998924 -5.32 forward
131.016711 60.875607 0.000000 0.000000 0.000000 -0.045018 0.998986 -5.16 forward
131.227395 60.866201 0.000000 0.000000 0.000000 -0.038503 0.999258 -4.41 forward
131.437420 60.849594 0.000000 0.000000 0.000000 -0.040435 0.999182 -4.63 forward
131.647947 60.833792 0.000000 0.000000 0.000000 -0.038433 0.999261 -4.41 forward
131.858460 60.815798 0.000000 0.000000 0.000000 -0.040750 0.999169 -4.67 forward
131.900286 60.807593 0.000000 0.000000 0.000000 -0.039498 0.999220 -4.53 forward
132.108276 60.792833 0.000000 0.000000 0.000000 -0.037955 0.999279 -4.35 forward
132.316143 60.775422 0.000000 0.000000 0.000000 -0.038836 0.999246 -4.45 forward
132.524553 60.760836 0.000000 0.000000 0.000000 -0.038133 0.999273 -4.37 forward
132.733430 60.746685 0.000000 0.000000 0.000000 -0.037008 0.999315 -4.24 forward
132.941927 60.729787 0.000000 0.000000 0.000000 -0.038363 0.999264 -4.40 forward
133.010325 60.733294 0.000000 0.000000 0.000000 -0.037362 0.999302 -4.28 forward
133.216917 60.719819 0.000000 0.000000 0.000000 -0.036538 0.999332 -4.19 forward
133.423913 60.711921 0.000000 0.000000 0.000000 -0.032587 0.999469 -3.73 forward
133.631015 60.700552 0.000000 0.000000 0.000000 -0.031227 0.999512 -3.58 forward
133.838556 60.689720 0.000000 0.000000 0.000000 -0.029832 0.999555 -3.42 forward
134.046951 60.701833 0.000000 0.000000 0.000000 -0.016612 0.999862 -1.90 forward
134.100062 60.700754 0.000000 0.000000 0.000000 -0.013734 0.999906 -1.57 forward
134.305045 60.697198 0.000000 0.000000 0.000000 -0.012175 0.999926 -1.40 forward
134.510878 60.712042 0.000000 0.000000 0.000000 -0.000049 1.000000 -0.01 forward
134.716141 60.714722 0.000000 0.000000 0.000000 0.001277 0.999999 0.15 forward
134.921896 60.719136 0.000000 0.000000 0.000000 0.005491 0.999985 0.63 forward
135.127938 60.721540 0.000000 0.000000 0.000000 0.004971 0.999988 0.57 forward
135.203397 60.766463 0.000000 0.000000 0.000000 0.009424 0.999956 1.08 forward
135.406639 60.774805 0.000000 0.000000 0.000000 0.012820 0.999918 1.47 forward
135.610328 60.777074 0.000000 0.000000 0.000000 0.014787 0.999891 1.69 forward
135.813859 60.785863 0.000000 0.000000 0.000000 0.017278 0.999851 1.98 forward
136.017693 60.795679 0.000000 0.000000 0.000000 0.022454 0.999748 2.57 forward
136.221950 60.798873 0.000000 0.000000 0.000000 0.020515 0.999790 2.35 forward
136.320774 60.806704 0.000000 0.000000 0.000000 0.024205 0.999707 2.77 forward
136.522884 60.817170 0.000000 0.000000 0.000000 0.026026 0.999661 2.98 forward
136.725379 60.822506 0.000000 0.000000 0.000000 0.024309 0.999704 2.79 forward
136.927691 60.832987 0.000000 0.000000 0.000000 0.023732 0.999718 2.72 forward
137.130237 60.844017 0.000000 0.000000 0.000000 0.025064 0.999686 2.87 forward
137.332874 60.849656 0.000000 0.000000 0.000000 0.022753 0.999741 2.61 forward
137.410159 60.878133 0.000000 0.000000 0.000000 0.024371 0.999703 2.79 forward
137.610544 60.889813 0.000000 0.000000 0.000000 0.025343 0.999679 2.90 forward
137.810368 60.908053 0.000000 0.000000 0.000000 0.031821 0.999494 3.65 forward
138.010782 60.922420 0.000000 0.000000 0.000000 0.033564 0.999437 3.85 forward
138.211261 60.937493 0.000000 0.000000 0.000000 0.035385 0.999374 4.06 forward
138.410206 60.973120 0.000000 0.000000 0.000000 0.048099 0.998843 5.51 forward
138.509329 61.013274 0.000000 0.000000 0.000000 0.053542 0.998566 6.14 forward
138.707410 61.036097 0.000000 0.000000 0.000000 0.056905 0.998380 6.52 forward
138.905011 61.064451 0.000000 0.000000 0.000000 0.063726 0.997967 7.31 forward
139.102697 61.090570 0.000000 0.000000 0.000000 0.067207 0.997739 7.71 forward
139.300608 61.118126 0.000000 0.000000 0.000000 0.069611 0.997574 7.98 forward
139.499039 61.140138 0.000000 0.000000 0.000000 0.068585 0.997645 7.87 forward
139.618070 61.175616 0.000000 0.000000 0.000000 0.073642 0.997285 8.45 forward
139.814124 61.205225 0.000000 0.000000 0.000000 0.076386 0.997078 8.76 forward
140.011328 61.227988 0.000000 0.000000 0.000000 0.075466 0.997148 8.66 forward
140.207573 61.257720 0.000000 0.000000 0.000000 0.077469 0.996995 8.89 forward
140.403910 61.288275 0.000000 0.000000 0.000000 0.077747 0.996973 8.92 forward
140.601269 61.311659 0.000000 0.000000 0.000000 0.075584 0.997139 8.67 forward
140.700940 61.331313 0.000000 0.000000 0.000000 0.076368 0.997080 8.76 forward
140.895402 61.361984 0.000000 0.000000 0.000000 0.077831 0.996967 8.93 forward
141.089300 61.395400 0.000000 0.000000 0.000000 0.080841 0.996727 9.27 forward
141.283549 61.428161 0.000000 0.000000 0.000000 0.082760 0.996569 9.49 forward
141.477876 61.461707 0.000000 0.000000 0.000000 0.082197 0.996616 9.43 forward
141.669321 61.510521 0.000000 0.000000 0.000000 0.092807 0.995684 10.65 forward
141.787183 61.573091 0.000000 0.000000 0.000000 0.097477 0.995238 11.19 forward
141.978874 61.613616 0.000000 0.000000 0.000000 0.100753 0.994912 11.57 forward
142.167771 61.667222 0.000000 0.000000 0.000000 0.111160 0.993803 12.76 forward
142.358388 61.713064 0.000000 0.000000 0.000000 0.115401 0.993319 13.25 forward
142.548643 61.760548 0.000000 0.000000 0.000000 0.119150 0.992876 13.69 forward
142.740191 61.802726 0.000000 0.000000 0.000000 0.118397 0.992966 13.60 forward
142.875778 61.880951 0.000000 0.000000 0.000000 0.127473 0.991842 14.65 forward
143.064343 61.931778 0.000000 0.000000 0.000000 0.130852 0.991402 15.04 forward
143.254856 61.975075 0.000000 0.000000 0.000000 0.132399 0.991196 15.22 forward
143.443443 62.026173 0.000000 0.000000 0.000000 0.134898 0.990859 15.51 forward
143.631915 62.078271 0.000000 0.000000 0.000000 0.137153 0.990550 15.77 forward
143.822225 62.122065 0.000000 0.000000 0.000000 0.134595 0.990901 15.47 forward
143.945090 62.140276 0.000000 0.000000 0.000000 0.134477 0.990917 15.46 forward
144.132228 62.192061 0.000000 0.000000 0.000000 0.136304 0.990667 15.67 forward
144.320945 62.237719 0.000000 0.000000 0.000000 0.134039 0.990976 15.41 forward
144.508149 62.289386 0.000000 0.000000 0.000000 0.135373 0.990795 15.56 forward
144.695316 62.341592 0.000000 0.000000 0.000000 0.132530 0.991179 15.23 forward
144.884095 62.387559 0.000000 0.000000 0.000000 0.130594 0.991436 15.01 forward
145.029047 62.419022 0.000000 0.000000 0.000000 0.128257 0.991741 14.74 forward
145.215376 62.470826 0.000000 0.000000 0.000000 0.129235 0.991614 14.85 forward
145.402963 62.517969 0.000000 0.000000 0.000000 0.126005 0.992030 14.48 forward
145.589513 62.569590 0.000000 0.000000 0.000000 0.126718 0.991939 14.56 forward
145.775921 62.621465 0.000000 0.000000 0.000000 0.127427 0.991848 14.64 forward
145.963691 62.668601 0.000000 0.000000 0.000000 0.125926 0.992040 14.47 forward
146.089771 62.705039 0.000000 0.000000 0.000000 0.126974 0.991906 14.59 forward
146.275261 62.756542 0.000000 0.000000 0.000000 0.127493 0.991840 14.65 forward
146.461531 62.804392 0.000000 0.000000 0.000000 0.126968 0.991907 14.59 forward
146.646920 62.855599 0.000000 0.000000 0.000000 0.127342 0.991859 14.63 forward
146.832480 62.907008 0.000000 0.000000 0.000000 0.128807 0.991670 14.80 forward
147.018765 62.954974 0.000000 0.000000 0.000000 0.127785 0.991802 14.68 forward
147.169343 62.997286 0.000000 0.000000 0.000000 0.129205 0.991618 14.85 forward
147.354199 63.048387 0.000000 0.000000 0.000000 0.129493 0.991580 14.88 forward
147.539700 63.096745 0.000000 0.000000 0.000000 0.129603 0.991566 14.89 forward
147.724786 63.147662 0.000000 0.000000 0.000000 0.129801 0.991540 14.92 forward
147.909618 63.198593 0.000000 0.000000 0.000000 0.130507 0.991447 15.00 forward
148.095027 63.246765 0.000000 0.000000 0.000000 0.129610 0.991565 14.89 forward
148.228094 63.290587 0.000000 0.000000 0.000000 0.131109 0.991368 15.07 forward
148.412094 63.341273 0.000000 0.000000 0.000000 0.131241 0.991350 15.08 forward
148.596584 63.390095 0.000000 0.000000 0.000000 0.131655 0.991296 15.13 forward
148.780474 63.440592 0.000000 0.000000 0.000000 0.131760 0.991282 15.14 forward
148.964520 63.491181 0.000000 0.000000 0.000000 0.132436 0.991192 15.22 forward
149.149041 63.539824 0.000000 0.000000 0.000000 0.131826 0.991273 15.15 forward
149.306650 63.587309 0.000000 0.000000 0.000000 0.132954 0.991122 15.28 forward
149.490304 63.637771 0.000000 0.000000 0.000000 0.133032 0.991112 15.29 forward
149.673805 63.686625 0.000000 0.000000 0.000000 0.133384 0.991064 15.33 forward
149.857527 63.736968 0.000000 0.000000 0.000000 0.133442 0.991057 15.34 forward
150.041143 63.787311 0.000000 0.000000 0.000000 0.133418 0.991060 15.33 forward
150.225007 63.836162 0.000000 0.000000 0.000000 0.132955 0.991122 15.28 forward
150.402569 63.886791 0.000000 0.000000 0.000000 0.133282 0.991078 15.32 forward
150.586159 63.937081 0.000000 0.000000 0.000000 0.133324 0.991073 15.32 forward
150.769876 63.986214 0.000000 0.000000 0.000000 0.133226 0.991086 15.31 forward
150.953219 64.036324 0.000000 0.000000 0.000000 0.133254 0.991082 15.32 forward
151.136721 64.086496 0.000000 0.000000 0.000000 0.133092 0.991104 15.30 forward
151.320531 64.135596 0.000000 0.000000 0.000000 0.132744 0.991150 15.26 forward
151.476035 64.185894 0.000000 0.000000 0.000000 0.133548 0.991042 15.35 forward
151.659042 64.236065 0.000000 0.000000 0.000000 0.133566 0.991040 15.35 forward
151.842066 64.285362 0.000000 0.000000 0.000000 0.133813 0.991007 15.38 forward
152.025019 64.335448 0.000000 0.000000 0.000000 0.133830 0.991004 15.38 forward
152.208172 64.385603 0.000000 0.000000 0.000000 0.134038 0.990976 15.41 forward
152.391062 64.434718 0.000000 0.000000 0.000000 0.133735 0.991017 15.37 forward
152.567972 64.487405 0.000000 0.000000 0.000000 0.134438 0.990922 15.45 forward
152.750701 64.537496 0.000000 0.000000 0.000000 0.134446 0.990921 15.45 forward
152.933721 64.586963 0.000000 0.000000 0.000000 0.134740 0.990881 15.49 forward
153.116413 64.636985 0.000000 0.000000 0.000000 0.134746 0.990880 15.49 forward
153.299256 64.687060 0.000000 0.000000 0.000000 0.134456 0.990920 15.45 forward
153.482067 64.736425 0.000000 0.000000 0.000000 0.134248 0.990948 15.43 forward
153.638050 64.788168 0.000000 0.000000 0.000000 0.135068 0.990836 15.53 forward
153.820441 64.838335 0.000000 0.000000 0.000000 0.135073 0.990836 15.53 forward
154.001435 64.892400 0.000000 0.000000 0.000000 0.138116 0.990416 15.88 forward
154.183300 64.943741 0.000000 0.000000 0.000000 0.138643 0.990342 15.94 forward
154.365184 64.995307 0.000000 0.000000 0.000000 0.138734 0.990330 15.95 forward
154.540936 65.067863 0.000000 0.000000 0.000000 0.151527 0.988453 17.43 forward
154.794171 65.124172 0.000000 0.000000 0.000000 0.149513 0.988760 17.20 forward
154.975674 65.181491 0.000000 0.000000 0.000000 0.151782 0.988414 17.46 forward
155.151475 65.257513 0.000000 0.000000 0.000000 0.160922 0.986967 18.52 forward
155.331164 65.320739 0.000000 0.000000 0.000000 0.164715 0.986341 18.96 forward
155.510221 65.385304 0.000000 0.000000 0.000000 0.164721 0.986340 18.96 forward
155.688767 65.451608 0.000000 0.000000 0.000000 0.167019 0.985954 19.23 forward
155.868849 65.490231 0.000000 0.000000 0.000000 0.165540 0.986203 19.06 forward
156.046970 65.557381 0.000000 0.000000 0.000000 0.168871 0.985638 19.44 forward
156.225815 65.622280 0.000000 0.000000 0.000000 0.165724 0.986172 19.08 forward
156.403413 65.690527 0.000000 0.000000 0.000000 0.168443 0.985711 19.39 forward
156.580768 65.759810 0.000000 0.000000 0.000000 0.171430 0.985196 19.74 forward
156.753648 65.840413 0.000000 0.000000 0.000000 0.180011 0.983665 20.74 forward
156.910202 65.914178 0.000000 0.000000 0.000000 0.182231 0.983256 21.00 forward
157.084877 65.988821 0.000000 0.000000 0.000000 0.185737 0.982600 21.41 forward
157.250364 66.085321 0.000000 0.000000 0.000000 0.199393 0.979920 23.00 forward
157.421661 66.167276 0.000000 0.000000 0.000000 0.204751 0.978814 23.63 forward
157.592128 66.251146 0.000000 0.000000 0.000000 0.209907 0.977721 24.23 forward
157.752178 66.357928 0.000000 0.000000 0.000000 0.226309 0.974056 26.16 forward
157.897937 66.438384 0.000000 0.000000 0.000000 0.231993 0.972717 26.83 forward
158.062873 66.531780 0.000000 0.000000 0.000000 0.238627 0.971111 27.61 forward
158.226520 66.628577 0.000000 0.000000 0.000000 0.243352 0.969938 28.17 forward
158.389293 66.725649 0.000000 0.000000 0.000000 0.249335 0.968417 28.88 forward
158.550686 66.824625 0.000000 0.000000 0.000000 0.255577 0.966789 29.62 forward
158.717992 66.914400 0.000000 0.000000 0.000000 0.252406 0.967621 29.24 forward
158.857011 67.035044 0.000000 0.000000 0.000000 0.260910 0.965363 30.25 forward
159.016593 67.136891 0.000000 0.000000 0.000000 0.265324 0.964159 30.77 forward
159.181439 67.230324 0.000000 0.000000 0.000000 0.264497 0.964386 30.67 forward
159.340741 67.332327 0.000000 0.000000 0.000000 0.267718 0.963497 31.06 forward
159.499419 67.435440 0.000000 0.000000 0.000000 0.272782 0.962076 31.66 forward
159.663717 67.529777 0.000000 0.000000 0.000000 0.269624 0.962966 31.28 forward
159.814844 67.612709 0.000000 0.000000 0.000000 0.272535 0.962146 31.63 forward
159.972915 67.715994 0.000000 0.000000 0.000000 0.274884 0.961478 31.91 forward
160.135214 67.812573 0.000000 0.000000 0.000000 0.274113 0.961698 31.82 forward
160.293406 67.915757 0.000000 0.000000 0.000000 0.275827 0.961207 32.02 forward
160.451193 68.019487 0.000000 0.000000 0.000000 0.275965 0.961168 32.04 forward
160.613434 68.116374 0.000000 0.000000 0.000000 0.273496 0.961873 31.74 forward
160.767145 68.221609 0.000000 0.000000 0.000000 0.274937 0.961462 31.92 forward
160.924686 68.325546 0.000000 0.000000 0.000000 0.276185 0.961104 32.07 forward
161.081361 68.430267 0.000000 0.000000 0.000000 0.278988 0.960295 32.40 forward
161.237927 68.535573 0.000000 0.000000 0.000000 0.280645 0.959812 32.60 forward
161.394262 68.641516 0.000000 0.000000 0.000000 0.282994 0.959122 32.88 forward
161.540888 68.760778 0.000000 0.000000 0.000000 0.294301 0.955713 34.23 forward
161.700702 68.877222 0.000000 0.000000 0.000000 0.296840 0.954927 34.54 forward
161.853144 68.988569 0.000000 0.000000 0.000000 0.300025 0.953931 34.92 forward
161.997443 69.111066 0.000000 0.000000 0.000000 0.309324 0.950957 36.04 forward
162.146644 69.226837 0.000000 0.000000 0.000000 0.313499 0.949588 36.54 forward
162.294828 69.343929 0.000000 0.000000 0.000000 0.316622 0.948552 36.92 forward
162.446003 69.456930 0.000000 0.000000 0.000000 0.315978 0.948767 36.84 forward
162.579461 69.569043 0.000000 0.000000 0.000000 0.320284 0.947322 37.36 forward
162.725744 69.688042 0.000000 0.000000 0.000000 0.323612 0.946190 37.76 forward
162.876628 69.801200 0.000000 0.000000 0.000000 0.322229 0.946662 37.60 forward
163.022650 69.920310 0.000000 0.000000 0.000000 0.324668 0.945828 37.89 forward
163.168129 70.040239 0.000000 0.000000 0.000000 0.328257 0.944588 38.33 forward
163.318444 70.153814 0.000000 0.000000 0.000000 0.325860 0.945418 38.04 forward
163.476898 70.255522 0.000000 0.000000 0.000000 0.325882 0.945410 38.04 forward
163.622338 70.375486 0.000000 0.000000 0.000000 0.327661 0.944795 38.25 forward
163.771375 70.490763 0.000000 0.000000 0.000000 0.325511 0.945538 37.99 forward
163.916869 70.610646 0.000000 0.000000 0.000000 0.326809 0.945091 38.15 forward
164.062039 70.730934 0.000000 0.000000 0.000000 0.327270 0.944931 38.21 forward
164.209222 70.848303 0.000000 0.000000 0.000000 0.327033 0.945013 38.18 forward
164.339509 70.991929 0.000000 0.000000 0.000000 0.330766 0.943713 38.63 forward
164.483475 71.113453 0.000000 0.000000 0.000000 0.331965 0.943292 38.78 forward
164.620507 71.242796 0.000000 0.000000 0.000000 0.340411 0.940277 39.80 forward
164.761947 71.367258 0.000000 0.000000 0.000000 0.342742 0.939430 40.09 forward
164.902789 71.492447 0.000000 0.000000 0.000000 0.346855 0.937919 40.59 forward
165.029479 71.633146 0.000000 0.000000 0.000000 0.359991 0.932956 42.20 forward
165.195287 71.747305 0.000000 0.000000 0.000000 0.360749 0.932663 42.29 forward
165.331508 71.877913 0.000000 0.000000 0.000000 0.364613 0.931159 42.77 forward
165.465016 72.011539 0.000000 0.000000 0.000000 0.367580 0.929992 43.13 forward
165.598896 72.144254 0.000000 0.000000 0.000000 0.371283 0.928520 43.59 forward
165.731861 72.278185 0.000000 0.000000 0.000000 0.372478 0.928041 43.74 forward
165.870178 72.406566 0.000000 0.000000 0.000000 0.370304 0.928911 43.47 forward
165.980689 72.541863 0.000000 0.000000 0.000000 0.373675 0.927560 43.88 forward
166.111904 72.676903 0.000000 0.000000 0.000000 0.376415 0.926451 44.22 forward
166.247982 72.807053 0.000000 0.000000 0.000000 0.374081 0.927396 43.93 forward
166.379111 72.942172 0.000000 0.000000 0.000000 0.376080 0.926587 44.18 forward
166.509731 73.077940 0.000000 0.000000 0.000000 0.380733 0.924685 44.76 forward
166.645342 73.208552 0.000000 0.000000 0.000000 0.378631 0.925548 44.50 forward
166.760428 73.352552 0.000000 0.000000 0.000000 0.383917 0.923368 45.15 forward
166.890198 73.488873 0.000000 0.000000 0.000000 0.385372 0.922761 45.33 forward
167.023951 73.621047 0.000000 0.000000 0.000000 0.386774 0.922175 45.51 forward
167.153667 73.757074 0.000000 0.000000 0.000000 0.387833 0.921730 45.64 forward
167.283225 73.893572 0.000000 0.000000 0.000000 0.389657 0.920960 45.87 forward
167.416810 74.025731 0.000000 0.000000 0.000000 0.387936 0.921686 45.65 forward
167.539350 74.173474 0.000000 0.000000 0.000000 0.391253 0.920283 46.07 forward
167.668491 74.310193 0.000000 0.000000 0.000000 0.392024 0.919955 46.16 forward
167.795525 74.448653 0.000000 0.000000 0.000000 0.396611 0.917987 46.73 forward
167.923370 74.586519 0.000000 0.000000 0.000000 0.397888 0.917434 46.89 forward
168.050866 74.724791 0.000000 0.000000 0.000000 0.398556 0.917144 46.98 forward
168.166214 74.873596 0.000000 0.000000 0.000000 0.408650 0.912691 48.24 forward
168.298076 75.020185 0.000000 0.000000 0.000000 0.409451 0.912332 48.34 forward
168.421270 75.162518 0.000000 0.000000 0.000000 0.412081 0.911147 48.67 forward
168.543462 75.305691 0.000000 0.000000 0.000000 0.413540 0.910486 48.85 forward
168.665130 75.449256 0.000000 0.000000 0.000000 0.416026 0.909353 49.17 forward
168.786002 75.593486 0.000000 0.000000 0.000000 0.417246 0.908793 49.32 forward
168.911809 75.733488 0.000000 0.000000 0.000000 0.415426 0.909627 49.09 forward
169.057422 75.873350 0.000000 0.000000 0.000000 0.415168 0.909745 49.06 forward
169.178234 76.018116 0.000000 0.000000 0.000000 0.417006 0.908904 49.29 forward
169.302850 76.159425 0.000000 0.000000 0.000000 0.413993 0.910280 48.91 forward
169.423529 76.304094 0.000000 0.000000 0.000000 0.415336 0.909668 49.08 forward
169.543908 76.449282 0.000000 0.000000 0.000000 0.415838 0.909439 49.14 forward
169.668173 76.590761 0.000000 0.000000 0.000000 0.414294 0.910143 48.95 forward
169.786451 76.722239 0.000000 0.000000 0.000000 0.414070 0.910245 48.92 forward
169.906533 76.867229 0.000000 0.000000 0.000000 0.415051 0.909798 49.05 forward
170.029582 77.009520 0.000000 0.000000 0.000000 0.413506 0.910501 48.85 forward
170.149702 77.154371 0.000000 0.000000 0.000000 0.414223 0.910175 48.94 forward
170.269567 77.299387 0.000000 0.000000 0.000000 0.416240 0.909255 49.19 forward
170.392878 77.441647 0.000000 0.000000 0.000000 0.414905 0.909865 49.03 forward
170.533485 77.565491 0.000000 0.000000 0.000000 0.413827 0.910355 48.89 forward
170.653921 77.709848 0.000000 0.000000 0.000000 0.414327 0.910128 48.95 forward
170.776316 77.852535 0.000000 0.000000 0.000000 0.413169 0.910654 48.81 forward
170.896874 77.996864 0.000000 0.000000 0.000000 0.413542 0.910485 48.86 forward
171.017330 78.141312 0.000000 0.000000 0.000000 0.413950 0.910300 48.91 forward
171.139716 78.283880 0.000000 0.000000 0.000000 0.413189 0.910645 48.81 forward
171.286349 78.453745 0.000000 0.000000 0.000000 0.413343 0.910576 48.83 forward
171.407348 78.598693 0.000000 0.000000 0.000000 0.413617 0.910451 48.86 forward
171.529777 78.742245 0.000000 0.000000 0.000000 0.413108 0.910682 48.80 forward
171.650819 78.887039 0.000000 0.000000 0.000000 0.413308 0.910591 48.83 forward
171.771872 79.031977 0.000000 0.000000 0.000000 0.415729 0.909489 49.13 forward
171.890269 79.178813 0.000000 0.000000 0.000000 0.418234 0.908340 49.45 forward
172.011926 79.330591 0.000000 0.000000 0.000000 0.420288 0.907391 49.71 forward
172.131804 79.476554 0.000000 0.000000 0.000000 0.420921 0.907097 49.79 forward
172.240087 79.631764 0.000000 0.000000 0.000000 0.429917 0.902869 50.92 forward
172.356580 79.780487 0.000000 0.000000 0.000000 0.431880 0.901931 51.17 forward
172.472384 79.929669 0.000000 0.000000 0.000000 0.433630 0.901091 51.40 forward
172.582084 80.083502 0.000000 0.000000 0.000000 0.438417 0.898771 52.01 forward
172.730739 80.217316 0.000000 0.000000 0.000000 0.436772 0.899572 51.80 forward
172.844533 80.368325 0.000000 0.000000 0.000000 0.439029 0.898473 52.08 forward
172.960809 80.517342 0.000000 0.000000 0.000000 0.436649 0.899632 51.78 forward
173.074215 80.668606 0.000000 0.000000 0.000000 0.438338 0.898810 52.00 forward
173.187088 80.820337 0.000000 0.000000 0.000000 0.439194 0.898392 52.10 forward
173.303069 80.969516 0.000000 0.000000 0.000000 0.438042 0.898954 51.96 forward
173.423708 81.137341 0.000000 0.000000 0.000000 0.438639 0.898664 52.03 forward
173.536144 81.289810 0.000000 0.000000 0.000000 0.439873 0.898060 52.19 forward
173.651164 81.440276 0.000000 0.000000 0.000000 0.438126 0.898914 51.97 forward
173.763448 81.592612 0.000000 0.000000 0.000000 0.439029 0.898473 52.08 forward
173.875711 81.745559 0.000000 0.000000 0.000000 0.442229 0.896902 52.49 forward
173.990431 81.896105 0.000000 0.000000 0.000000 0.441275 0.897372 52.37 forward
174.104560 82.035246 0.000000 0.000000 0.000000 0.443005 0.896519 52.59 forward
174.216618 82.187826 0.000000 0.000000 0.000000 0.443666 0.896192 52.68 forward
174.330587 82.338738 0.000000 0.000000 0.000000 0.444124 0.895965 52.73 forward
174.442692 82.491264 0.000000 0.000000 0.000000 0.444606 0.895726 52.80 forward
174.554556 82.643799 0.000000 0.000000 0.000000 0.445541 0.895262 52.92 forward
174.659040 82.801506 0.000000 0.000000 0.000000 0.451050 0.892498 53.62 forward
174.759019 82.968486 0.000000 0.000000 0.000000 0.453369 0.891323 53.92 forward
174.868059 83.123310 0.000000 0.000000 0.000000 0.454648 0.890671 54.08 forward
174.960056 83.289952 0.000000 0.000000 0.000000 0.466303 0.884625 55.59 forward
175.063898 83.448250 0.000000 0.000000 0.000000 0.469290 0.883044 55.98 forward
175.166668 83.607246 0.000000 0.000000 0.000000 0.471905 0.881650 56.32 forward
175.257149 83.774433 0.000000 0.000000 0.000000 0.480624 0.876927 57.45 forward
175.366597 83.904630 0.000000 0.000000 0.000000 0.481248 0.876585 57.53 forward
175.464253 84.066425 0.000000 0.000000 0.000000 0.484872 0.874585 58.01 forward
175.565091 84.226281 0.000000 0.000000 0.000000 0.483293 0.875459 57.80 forward
175.661848 84.388669 0.000000 0.000000 0.000000 0.486087 0.873910 58.17 forward
175.757547 84.551629 0.000000 0.000000 0.000000 0.487856 0.872924 58.40 forward
175.858612 84.711398 0.000000 0.000000 0.000000 0.486125 0.873889 58.17 forward
175.973252 84.859006 0.000000 0.000000 0.000000 0.484882 0.874580 58.01 forward
176.068526 85.022243 0.000000 0.000000 0.000000 0.486927 0.873443 58.28 forward
176.167904 85.182964 0.000000 0.000000 0.000000 0.483196 0.875512 57.79 forward
176.263007 85.346199 0.000000 0.000000 0.000000 0.484691 0.874686 57.98 forward
176.357572 85.509775 0.000000 0.000000 0.000000 0.486335 0.873773 58.20 forward
176.456496 85.670762 0.000000 0.000000 0.000000 0.484935 0.874550 58.02 forward
176.538132 85.827847 0.000000 0.000000 0.000000 0.487315 0.873226 58.33 forward
176.632067 85.991631 0.000000 0.000000 0.000000 0.488406 0.872617 58.47 forward
176.729372 86.153162 0.000000 0.000000 0.000000 0.488428 0.872604 58.47 forward
176.823306 86.316752 0.000000 0.000000 0.000000 0.489224 0.872158 58.58 forward
176.916974 86.480554 0.000000 0.000000 0.000000 0.492586 0.870264 59.02 forward
177.014166 86.642156 0.000000 0.000000 0.000000 0.491456 0.870902 58.87 forward
177.117069 86.804855 0.000000 0.000000 0.000000 0.493487 0.869753 59.14 forward
177.210892 86.968625 0.000000 0.000000 0.000000 0.494067 0.869424 59.22 forward
177.307340 87.130814 0.000000 0.000000 0.000000 0.494657 0.869088 59.29 forward
177.401303 87.294498 0.000000 0.000000 0.000000 0.495080 0.868847 59.35 forward
177.495126 87.458291 0.000000 0.000000 0.000000 0.495775 0.868451 59.44 forward
177.591517 87.620280 0.000000 0.000000 0.000000 0.494925 0.868936 59.33 forward
177.668852 87.786596 0.000000 0.000000 0.000000 0.497145 0.867667 59.62 forward
177.762240 87.950383 0.000000 0.000000 0.000000 0.497453 0.867491 59.66 forward
177.855828 88.113916 0.000000 0.000000 0.000000 0.499194 0.866490 59.89 forward
177.948829 88.277939 0.000000 0.000000 0.000000 0.499647 0.866229 59.95 forward
178.041698 88.442114 0.000000 0.000000 0.000000 0.501394 0.865219 60.18 forward
178.121719 88.613062 0.000000 0.000000 0.000000 0.509563 0.860433 61.27 forward
178.225089 88.780650 0.000000 0.000000 0.000000 0.509910 0.860228 61.32 forward
178.314265 88.947084 0.000000 0.000000 0.000000 0.511554 0.859251 61.53 forward
178.381769 89.124915 0.000000 0.000000 0.000000 0.523500 0.852026 63.13 forward
178.464392 89.294591 0.000000 0.000000 0.000000 0.526968 0.849885 63.60 forward
178.545629 89.464919 0.000000 0.000000 0.000000 0.527274 0.849695 63.64 forward
178.614204 89.641648 0.000000 0.000000 0.000000 0.535475 0.844551 64.75 forward
178.704816 89.803721 0.000000 0.000000 0.000000 0.535461 0.844560 64.75 forward
178.780278 89.976791 0.000000 0.000000 0.000000 0.539369 0.842070 65.28 forward
178.858762 90.148424 0.000000 0.000000 0.000000 0.537095 0.843522 64.97 forward
178.932835 90.321831 0.000000 0.000000 0.000000 0.540174 0.841554 65.39 forward
179.005711 90.495924 0.000000 0.000000 0.000000 0.543540 0.839383 65.85 forward
179.084972 90.667266 0.000000 0.000000 0.000000 0.541705 0.840569 65.60 forward
179.124897 90.867310 0.000000 0.000000 0.000000 0.547528 0.836787 66.40 forward
179.195447 91.042487 0.000000 0.000000 0.000000 0.549775 0.835313 66.70 forward
179.271839 91.215286 0.000000 0.000000 0.000000 0.549791 0.835302 66.71 forward
179.342275 91.390418 0.000000 0.000000 0.000000 0.551429 0.834222 66.93 forward
179.412045 91.565865 0.000000 0.000000 0.000000 0.555601 0.831449 67.50 forward
179.487873 91.738823 0.000000 0.000000 0.000000 0.553894 0.832587 67.27 forward
179.552486 91.915014 0.000000 0.000000 0.000000 0.558033 0.829819 67.84 forward
179.621703 92.090701 0.000000 0.000000 0.000000 0.559226 0.829015 68.00 forward
179.695702 92.264224 0.000000 0.000000 0.000000 0.560435 0.828198 68.17 forward
179.765062 92.439783 0.000000 0.000000 0.000000 0.561299 0.827613 68.29 forward
179.834069 92.615509 0.000000 0.000000 0.000000 0.561063 0.827773 68.26 forward
179.907902 92.789104 0.000000 0.000000 0.000000 0.559696 0.828698 68.07 forward
179.984095 92.995035 0.000000 0.000000 0.000000 0.560508 0.828149 68.18 forward
180.053053 93.171277 0.000000 0.000000 0.000000 0.561138 0.827722 68.27 forward
180.125800 93.346043 0.000000 0.000000 0.000000 0.560473 0.828172 68.18 forward
180.195019 93.522294 0.000000 0.000000 0.000000 0.560933 0.827861 68.24 forward
180.264088 93.698727 0.000000 0.000000 0.000000 0.561219 0.827667 68.28 forward
180.336921 93.873413 0.000000 0.000000 0.000000 0.560147 0.828394 68.13 forward
180.389602 94.050986 0.000000 0.000000 0.000000 0.562123 0.827054 68.41 forward
180.458327 94.227453 0.000000 0.000000 0.000000 0.562456 0.826827 68.45 forward
180.530071 94.402519 0.000000 0.000000 0.000000 0.562759 0.826621 68.49 forward
180.599005 94.578791 0.000000 0.000000 0.000000 0.562997 0.826459 68.53 forward
180.667821 94.755058 0.000000 0.000000 0.000000 0.563724 0.825963 68.63 forward
180.739665 94.930114 0.000000 0.000000 0.000000 0.562884 0.826536 68.51 forward
180.819326 95.087062 0.000000 0.000000 0.000000 0.562152 0.827034 68.41 forward
180.888753 95.263063 0.000000 0.000000 0.000000 0.562324 0.826917 68.43 forward
180.960075 95.437805 0.000000 0.000000 0.000000 0.561530 0.827457 68.32 forward
181.029612 95.613536 0.000000 0.000000 0.000000 0.561652 0.827373 68.34 forward
181.099114 95.789323 0.000000 0.000000 0.000000 0.560336 0.828266 68.16 forward
181.170784 95.964142 0.000000 0.000000 0.000000 0.559682 0.828708 68.07 forward
181.216250 96.152999 0.000000 0.000000 0.000000 0.561328 0.827593 68.30 forward
181.285168 96.328897 0.000000 0.000000 0.000000 0.561404 0.827542 68.31 forward
181.355873 96.504200 0.000000 0.000000 0.000000 0.561705 0.827338 68.35 forward
181.424987 96.680100 0.000000 0.000000 0.000000 0.561762 0.827299 68.36 forward
181.494115 96.856111 0.000000 0.000000 0.000000 0.563615 0.826038 68.61 forward
181.564892 97.031308 0.000000 0.000000 0.000000 0.563165 0.826345 68.55 forward
181.639822 97.196725 0.000000 0.000000 0.000000 0.563848 0.825879 68.64 forward
181.709246 97.372407 0.000000 0.000000 0.000000 0.563895 0.825847 68.65 forward
181.779823 97.547579 0.000000 0.000000 0.000000 0.564308 0.825565 68.71 forward
181.849362 97.723207 0.000000 0.000000 0.000000 0.564342 0.825541 68.71 forward
181.918883 97.898833 0.000000 0.000000 0.000000 0.562863 0.826550 68.51 forward
181.981815 98.076907 0.000000 0.000000 0.000000 0.566766 0.823879 69.05 forward
182.077974 98.225228 0.000000 0.000000 0.000000 0.562386 0.826875 68.44 forward
182.146326 98.401065 0.000000 0.000000 0.000000 0.563059 0.826417 68.54 forward
182.196193 98.583907 0.000000 0.000000 0.000000 0.569453 0.822024 69.42 forward
182.259277 98.761500 0.000000 0.000000 0.000000 0.571643 0.820502 69.73 forward
182.321454 98.939535 0.000000 0.000000 0.000000 0.570881 0.821033 69.62 forward
182.371740 99.121805 0.000000 0.000000 0.000000 0.577538 0.816364 70.56 forward
182.426654 99.349722 0.000000 0.000000 0.000000 0.579535 0.814947 70.84 forward
182.483514 99.530454 0.000000 0.000000 0.000000 0.582194 0.813050 71.21 forward
182.543766 99.710050 0.000000 0.000000 0.000000 0.581174 0.813779 71.07 forward
182.599955 99.891019 0.000000 0.000000 0.000000 0.583185 0.812339 71.35 forward
182.655261 100.072302 0.000000 0.000000 0.000000 0.588225 0.808698 72.06 forward
182.715385 100.251948 0.000000 0.000000 0.000000 0.586906 0.809655 71.88 forward
182.769693 100.439753 0.000000 0.000000 0.000000 0.590531 0.807015 72.39 forward
182.824092 100.621464 0.000000 0.000000 0.000000 0.591988 0.805947 72.60 forward
182.882429 100.801859 0.000000 0.000000 0.000000 0.592188 0.805800 72.62 forward
182.936695 100.983383 0.000000 0.000000 0.000000 0.593249 0.805019 72.78 forward
182.990549 101.165263 0.000000 0.000000 0.000000 0.593977 0.804482 72.88 forward
183.048541 101.345812 0.000000 0.000000 0.000000 0.592872 0.805296 72.72 forward
183.097361 101.548998 0.000000 0.000000 0.000000 0.594817 0.803861 73.00 forward
183.150688 101.731391 0.000000 0.000000 0.000000 0.595590 0.803288 73.11 forward
183.207374 101.912731 0.000000 0.000000 0.000000 0.595697 0.803209 73.12 forward
183.260792 102.095041 0.000000 0.000000 0.000000 0.596259 0.802792 73.20 forward
183.313986 102.277528 0.000000 0.000000 0.000000 0.597316 0.802006 73.36 forward
183.370598 102.458884 0.000000 0.000000 0.000000 0.596413 0.802677 73.23 forward
183.427317 102.624963 0.000000 0.000000 0.000000 0.596849 0.802354 73.29 forward
183.480617 102.807099 0.000000 0.000000 0.000000 0.597258 0.802049 73.35 forward
183.536414 102.988433 0.000000 0.000000 0.000000 0.596963 0.802268 73.31 forward
183.589877 103.170597 0.000000 0.000000 0.000000 0.597261 0.802047 73.35 forward
183.643159 103.352640 0.000000 0.000000 0.000000 0.596955 0.802275 73.30 forward
183.698986 103.533936 0.000000 0.000000 0.000000 0.596292 0.802768 73.21 forward
183.752682 103.719291 0.000000 0.000000 0.000000 0.596333 0.802737 73.22 forward
183.806049 103.901487 0.000000 0.000000 0.000000 0.596549 0.802576 73.25 forward
183.859095 104.083659 0.000000 0.000000 0.000000 0.597127 0.802147 73.33 forward
183.911982 104.266051 0.000000 0.000000 0.000000 0.597501 0.801868 73.38 forward
183.964711 104.448529 0.000000 0.000000 0.000000 0.598153 0.801382 73.48 forward
184.002411 104.634924 0.000000 0.000000 0.000000 0.606021 0.795449 74.60 forward
184.056278 104.834324 0.000000 0.000000 0.000000 0.606523 0.795066 74.68 forward
184.104457 105.018395 0.000000 0.000000 0.000000 0.608035 0.793910 74.90 forward
184.135918 105.206805 0.000000 0.000000 0.000000 0.615229 0.788348 75.94 forward
184.179247 105.392065 0.000000 0.000000 0.000000 0.617618 0.786479 76.28 forward
184.221464 105.577639 0.000000 0.000000 0.000000 0.618867 0.785496 76.47 forward
184.262890 105.763418 0.000000 0.000000 0.000000 0.619781 0.784775 76.60 forward
184.282813 105.967824 0.000000 0.000000 0.000000 0.623829 0.781561 77.19 forward
184.322039 106.154427 0.000000 0.000000 0.000000 0.625799 0.779985 77.48 forward
184.364211 106.340270 0.000000 0.000000 0.000000 0.626322 0.779565 77.56 forward
184.402953 106.526776 0.000000 0.000000 0.000000 0.627768 0.778400 77.77 forward
184.441057 106.713707 0.000000 0.000000 0.000000 0.630812 0.775935 78.22 forward
184.482401 106.899600 0.000000 0.000000 0.000000 0.629998 0.776597 78.10 forward
184.494526 107.058248 0.000000 0.000000 0.000000 0.633441 0.773791 78.61 forward
184.531234 107.244658 0.000000 0.000000 0.000000 0.634499 0.772924 78.77 forward
184.570962 107.430310 0.000000 0.000000 0.000000 0.635436 0.772154 78.90 forward
184.607598 107.616712 0.000000 0.000000 0.000000 0.636207 0.771519 79.02 forward
184.643848 107.803139 0.000000 0.000000 0.000000 0.636617 0.771180 79.08 forward
184.683293 107.988726 0.000000 0.000000 0.000000 0.635809 0.771846 78.96 forward
184.729721 108.161428 0.000000 0.000000 0.000000 0.635466 0.772129 78.91 forward
184.766075 108.347733 0.000000 0.000000 0.000000 0.636027 0.771667 78.99 forward
184.804688 108.533276 0.000000 0.000000 0.000000 0.635260 0.772298 78.88 forward
184.841071 108.719493 0.000000 0.000000 0.000000 0.635669 0.771961 78.94 forward
184.877266 108.905802 0.000000 0.000000 0.000000 0.634528 0.772900 78.77 forward
184.916240 109.091510 0.000000 0.000000 0.000000 0.633755 0.773534 78.66 forward
184.944657 109.272595 0.000000 0.000000 0.000000 0.633726 0.773558 78.65 forward
184.980700 109.458879 0.000000 0.000000 0.000000 0.633998 0.773334 78.69 forward
185.018513 109.645120 0.000000 0.000000 0.000000 0.633401 0.773824 78.60 forward
185.054498 109.830685 0.000000 0.000000 0.000000 0.633603 0.773658 78.63 forward
185.090499 110.016868 0.000000 0.000000 0.000000 0.634490 0.772931 78.76 forward
185.128255 110.202693 0.000000 0.000000 0.000000 0.634072 0.773274 78.70 forward
185.189393 110.392652 0.000000 0.000000 0.000000 0.632866 0.774262 78.52 forward
185.226114 110.578945 0.000000 0.000000 0.000000 0.633017 0.774138 78.55 forward
185.264244 110.764776 0.000000 0.000000 0.000000 0.632075 0.774907 78.41 forward
185.301120 110.951018 0.000000 0.000000 0.000000 0.632159 0.774839 78.42 forward
185.337952 111.137244 0.000000 0.000000 0.000000 0.631333 0.775512 78.30 forward
185.375512 111.323261 0.000000 0.000000 0.000000 0.631198 0.775622 78.28 forward
185.415300 111.517882 0.000000 0.000000 0.000000 0.630525 0.776169 78.18 forward
185.452203 111.704408 0.000000 0.000000 0.000000 0.630600 0.776108 78.19 forward
185.489763 111.890546 0.000000 0.000000 0.000000 0.629896 0.776680 78.08 forward
185.526674 112.076835 0.000000 0.000000 0.000000 0.629951 0.776635 78.09 forward
185.563594 112.263301 0.000000 0.000000 0.000000 0.631162 0.775651 78.27 forward
185.601132 112.449466 0.000000 0.000000 0.000000 0.631014 0.775771 78.25 forward
185.625542 112.647219 0.000000 0.000000 0.000000 0.633145 0.774033 78.57 forward
185.662106 112.833937 0.000000 0.000000 0.000000 0.633188 0.773998 78.57 forward
185.699285 113.020417 0.000000 0.000000 0.000000 0.634347 0.773048 78.74 forward
185.735859 113.206964 0.000000 0.000000 0.000000 0.634385 0.773017 78.75 forward
185.772450 113.393699 0.000000 0.000000 0.000000 0.635456 0.772137 78.91 forward
185.809668 113.580162 0.000000 0.000000 0.000000 0.635308 0.772259 78.89 forward
185.831537 113.732726 0.000000 0.000000 0.000000 0.636831 0.771004 79.11 forward
185.867856 113.919034 0.000000 0.000000 0.000000 0.636861 0.770979 79.12 forward
185.891295 114.107406 0.000000 0.000000 0.000000 0.643487 0.765457 80.10 forward
185.924167 114.294034 0.000000 0.000000 0.000000 0.644512 0.764594 80.26 forward
185.956527 114.480705 0.000000 0.000000 0.000000 0.644438 0.764656 80.25 forward
185.965202 114.671638 0.000000 0.000000 0.000000 0.654739 0.755855 81.80 forward
186.019179 114.885427 0.000000 0.000000 0.000000 0.653189 0.757195 81.56 forward
186.045506 115.073673 0.000000 0.000000 0.000000 -0.655362 -0.755315 81.89 forward
186.068812 115.262618 0.000000 0.000000 0.000000 -0.655131 -0.755515 81.86 forward
186.093480 115.451122 0.000000 0.000000 0.000000 -0.656944 -0.753939 82.13 forward
186.117259 115.639863 0.000000 0.000000 0.000000 -0.657460 -0.753489 82.21 forward
186.141898 115.828502 0.000000 0.000000 0.000000 -0.657274 -0.753652 82.18 forward
186.147416 116.035333 0.000000 0.000000 0.000000 -0.659525 -0.751682 82.53 forward
186.169301 116.224541 0.000000 0.000000 0.000000 -0.660862 -0.750508 82.73 forward
186.192705 116.413601 0.000000 0.000000 0.000000 -0.660225 -0.751068 82.63 forward
186.214238 116.603004 0.000000 0.000000 0.000000 -0.661202 -0.750208 82.78 forward
186.235256 116.792272 0.000000 0.000000 0.000000 -0.663680 -0.748016 83.16 forward
186.258045 116.981394 0.000000 0.000000 0.000000 -0.663244 -0.748403 83.10 forward
186.279466 117.183839 0.000000 0.000000 0.000000 -0.665279 -0.746595 83.41 forward
186.299914 117.373551 0.000000 0.000000 0.000000 -0.665986 -0.745964 83.52 forward
186.321813 117.563034 0.000000 0.000000 0.000000 -0.666806 -0.745231 83.64 forward
186.342138 117.752765 0.000000 0.000000 0.000000 -0.667322 -0.744770 83.72 forward
186.362201 117.942527 0.000000 0.000000 0.000000 -0.667433 -0.744670 83.74 forward
186.383854 118.132192 0.000000 0.000000 0.000000 -0.667053 -0.745010 83.68 forward
186.419684 118.330711 0.000000 0.000000 0.000000 -0.666192 -0.745780 83.55 forward
186.439950 118.520760 0.000000 0.000000 0.000000 -0.666567 -0.745445 83.61 forward
186.461269 118.710661 0.000000 0.000000 0.000000 -0.665765 -0.746161 83.48 forward
186.481499 118.900641 0.000000 0.000000 0.000000 -0.666038 -0.745918 83.52 forward
186.501602 119.090723 0.000000 0.000000 0.000000 -0.665794 -0.746135 83.49 forward
186.522749 119.280680 0.000000 0.000000 0.000000 -0.665557 -0.746347 83.45 forward
186.524954 119.472929 0.000000 0.000000 0.000000 -0.666917 -0.745132 83.66 forward
186.544433 119.663052 0.000000 0.000000 0.000000 -0.667119 -0.744951 83.69 forward
186.564917 119.853075 0.000000 0.000000 0.000000 -0.667532 -0.744581 83.75 forward
186.584428 120.043286 0.000000 0.000000 0.000000 -0.667684 -0.744445 83.78 forward
186.603865 120.233531 0.000000 0.000000 0.000000 -0.669262 -0.743027 84.02 forward
186.624302 120.423406 0.000000 0.000000 0.000000 -0.669035 -0.743231 83.99 forward
186.648432 120.613578 0.000000 0.000000 0.000000 -0.669917 -0.742436 84.12 forward
186.667990 120.803945 0.000000 0.000000 0.000000 -0.670030 -0.742334 84.14 forward
186.688179 120.994002 0.000000 0.000000 0.000000 -0.670596 -0.741822 84.23 forward
186.707741 121.184274 0.000000 0.000000 0.000000 -0.670686 -0.741741 84.24 forward
186.727262 121.374602 0.000000 0.000000 0.000000 -0.670094 -0.742276 84.15 forward
186.747521 121.564794 0.000000 0.000000 0.000000 -0.669931 -0.742423 84.12 forward
186.787623 121.752988 0.000000 0.000000 0.000000 -0.667910 -0.744242 83.81 forward
186.807734 121.943303 0.000000 0.000000 0.000000 -0.667979 -0.744180 83.82 forward
186.828122 122.133404 0.000000 0.000000 0.000000 -0.666721 -0.745307 83.63 forward
186.848241 122.323736 0.000000 0.000000 0.000000 -0.666774 -0.745260 83.64 forward
186.868324 122.513966 0.000000 0.000000 0.000000 -0.666188 -0.745784 83.55 forward
186.888756 122.704263 0.000000 0.000000 0.000000 -0.666112 -0.745852 83.54 forward
186.894849 122.888263 0.000000 0.000000 0.000000 -0.666729 -0.745300 83.63 forward
186.914543 123.078394 0.000000 0.000000 0.000000 -0.666768 -0.745266 83.64 forward
186.934655 123.268539 0.000000 0.000000 0.000000 -0.666881 -0.745164 83.65 forward
186.954387 123.458739 0.000000 0.000000 0.000000 -0.666911 -0.745137 83.66 forward
186.974114 123.649035 0.000000 0.000000 0.000000 -0.668434 -0.743771 83.89 forward
186.994299 123.839174 0.000000 0.000000 0.000000 -0.668320 -0.743874 83.88 forward
187.021336 124.022819 0.000000 0.000000 0.000000 -0.668812 -0.743431 83.95 forward
187.041300 124.212877 0.000000 0.000000 0.000000 -0.668832 -0.743414 83.95 forward
187.061501 124.402984 0.000000 0.000000 0.000000 -0.669255 -0.743032 84.02 forward
187.081511 124.593268 0.000000 0.000000 0.000000 -0.669269 -0.743020 84.02 forward
187.101498 124.783379 0.000000 0.000000 0.000000 -0.668736 -0.743500 83.94 forward
187.121689 124.973360 0.000000 0.000000 0.000000 -0.668688 -0.743543 83.93 forward
187.163555 125.156838 0.000000 0.000000 0.000000 -0.666494 -0.745511 83.59 forward
187.184203 125.346955 0.000000 0.000000 0.000000 -0.666504 -0.745501 83.60 forward
187.204697 125.536971 0.000000 0.000000 0.000000 -0.665246 -0.746625 83.40 forward
187.225317 125.726964 0.000000 0.000000 0.000000 -0.665255 -0.746616 83.40 forward
187.245951 125.917089 0.000000 0.000000 0.000000 -0.664770 -0.747048 83.33 forward
187.266453 126.107044 0.000000 0.000000 0.000000 -0.664797 -0.747024 83.33 forward
187.273221 126.287552 0.000000 0.000000 0.000000 -0.665409 -0.746479 83.43 forward
187.293464 126.477482 0.000000 0.000000 0.000000 -0.665416 -0.746473 83.43 forward
187.313777 126.667318 0.000000 0.000000 0.000000 -0.665603 -0.746306 83.46 forward
187.334092 126.857809 0.000000 0.000000 0.000000 -0.665608 -0.746301 83.46 forward
187.354295 127.047250 0.000000 0.000000 0.000000 -0.667231 -0.744851 83.71 forward
187.374622 127.237078 0.000000 0.000000 0.000000 -0.667214 -0.744866 83.70 forward
187.401478 127.418275 0.000000 0.000000 0.000000 -0.667783 -0.744356 83.79 forward
187.421957 127.608166 0.000000 0.000000 0.000000 -0.667788 -0.744352 83.79 forward
187.434993 127.798627 0.000000 0.000000 0.000000 -0.671437 -0.741061 84.36 forward
187.453452 127.988535 0.000000 0.000000 0.000000 -0.672019 -0.740534 84.45 forward
187.471641 128.178717 0.000000 0.000000 0.000000 -0.671602 -0.740912 84.38 forward
187.473785 128.370174 0.000000 0.000000 0.000000 -0.678980 -0.734157 85.53 forward
187.472575 128.548821 0.000000 0.000000 0.000000 -0.679883 -0.733321 85.67 forward
187.485290 128.739029 0.000000 0.000000 0.000000 -0.681449 -0.731866 85.91 forward
187.497249 128.929226 0.000000 0.000000 0.000000 -0.681993 -0.731359 86.00 forward
187.508737 129.119617 0.000000 0.000000 0.000000 -0.683379 -0.730064 86.22 forward
187.519500 129.309978 0.000000 0.000000 0.000000 -0.685307 -0.728254 86.52 forward
187.533808 129.500081 0.000000 0.000000 0.000000 -0.684512 -0.729001 86.39 forward
187.564359 129.679290 0.000000 0.000000 0.000000 -0.684634 -0.728887 86.41 forward
187.574954 129.869590 0.000000 0.000000 0.000000 -0.685653 -0.727929 86.57 forward
187.588262 130.059502 0.000000 0.000000 0.000000 -0.684296 -0.729205 86.36 forward
187.598741 130.249743 0.000000 0.000000 0.000000 -0.685043 -0.728503 86.48 forward
187.608831 130.439938 0.000000 0.000000 0.000000 -0.684359 -0.729145 86.37 forward
187.621840 130.630035 0.000000 0.000000 0.000000 -0.683692 -0.729771 86.27 forward
187.640460 130.760661 0.000000 0.000000 0.000000 -0.682254 -0.731115 86.04 forward
187.650578 130.949619 0.000000 0.000000 0.000000 -0.682801 -0.730604 86.13 forward
187.649414 131.139214 0.000000 0.000000 0.000000 -0.686598 -0.727037 86.72 forward
187.656133 131.328367 0.000000 0.000000 0.000000 -0.687930 -0.725777 86.93 forward
187.662166 131.517580 0.000000 0.000000 0.000000 -0.688932 -0.724826 87.09 forward
187.643217 131.707538 0.000000 0.000000 0.000000 -0.700031 -0.714112 88.86 forward
187.646021 131.893919 0.000000 0.000000 0.000000 -0.700893 -0.713266 89.00 forward
187.644074 132.083154 0.000000 0.000000 0.000000 -0.703544 -0.710652 89.42 forward
187.632013 132.272429 0.000000 0.000000 0.000000 -0.707781 -0.706432 90.11 forward
187.625830 132.461503 0.000000 0.000000 0.000000 -0.710635 -0.703561 90.57 forward
187.618122 132.650573 0.000000 0.000000 0.000000 -0.713581 -0.700573 91.05 forward
187.615771 132.839813 0.000000 0.000000 0.000000 -0.712545 -0.701626 90.88 forward
187.582705 133.018712 0.000000 0.000000 0.000000 -0.717315 -0.696749 91.67 forward
187.572392 133.207416 0.000000 0.000000 0.000000 -0.719431 -0.694564 92.01 forward
187.565485 133.396279 0.000000 0.000000 0.000000 -0.720364 -0.693597 92.17 forward
187.554254 133.584786 0.000000 0.000000 0.000000 -0.722089 -0.691800 92.45 forward
187.542080 133.773369 0.000000 0.000000 0.000000 -0.725099 -0.688645 92.95 forward
187.518663 133.960970 0.000000 0.000000 0.000000 -0.730902 -0.682482 93.92 forward
187.470934 134.134565 0.000000 0.000000 0.000000 -0.735375 -0.677660 94.68 forward
187.452425 134.322370 0.000000 0.000000 0.000000 -0.737655 -0.675177 95.06 forward
187.426052 134.509193 0.000000 0.000000 0.000000 -0.743407 -0.668839 96.04 forward
187.403721 134.696346 0.000000 0.000000 0.000000 -0.745929 -0.666025 96.48 forward
187.379970 134.883383 0.000000 0.000000 0.000000 -0.747813 -0.663909 96.80 forward
187.363244 135.071311 0.000000 0.000000 0.000000 -0.746498 -0.665388 96.58 forward
187.318608 135.241844 0.000000 0.000000 0.000000 -0.750746 -0.660591 97.31 forward
187.292679 135.428400 0.000000 0.000000 0.000000 -0.752629 -0.658445 97.64 forward
187.273651 135.615473 0.000000 0.000000 0.000000 -0.752836 -0.658208 97.67 forward
187.247670 135.801776 0.000000 0.000000 0.000000 -0.754208 -0.656636 97.91 forward
187.220902 135.988027 0.000000 0.000000 0.000000 -0.755168 -0.655531 98.08 forward
187.209448 136.176366 0.000000 0.000000 0.000000 -0.750372 -0.661016 97.25 forward
187.174875 136.346148 0.000000 0.000000 0.000000 -0.752011 -0.659150 97.53 forward
187.149608 136.532251 0.000000 0.000000 0.000000 -0.752520 -0.658569 97.62 forward
187.149384 136.721813 0.000000 0.000000 0.000000 -0.745004 -0.667060 96.32 forward
187.129661 136.908461 0.000000 0.000000 0.000000 -0.744047 -0.668127 96.15 forward
187.110481 137.095076 0.000000 0.000000 0.000000 -0.743524 -0.668710 96.06 forward
187.108315 137.283598 0.000000 0.000000 0.000000 -0.737894 -0.674917 95.10 forward
187.077276 137.452783 0.000000 0.000000 0.000000 -0.738576 -0.674170 95.22 forward
187.061959 137.639486 0.000000 0.000000 0.000000 -0.737226 -0.675647 94.99 forward
187.050148 137.826352 0.000000 0.000000 0.000000 -0.737442 -0.675410 95.03 forward
187.035949 138.013065 0.000000 0.000000 0.000000 -0.736394 -0.676553 94.85 forward
187.022327 138.199780 0.000000 0.000000 0.000000 -0.734798 -0.678286 94.58 forward
187.010826 138.386583 0.000000 0.000000 0.000000 -0.734368 -0.678751 94.51 forward
187.015665 138.606186 0.000000 0.000000 0.000000 -0.732358 -0.680920 94.17 forward
187.003652 138.793673 0.000000 0.000000 0.000000 -0.731583 -0.681752 94.04 forward
186.992676 138.981009 0.000000 0.000000 0.000000 -0.731162 -0.682204 93.97 forward
186.981123 139.168415 0.000000 0.000000 0.000000 -0.730593 -0.682814 93.87 forward
186.969876 139.355861 0.000000 0.000000 0.000000 -0.728759 -0.684770 93.56 forward
186.959471 139.543212 0.000000 0.000000 0.000000 -0.728592 -0.684948 93.54 forward
186.945348 139.749941 0.000000 0.000000 0.000000 -0.727335 -0.686283 93.33 forward
186.934579 139.937713 0.000000 0.000000 0.000000 -0.726915 -0.686727 93.26 forward
186.924287 140.125410 0.000000 0.000000 0.000000 -0.726105 -0.687584 93.12 forward
186.913747 140.313151 0.000000 0.000000 0.000000 -0.725798 -0.687908 93.07 forward
186.903368 140.500932 0.000000 0.000000 0.000000 -0.726107 -0.687582 93.12 forward
186.893361 140.688707 0.000000 0.000000 0.000000 -0.726035 -0.687657 93.11 forward
186.908595 140.889435 0.000000 0.000000 0.000000 -0.724257 -0.689530 92.81 forward
186.899224 141.077480 0.000000 0.000000 0.000000 -0.724032 -0.689766 92.78 forward
186.889708 141.265581 0.000000 0.000000 0.000000 -0.723235 -0.690602 92.64 forward
186.880422 141.453418 0.000000 0.000000 0.000000 -0.723072 -0.690773 92.62 forward
186.871214 141.641436 0.000000 0.000000 0.000000 -0.722075 -0.691815 92.45 forward
186.861897 141.829319 0.000000 0.000000 0.000000 -0.722094 -0.691795 92.46 forward
186.851257 142.020664 0.000000 0.000000 0.000000 -0.721375 -0.692545 92.34 forward
186.842126 142.208904 0.000000 0.000000 0.000000 -0.721252 -0.692672 92.32 forward
186.832812 142.396699 0.000000 0.000000 0.000000 -0.720778 -0.693166 92.24 forward
186.823711 142.584672 0.000000 0.000000 0.000000 -0.720692 -0.693255 92.22 forward
186.814653 142.772696 0.000000 0.000000 0.000000 -0.721779 -0.692123 92.40 forward
186.805340 142.960711 0.000000 0.000000 0.000000 -0.721852 -0.692047 92.42 forward
186.820624 143.149296 0.000000 0.000000 0.000000 -0.720753 -0.693192 92.23 forward
186.812283 143.337273 0.000000 0.000000 0.000000 -0.720695 -0.693253 92.22 forward
186.803460 143.525189 0.000000 0.000000 0.000000 -0.720332 -0.693630 92.16 forward
186.795082 143.713193 0.000000 0.000000 0.000000 -0.720292 -0.693671 92.16 forward
186.786729 143.901138 0.000000 0.000000 0.000000 -0.719752 -0.694231 92.07 forward
186.777932 144.089093 0.000000 0.000000 0.000000 -0.719846 -0.694134 92.08 forward
186.765771 144.271121 0.000000 0.000000 0.000000 -0.719672 -0.694314 92.05 forward
186.757298 144.458952 0.000000 0.000000 0.000000 -0.719643 -0.694345 92.05 forward
186.748526 144.646668 0.000000 0.000000 0.000000 -0.719480 -0.694513 92.02 forward
186.740030 144.834462 0.000000 0.000000 0.000000 -0.719460 -0.694534 92.02 forward
186.731545 145.022248 0.000000 0.000000 0.000000 -0.720760 -0.693184 92.23 forward
186.722818 145.209890 0.000000 0.000000 0.000000 -0.720807 -0.693136 92.24 forward
186.735963 145.391677 0.000000 0.000000 0.000000 -0.720087 -0.693884 92.12 forward
186.728085 145.579366 0.000000 0.000000 0.000000 -0.720070 -0.693901 92.12 forward
186.719708 145.766908 0.000000 0.000000 0.000000 -0.719921 -0.694056 92.10 forward
186.711788 145.954436 0.000000 0.000000 0.000000 -0.719911 -0.694066 92.09 forward
186.703869 146.142130 0.000000 0.000000 0.000000 -0.719402 -0.694594 92.01 forward
186.695496 146.329607 0.000000 0.000000 0.000000 -0.719503 -0.694489 92.03 forward
186.681062 146.506991 0.000000 0.000000 0.000000 -0.719581 -0.694408 92.04 forward
186.672931 146.694321 0.000000 0.000000 0.000000 -0.719574 -0.694416 92.04 forward
186.664544 146.881533 0.000000 0.000000 0.000000 -0.719546 -0.694445 92.03 forward
186.656387 147.068860 0.000000 0.000000 0.000000 -0.719542 -0.694449 92.03 forward
186.648238 147.256110 0.000000 0.000000 0.000000 -0.720798 -0.693145 92.24 forward
186.639865 147.443391 0.000000 0.000000 0.000000 -0.720844 -0.693097 92.25 forward
186.650800 147.622046 0.000000 0.000000 0.000000 -0.720300 -0.693663 92.16 forward
186.643174 147.809159 0.000000 0.000000 0.000000 -0.720296 -0.693667 92.16 forward
186.635151 147.996028 0.000000 0.000000 0.000000 -0.720216 -0.693750 92.14 forward
186.627488 148.183143 0.000000 0.000000 0.000000 -0.720214 -0.693752 92.14 forward
186.619832 148.370240 0.000000 0.000000 0.000000 -0.719613 -0.694375 92.05 forward
186.611786 148.557138 0.000000 0.000000 0.000000 -0.719701 -0.694285 92.06 forward
186.595354 148.732657 0.000000 0.000000 0.000000 -0.719904 -0.694074 92.09 forward
186.587418 148.919576 0.000000 0.000000 0.000000 -0.719902 -0.694075 92.09 forward
186.574617 149.106083 0.000000 0.000000 0.000000 -0.721847 -0.692053 92.41 forward
186.565369 149.292609 0.000000 0.000000 0.000000 -0.722214 -0.691670 92.48 forward
186.555922 149.479210 0.000000 0.000000 0.000000 -0.723404 -0.690425 92.67 forward
186.528931 149.664985 0.000000 0.000000 0.000000 -0.730672 -0.682728 93.89 forward
186.540355 149.843100 0.000000 0.000000 0.000000 -0.729692 -0.683776 93.72 forward
186.526625 150.029221 0.000000 0.000000 0.000000 -0.731029 -0.682347 93.95 forward
186.510342 150.215149 0.000000 0.000000 0.000000 -0.731169 -0.682196 93.97 forward
186.495261 150.401104 0.000000 0.000000 0.000000 -0.732374 -0.680902 94.17 forward
186.479527 150.587038 0.000000 0.000000 0.000000 -0.732380 -0.680896 94.17 forward
186.465500 150.773045 0.000000 0.000000 0.000000 -0.732017 -0.681286 94.11 forward
186.452013 150.995441 0.000000 0.000000 0.000000 -0.732031 -0.681271 94.11 forward
186.435510 151.182034 0.000000 0.000000 0.000000 -0.732921 -0.680314 94.26 forward
186.420607 151.368627 0.000000 0.000000 0.000000 -0.731525 -0.681814 94.03 forward
186.403912 151.555137 0.000000 0.000000 0.000000 -0.732177 -0.681115 94.14 forward
186.386878 151.741506 0.000000 0.000000 0.000000 -0.733571 -0.679613 94.37 forward
186.371622 151.928017 0.000000 0.000000 0.000000 -0.733178 -0.680037 94.31 forward
186.349309 152.138004 0.000000 0.000000 0.000000 -0.734438 -0.678676 94.52 forward
186.331781 152.324892 0.000000 0.000000 0.000000 -0.734912 -0.678163 94.60 forward
186.315739 152.511854 0.000000 0.000000 0.000000 -0.735229 -0.677819 94.65 forward
186.298189 152.698689 0.000000 0.000000 0.000000 -0.735574 -0.677444 94.71 forward
186.280455 152.885510 0.000000 0.000000 0.000000 -0.736683 -0.676239 94.90 forward
186.264283 153.072361 0.000000 0.000000 0.000000 -0.736350 -0.676601 94.84 forward
186.237675 153.272440 0.000000 0.000000 0.000000 -0.737846 -0.674969 95.10 forward
186.219578 153.459513 0.000000 0.000000 0.000000 -0.738098 -0.674694 95.14 forward
186.202806 153.646546 0.000000 0.000000 0.000000 -0.738706 -0.674028 95.24 forward
186.184766 153.833536 0.000000 0.000000 0.000000 -0.738890 -0.673827 95.27 forward
186.166623 154.020608 0.000000 0.000000 0.000000 -0.739528 -0.673126 95.38 forward
186.149859 154.207478 0.000000 0.000000 0.000000 -0.739241 -0.673441 95.33 forward
186.121326 154.399977 0.000000 0.000000 0.000000 -0.740529 -0.672024 95.55 forward
186.102907 154.586958 0.000000 0.000000 0.000000 -0.740662 -0.671877 95.58 forward
186.085622 154.774164 0.000000 0.000000 0.000000 -0.741202 -0.671282 95.67 forward
186.067279 154.961200 0.000000 0.000000 0.000000 -0.741299 -0.671175 95.68 forward
186.048888 155.148217 0.000000 0.000000 0.000000 -0.741520 -0.670930 95.72 forward
186.031648 155.335329 0.000000 0.000000 0.000000 -0.741279 -0.671197 95.68 forward
186.002508 155.521566 0.000000 0.000000 0.000000 -0.742322 -0.670044 95.86 forward
185.983850 155.708645 0.000000 0.000000 0.000000 -0.742392 -0.669965 95.87 forward
185.966194 155.895676 0.000000 0.000000 0.000000 -0.742819 -0.669492 95.94 forward
185.947623 156.082753 0.000000 0.000000 0.000000 -0.742871 -0.669435 95.95 forward
185.929038 156.269714 0.000000 0.000000 0.000000 -0.742813 -0.669499 95.94 forward
185.911436 156.456851 0.000000 0.000000 0.000000 -0.742606 -0.669729 95.91 forward
185.882362 156.638429 0.000000 0.000000 0.000000 -0.743454 -0.668787 96.05 forward
185.863535 156.825338 0.000000 0.000000 0.000000 -0.743492 -0.668745 96.06 forward
185.845591 157.012214 0.000000 0.000000 0.000000 -0.743821 -0.668379 96.12 forward
185.826852 157.199110 0.000000 0.000000 0.000000 -0.743849 -0.668348 96.12 forward
185.808101 157.385990 0.000000 0.000000 0.000000 -0.743624 -0.668598 96.08 forward
185.790209 157.572877 0.000000 0.000000 0.000000 -0.743449 -0.668793 96.05 forward
185.756448 157.797475 0.000000 0.000000 0.000000 -0.744159 -0.668002 96.17 forward
185.737362 157.985075 0.000000 0.000000 0.000000 -0.744180 -0.667979 96.18 forward
185.711803 158.171971 0.000000 0.000000 0.000000 -0.747210 -0.664588 96.70 forward
185.690842 158.359252 0.000000 0.000000 0.000000 -0.747741 -0.663991 96.79 forward
185.669557 158.546718 0.000000 0.000000 0.000000 -0.747486 -0.664278 96.75 forward
185.632221 158.732365 0.000000 0.000000 0.000000 -0.753987 -0.656889 97.87 forward
185.603382 158.942853 0.000000 0.000000 0.000000 -0.753972 -0.656907 97.87 forward
185.577131 159.130140 0.000000 0.000000 0.000000 -0.755333 -0.655341 98.11 forward
185.551299 159.317420 0.000000 0.000000 0.000000 -0.754979 -0.655749 98.05 forward
185.524208 159.504548 0.000000 0.000000 0.000000 -0.756091 -0.654466 98.24 forward
185.496470 159.691663 0.000000 0.000000 0.000000 -0.756514 -0.653977 98.32 forward
185.471620 159.878939 0.000000 0.000000 0.000000 -0.755916 -0.654668 98.21 forward
185.452636 160.079335 0.000000 0.000000 0.000000 -0.755787 -0.654817 98.19 forward
185.424469 160.266580 0.000000 0.000000 0.000000 -0.756602 -0.653875 98.33 forward
185.398547 160.454181 0.000000 0.000000 0.000000 -0.755194 -0.655501 98.08 forward
185.370259 160.641409 0.000000 0.000000 0.000000 -0.755792 -0.654812 98.19 forward
185.341621 160.828658 0.000000 0.000000 0.000000 -0.755704 -0.654913 98.17 forward
185.315415 161.016160 0.000000 0.000000 0.000000 -0.755195 -0.655500 98.08 forward
185.306893 161.208366 0.000000 0.000000 0.000000 -0.753822 -0.657078 97.85 forward
185.278568 161.395627 0.000000 0.000000 0.000000 -0.754259 -0.656576 97.92 forward
185.251888 161.583235 0.000000 0.000000 0.000000 -0.752989 -0.658033 97.70 forward
185.223552 161.770563 0.000000 0.000000 0.000000 -0.753308 -0.657668 97.76 forward
185.195029 161.957928 0.000000 0.000000 0.000000 -0.753478 -0.657473 97.79 forward
185.168221 162.145425 0.000000 0.000000 0.000000 -0.753126 -0.657876 97.72 forward
185.123288 162.326383 0.000000 0.000000 0.000000 -0.754577 -0.656211 97.98 forward
185.094195 162.513620 0.000000 0.000000 0.000000 -0.754810 -0.655943 98.02 forward
185.066658 162.700927 0.000000 0.000000 0.000000 -0.755210 -0.655482 98.09 forward
185.037643 162.888136 0.000000 0.000000 0.000000 -0.755380 -0.655287 98.12 forward
185.008528 163.075356 0.000000 0.000000 0.000000 -0.757238 -0.653139 98.44 forward
184.980962 163.262727 0.000000 0.000000 0.000000 -0.756927 -0.653500 98.39 forward
184.956180 163.440538 0.000000 0.000000 0.000000 -0.758187 -0.652037 98.61 forward
184.927186 163.627590 0.000000 0.000000 0.000000 -0.758311 -0.651893 98.63 forward
184.899374 163.814657 0.000000 0.000000 0.000000 -0.759002 -0.651089 98.75 forward
184.870470 164.001668 0.000000 0.000000 0.000000 -0.759091 -0.650985 98.77 forward
184.841485 164.188883 0.000000 0.000000 0.000000 -0.758829 -0.651289 98.72 forward
184.813685 164.375997 0.000000 0.000000 0.000000 -0.758593 -0.651564 98.68 forward
184.803656 164.551686 0.000000 0.000000 0.000000 -0.757262 -0.653112 98.45 forward
184.775266 164.738532 0.000000 0.000000 0.000000 -0.757326 -0.653037 98.46 forward
184.747493 164.925397 0.000000 0.000000 0.000000 -0.756435 -0.654069 98.30 forward
184.719144 165.112266 0.000000 0.000000 0.000000 -0.756483 -0.654013 98.31 forward
184.690754 165.299249 0.000000 0.000000 0.000000 -0.756072 -0.654489 98.24 forward
184.663055 165.486061 0.000000 0.000000 0.000000 -0.755935 -0.654647 98.21 forward
184.613571 165.701262 0.000000 0.000000 0.000000 -0.756834 -0.653607 98.37 forward
184.584664 165.888707 0.000000 0.000000 0.000000 -0.756869 -0.653567 98.38 forward
184.556424 166.076078 0.000000 0.000000 0.000000 -0.757157 -0.653233 98.43 forward
184.527569 166.263554 0.000000 0.000000 0.000000 -0.757184 -0.653202 98.43 forward
184.498702 166.451020 0.000000 0.000000 0.000000 -0.758469 -0.651710 98.66 forward
184.470507 166.638665 0.000000 0.000000 0.000000 -0.758329 -0.651872 98.63 forward
184.442585 166.842508 0.000000 0.000000 0.000000 -0.759061 -0.651019 98.76 forward
184.413807 167.030347 0.000000 0.000000 0.000000 -0.759081 -0.650996 98.77 forward
184.385491 167.218216 0.000000 0.000000 0.000000 -0.759582 -0.650411 98.85 forward
184.356755 167.406088 0.000000 0.000000 0.000000 -0.759597 -0.650394 98.86 forward
184.328008 167.593996 0.000000 0.000000 0.000000 -0.759099 -0.650975 98.77 forward
184.299756 167.781779 0.000000 0.000000 0.000000 -0.759004 -0.651086 98.75 forward
184.287377 167.976596 0.000000 0.000000 0.000000 -0.757466 -0.652874 98.48 forward
184.259138 168.164693 0.000000 0.000000 0.000000 -0.757476 -0.652862 98.48 forward
184.231038 168.352756 0.000000 0.000000 0.000000 -0.756546 -0.653941 98.32 forward
184.202819 168.540861 0.000000 0.000000 0.000000 -0.756553 -0.653933 98.32 forward
184.174596 168.728989 0.000000 0.000000 0.000000 -0.756033 -0.654534 98.23 forward
184.146490 168.917090 0.000000 0.000000 0.000000 -0.756013 -0.654556 98.23 forward
184.099793 169.099057 0.000000 0.000000 0.000000 -0.756963 -0.653457 98.39 forward
184.071042 169.287129 0.000000 0.000000 0.000000 -0.756969 -0.653451 98.40 forward
184.042676 169.475128 0.000000 0.000000 0.000000 -0.757312 -0.653054 98.46 forward
184.013988 169.663101 0.000000 0.000000 0.000000 -0.757314 -0.653050 98.46 forward
183.985284 169.851182 0.000000 0.000000 0.000000 -0.758627 -0.651526 98.69 forward
183.956940 170.039202 0.000000 0.000000 0.000000 -0.758556 -0.651608 98.67 forward
183.931134 170.217088 0.000000 0.000000 0.000000 -0.759447 -0.650569 98.83 forward
183.902540 170.404963 0.000000 0.000000 0.000000 -0.759448 -0.650568 98.83 forward
183.874166 170.592831 0.000000 0.000000 0.000000 -0.760095 -0.649812 98.95 forward
183.845586 170.780793 0.000000 0.000000 0.000000 -0.760096 -0.649810 98.95 forward
183.817025 170.968634 0.000000 0.000000 0.000000 -0.759493 -0.650515 98.84 forward
183.788694 171.156454 0.000000 0.000000 0.000000 -0.759449 -0.650567 98.83 forward
183.777890 171.331222 0.000000 0.000000 0.000000 -0.757920 -0.652348 98.56 forward
183.749833 171.518890 0.000000 0.000000 0.000000 -0.757921 -0.652346 98.56 forward
183.721784 171.706554 0.000000 0.000000 0.000000 -0.757001 -0.653414 98.40 forward
183.693737 171.894242 0.000000 0.000000 0.000000 -0.756999 -0.653416 98.40 forward
183.665687 172.081990 0.000000 0.000000 0.000000 -0.756379 -0.654134 98.29 forward
183.637667 172.269603 0.000000 0.000000 0.000000 -0.756369 -0.654146 98.29 forward
183.587482 172.482905 0.000000 0.000000 0.000000 -0.757176 -0.653211 98.43 forward
183.558854 172.671169 0.000000 0.000000 0.000000 -0.757172 -0.653215 98.43 forward
183.530409 172.859357 0.000000 0.000000 0.000000 -0.757479 -0.652860 98.48 forward
183.501809 173.047585 0.000000 0.000000 0.000000 -0.757477 -0.652862 98.48 forward
183.473200 173.235894 0.000000 0.000000 0.000000 -0.758616 -0.651538 98.68 forward
183.444785 173.424128 0.000000 0.000000 0.000000 -0.758582 -0.651578 98.68 forward
183.416165 173.625748 0.000000 0.000000 0.000000 -0.759286 -0.650757 98.80 forward
183.387591 173.814359 0.000000 0.000000 0.000000 -0.759285 -0.650758 98.80 forward
183.359165 174.002883 0.000000 0.000000 0.000000 -0.759816 -0.650138 98.90 forward
183.330619 174.191455 0.000000 0.000000 0.000000 -0.759814 -0.650140 98.90 forward
183.302056 174.380158 0.000000 0.000000 0.000000 -0.759217 -0.650838 98.79 forward
183.273624 174.568729 0.000000 0.000000 0.000000 -0.759195 -0.650864 98.79 forward
183.260627 174.760776 0.000000 0.000000 0.000000 -0.757663 -0.652646 98.52 forward
183.232518 174.949635 0.000000 0.000000 0.000000 -0.757661 -0.652648 98.52 forward
183.204283 175.138266 0.000000 0.000000 0.000000 -0.756786 -0.653663 98.36 forward
183.176181 175.326986 0.000000 0.000000 0.000000 -0.756786 -0.653662 98.36 forward
183.148068 175.515798 0.000000 0.000000 0.000000 -0.756188 -0.654355 98.26 forward
183.119817 175.704522 0.000000 0.000000 0.000000 -0.756224 -0.654313 98.26 forward
183.072515 175.883672 0.000000 0.000000 0.000000 -0.757196 -0.653188 98.44 forward
183.043825 176.072342 0.000000 0.000000 0.000000 -0.757198 -0.653185 98.44 forward
183.015338 176.260875 0.000000 0.000000 0.000000 -0.757585 -0.652736 98.50 forward
182.986666 176.449569 0.000000 0.000000 0.000000 -0.757587 -0.652734 98.50 forward
182.957999 176.638231 0.000000 0.000000 0.000000 -0.758835 -0.651283 98.72 forward
182.929528 176.826739 0.000000 0.000000 0.000000 -0.758803 -0.651320 98.72 forward
182.903280 177.001802 0.000000 0.000000 0.000000 -0.759715 -0.650256 98.88 forward
182.874685 177.190171 0.000000 0.000000 0.000000 -0.759717 -0.650254 98.88 forward
182.846197 177.378502 0.000000 0.000000 0.000000 -0.760394 -0.649462 99.00 forward
182.817598 177.566963 0.000000 0.000000 0.000000 -0.760397 -0.649458 99.00 forward
182.788995 177.755441 0.000000 0.000000 0.000000 -0.759738 -0.650230 98.88 forward
182.760541 177.943796 0.000000 0.000000 0.000000 -0.759713 -0.650258 98.88 forward
182.749514 178.115524 0.000000 0.000000 0.000000 -0.758194 -0.652029 98.61 forward
182.721400 178.303694 0.000000 0.000000 0.000000 -0.758197 -0.652026 98.61 forward
182.693198 178.491829 0.000000 0.000000 0.000000 -0.757302 -0.653064 98.45 forward
182.665082 178.679972 0.000000 0.000000 0.000000 -0.757304 -0.653062 98.45 forward
182.636958 178.868185 0.000000 0.000000 0.000000 -0.756637 -0.653835 98.34 forward
182.608790 179.056228 0.000000 0.000000 0.000000 -0.756649 -0.653822 98.34 forward
182.563079 179.220455 0.000000 0.000000 0.000000 -0.757632 -0.652682 98.51 forward
182.534432 179.408159 0.000000 0.000000 0.000000 -0.757633 -0.652681 98.51 forward
182.506019 179.595772 0.000000 0.000000 0.000000 -0.758018 -0.652234 98.58 forward
182.477399 179.783478 0.000000 0.000000 0.000000 -0.758017 -0.652235 98.58 forward
182.448777 179.971208 0.000000 0.000000 0.000000 -0.759221 -0.650833 98.79 forward
182.420352 180.158851 0.000000 0.000000 0.000000 -0.759188 -0.650871 98.79 forward
182.390834 180.369501 0.000000 0.000000 0.000000 -0.759896 -0.650045 98.91 forward
182.362231 180.557699 0.000000 0.000000 0.000000 -0.759896 -0.650044 98.91 forward
182.333783 180.745901 0.000000 0.000000 0.000000 -0.760433 -0.649416 99.00 forward
182.305220 180.934006 0.000000 0.000000 0.000000 -0.760431 -0.649419 99.00 forward
182.276638 181.122255 0.000000 0.000000 0.000000 -0.759661 -0.650319 98.87 forward
182.248166 181.310473 0.000000 0.000000 0.000000 -0.759638 -0.650346 98.86 forward
182.234504 181.510019 0.000000 0.000000 0.000000 -0.757957 -0.652304 98.57 forward
182.206353 181.698672 0.000000 0.000000 0.000000 -0.757954 -0.652308 98.57 forward
182.178126 181.886947 0.000000 0.000000 0.000000 -0.756967 -0.653453 98.40 forward
182.150005 182.075358 0.000000 0.000000 0.000000 -0.756964 -0.653457 98.39 forward
182.121864 182.263936 0.000000 0.000000 0.000000 -0.756319 -0.654203 98.28 forward
182.093634 182.452142 0.000000 0.000000 0.000000 -0.756348 -0.654169 98.29 forward
182.045812 182.637666 0.000000 0.000000 0.000000 -0.757247 -0.653128 98.44 forward
182.017104 182.826175 0.000000 0.000000 0.000000 -0.757245 -0.653130 98.44 forward
181.988569 183.014531 0.000000 0.000000 0.000000 -0.757594 -0.652726 98.51 forward
181.959890 183.202972 0.000000 0.000000 0.000000 -0.757593 -0.652728 98.50 forward
181.931205 183.391462 0.000000 0.000000 0.000000 -0.758833 -0.651285 98.72 forward
181.902664 183.579897 0.000000 0.000000 0.000000 -0.758809 -0.651314 98.72 forward
181.876116 183.759637 0.000000 0.000000 0.000000 -0.759680 -0.650297 98.87 forward
181.847493 183.947962 0.000000 0.000000 0.000000 -0.759680 -0.650298 98.87 forward
181.818967 184.136269 0.000000 0.000000 0.000000 -0.760330 -0.649537 98.99 forward
181.790362 184.324555 0.000000 0.000000 0.000000 -0.760330 -0.649537 98.99 forward
181.761725 184.513054 0.000000 0.000000 0.000000 -0.759687 -0.650289 98.87 forward
181.733189 184.701567 0.000000 0.000000 0.000000 -0.759666 -0.650314 98.87 forward
181.722012 184.876682 0.000000 0.000000 0.000000 -0.758132 -0.652101 98.60 forward
181.693882 185.064827 0.000000 0.000000 0.000000 -0.758131 -0.652102 98.60 forward
181.665639 185.252857 0.000000 0.000000 0.000000 -0.757239 -0.653138 98.44 forward
181.637498 185.441004 0.000000 0.000000 0.000000 -0.757239 -0.653138 98.44 forward
181.609359 185.629149 0.000000 0.000000 0.000000 -0.756587 -0.653893 98.33 forward
181.581128 185.817158 0.000000 0.000000 0.000000 -0.756609 -0.653868 98.33 forward
181.535268 185.984394 0.000000 0.000000 0.000000 -0.757576 -0.652747 98.50 forward
181.506598 186.172100 0.000000 0.000000 0.000000 -0.757576 -0.652747 98.50 forward
181.478071 186.359815 0.000000 0.000000 0.000000 -0.757974 -0.652285 98.57 forward
181.449410 186.547548 0.000000 0.000000 0.000000 -0.757975 -0.652284 98.57 forward
181.420750 186.735267 0.000000 0.000000 0.000000 -0.759194 -0.650864 98.79 forward
181.392275 186.922947 0.000000 0.000000 0.000000 -0.759158 -0.650907 98.78 forward
181.362692 187.135907 0.000000 0.000000 0.000000 -0.759852 -0.650096 98.90 forward
181.334057 187.324119 0.000000 0.000000 0.000000 -0.759852 -0.650096 98.90 forward
181.305505 187.512260 0.000000 0.000000 0.000000 -0.760409 -0.649445 99.00 forward
181.276873 187.700499 0.000000 0.000000 0.000000 -0.760410 -0.649443 99.00 forward
181.248221 187.888865 0.000000 0.000000 0.000000 -0.759659 -0.650322 98.87 forward
181.219705 188.076899 0.000000 0.000000 0.000000 -0.759642 -0.650342 98.87 forward
181.206044 188.278267 0.000000 0.000000 0.000000 -0.757951 -0.652311 98.57 forward
181.177854 188.466836 0.000000 0.000000 0.000000 -0.757952 -0.652311 98.57 forward
181.149667 188.655118 0.000000 0.000000 0.000000 -0.756928 -0.653498 98.39 forward
181.121467 188.843847 0.000000 0.000000 0.000000 -0.756923 -0.653504 98.39 forward
181.093286 189.032486 0.000000 0.000000 0.000000 -0.756294 -0.654232 98.28 forward
181.065654 189.221182 0.000000 0.000000 0.000000 -0.756067 -0.654495 98.24 forward
181.017871 189.407640 0.000000 0.000000 0.000000 -0.756971 -0.653449 98.40 forward
180.989308 189.596172 0.000000 0.000000 0.000000 -0.756931 -0.653495 98.39 forward
180.961392 189.784697 0.000000 0.000000 0.000000 -0.757122 -0.653273 98.42 forward
180.932973 189.973360 0.000000 0.000000 0.000000 -0.757062 -0.653344 98.41 forward
180.904593 190.162000 0.000000 0.000000 0.000000 -0.758293 -0.651914 98.63 forward
180.877052 190.350656 0.000000 0.000000 0.000000 -0.757997 -0.652258 98.58 forward
180.854709 190.484961 0.000000 0.000000 0.000000 -0.759089 -0.650987 98.77 forward
180.826691 190.672459 0.000000 0.000000 0.000000 -0.759004 -0.651086 98.75 forward
180.799354 190.860120 0.000000 0.000000 0.000000 -0.759609 -0.650380 98.86 forward
180.771547 191.047663 0.000000 0.000000 0.000000 -0.759505 -0.650502 98.84 forward
180.743784 191.235312 0.000000 0.000000 0.000000 -0.758883 -0.651228 98.73 forward
180.716053 191.422887 0.000000 0.000000 0.000000 -0.758853 -0.651262 98.73 forward
180.716373 191.471990 0.000000 0.000000 0.000000 -0.758631 -0.651521 98.69 forward
180.689348 191.656828 0.000000 0.000000 0.000000 -0.757729 -0.652569 98.53 forward
180.669102 191.842560 0.000000 0.000000 0.000000 -0.754699 -0.656071 98.00 forward
180.643902 192.027561 0.000000 0.000000 0.000000 -0.753964 -0.656916 97.87 forward
180.618986 192.212670 0.000000 0.000000 0.000000 -0.753444 -0.657512 97.78 forward
180.608806 192.399453 0.000000 0.000000 0.000000 -0.748017 -0.663679 96.84 forward
180.626797 192.339736 0.000000 0.000000 0.000000 -0.746650 -0.665218 96.60 forward
180.607009 192.520253 0.000000 0.000000 0.000000 -0.745359 -0.666663 96.38 forward
180.604223 192.702481 0.000000 0.000000 0.000000 -0.737233 -0.675639 94.99 forward
180.589575 192.883439 0.000000 0.000000 0.000000 -0.735001 -0.678066 94.61 forward
180.576127 193.064431 0.000000 0.000000 0.000000 -0.733405 -0.679792 94.35 forward
180.584547 193.247048 0.000000 0.000000 0.000000 -0.723588 -0.690232 92.70 forward
180.604587 193.108556 0.000000 0.000000 0.000000 -0.720510 -0.693444 92.19 forward
180.599154 193.283116 0.000000 0.000000 0.000000 -0.717255 -0.696810 91.66 forward
180.615548 193.458716 0.000000 0.000000 0.000000 -0.705402 -0.708808 89.72 forward
180.617645 193.633072 0.000000 0.000000 0.000000 -0.703595 -0.710602 89.43 forward
180.621898 193.807318 0.000000 0.000000 0.000000 -0.699184 -0.714942 88.72 forward
180.655275 193.981703 0.000000 0.000000 0.000000 -0.686940 -0.726714 86.78 forward
180.707527 193.748347 0.000000 0.000000 0.000000 -0.680781 -0.732487 85.81 forward
180.723187 193.913209 0.000000 0.000000 0.000000 -0.674975 -0.737841 84.90 forward
180.763577 194.076654 0.000000 0.000000 0.000000 0.659341 0.751844 82.50 forward
180.788607 194.239879 0.000000 0.000000 0.000000 0.652268 0.757989 81.43 forward
180.816673 194.402503 0.000000 0.000000 0.000000 0.642433 0.766342 79.95 forward
180.883708 194.560267 0.000000 0.000000 0.000000 0.619382 0.785090 76.54 forward
180.969831 194.315416 0.000000 0.000000 0.000000 0.608595 0.793481 74.98 forward
181.013075 194.465648 0.000000 0.000000 0.000000 0.599147 0.800639 73.62 forward
181.085375 194.609162 0.000000 0.000000 0.000000 0.576588 0.817035 70.42 forward
181.140086 194.754794 0.000000 0.000000 0.000000 0.565412 0.824809 68.86 forward
181.198674 194.898703 0.000000 0.000000 0.000000 0.547445 0.836842 66.38 forward
181.284487 195.034262 0.000000 0.000000 0.000000 0.525464 0.850816 63.40 forward
181.363545 194.752413 0.000000 0.000000 0.000000 0.510657 0.859785 61.42 forward
181.434109 194.880309 0.000000 0.000000 0.000000 0.497868 0.867253 59.72 forward
181.522857 195.000218 0.000000 0.000000 0.000000 0.477423 0.878674 57.03 forward
181.602487 195.121821 0.000000 0.000000 0.000000 0.463743 0.885970 55.26 forward
181.685771 195.240767 0.000000 0.000000 0.000000 0.449934 0.893062 53.48 forward
181.783899 195.351514 0.000000 0.000000 0.000000 0.431245 0.902235 51.09 forward
181.864501 195.070420 0.000000 0.000000 0.000000 0.413770 0.910381 48.88 forward
181.955323 195.171997 0.000000 0.000000 0.000000 0.399372 0.916789 47.08 forward
182.051241 195.269998 0.000000 0.000000 0.000000 0.385991 0.922503 45.41 forward
182.147364 195.365399 0.000000 0.000000 0.000000 0.371924 0.928263 43.67 forward
182.246044 195.457525 0.000000 0.000000 0.000000 0.357775 0.933808 41.93 forward
182.351979 195.542658 0.000000 0.000000 0.000000 0.341199 0.939991 39.90 forward
182.380323 195.199973 0.000000 0.000000 0.000000 0.322766 0.946479 37.66 forward
182.480911 195.274236 0.000000 0.000000 0.000000 0.308243 0.951308 35.91 forward
182.586248 195.342098 0.000000 0.000000 0.000000 0.291485 0.956575 33.89 forward
182.690749 195.409050 0.000000 0.000000 0.000000 0.276615 0.960981 32.12 forward
182.796941 195.472485 0.000000 0.000000 0.000000 0.261671 0.965157 30.34 forward
182.908762 195.526318 0.000000 0.000000 0.000000 0.242122 0.970246 28.02 forward
182.911699 195.216655 0.000000 0.000000 0.000000 0.222372 0.974962 25.70 forward
183.016823 195.262505 0.000000 0.000000 0.000000 0.206657 0.978414 23.85 forward
183.121905 195.307238 0.000000 0.000000 0.000000 0.194576 0.980887 22.44 forward
183.228422 195.346601 0.000000 0.000000 0.000000 0.179378 0.983780 20.67 forward
183.335667 195.382436 0.000000 0.000000 0.000000 0.164130 0.986439 18.89 forward
183.441066 195.421918 0.000000 0.000000 0.000000 0.156381 0.987697 17.99 forward
183.459185 195.125495 0.000000 0.000000 0.000000 0.137347 0.990523 15.79 forward
183.562034 195.147396 0.000000 0.000000 0.000000 0.123125 0.992391 14.14 forward
183.661018 195.180681 0.000000 0.000000 0.000000 0.124220 0.992255 14.27 forward
183.763184 195.199534 0.000000 0.000000 0.000000 0.112046 0.993703 12.87 forward
183.865248 195.215687 0.000000 0.000000 0.000000 0.099852 0.995002 11.46 forward
183.963419 195.246812 0.000000 0.000000 0.000000 0.103964 0.994581 11.93 forward
184.052782 195.038040 0.000000 0.000000 0.000000 0.089700 0.995969 10.29 forward
184.151021 195.045357 0.000000 0.000000 0.000000 0.079557 0.996830 9.13 forward
184.246102 195.067677 0.000000 0.000000 0.000000 0.086510 0.996251 9.93 forward
184.343108 195.073968 0.000000 0.000000 0.000000 0.078319 0.996928 8.98 forward
184.439637 195.078480 0.000000 0.000000 0.000000 0.070119 0.997539 8.04 forward
184.533363 195.098800 0.000000 0.000000 0.000000 0.077232 0.997013 8.86 forward
184.750434 194.984542 0.000000 0.000000 0.000000 0.067885 0.997693 7.79 forward
184.846474 194.982889 0.000000 0.000000 0.000000 0.061275 0.998121 7.03 forward
184.940781 194.995973 0.000000 0.000000 0.000000 0.070354 0.997522 8.07 forward
185.035547 194.994316 0.000000 0.000000 0.000000 0.039076 0.999236 4.48 forward
185.129712 194.991505 0.000000 0.000000 0.000000 0.034032 0.999421 3.90 forward
185.222084 194.996252 0.000000 0.000000 0.000000 0.034740 0.999396 3.98 forward
185.551299 194.926929 0.000000 0.000000 0.000000 0.001598 0.999999 0.18 forward
185.647883 194.917848 0.000000 0.000000 0.000000 -0.003339 0.999994 -0.38 forward
185.742604 194.907594 0.000000 0.000000 0.000000 -0.011230 0.999937 -1.29 forward
185.837790 194.895415 0.000000 0.000000 0.000000 -0.017235 0.999851 -1.98 forward
185.932233 194.881908 0.000000 0.000000 0.000000 -0.030174 0.999545 -3.46 forward
186.024060 194.861179 0.000000 0.000000 0.000000 -0.044834 0.998994 -5.14 forward
186.372874 194.840476 0.000000 0.000000 0.000000 -0.053843 0.998549 -6.17 forward
186.469841 194.818539 0.000000 0.000000 0.000000 -0.061547 0.998104 -7.06 forward
186.563459 194.785656 0.000000 0.000000 0.000000 -0.081268 0.996692 -9.32 forward
186.657983 194.757948 0.000000 0.000000 0.000000 -0.090943 0.995856 -10.44 forward
186.751429 194.728267 0.000000 0.000000 0.000000 -0.095920 0.995389 -11.01 forward
186.839673 194.683349 0.000000 0.000000 0.000000 -0.120101 0.992762 -13.80 forward
187.208706 194.670629 0.000000 0.000000 0.000000 -0.115725 0.993281 -13.29 forward
187.303151 194.629875 0.000000 0.000000 0.000000 -0.127519 0.991836 -14.65 forward
187.393605 194.579725 0.000000 0.000000 0.000000 -0.146129 0.989265 -16.81 forward
187.484314 194.533140 0.000000 0.000000 0.000000 -0.151400 0.988473 -17.42 forward
187.573333 194.484197 0.000000 0.000000 0.000000 -0.163902 0.986477 -18.87 forward
187.661004 194.432821 0.000000 0.000000 0.000000 -0.174182 0.984713 -20.06 forward
187.974640 194.443743 0.000000 0.000000 0.000000 -0.163523 0.986540 -18.82 forward
188.063766 194.387821 0.000000 0.000000 0.000000 -0.175399 0.984497 -20.20 forward
188.154881 194.335628 0.000000 0.000000 0.000000 -0.177375 0.984143 -20.43 forward
188.241561 194.277292 0.000000 0.000000 0.000000 -0.185546 0.982636 -21.39 forward
188.326503 194.217196 0.000000 0.000000 0.000000 -0.195671 0.980670 -22.57 forward
188.415709 194.163858 0.000000 0.000000 0.000000 -0.194315 0.980939 -22.41 forward
188.733247 194.164036 0.000000 0.000000 0.000000 -0.182620 0.983183 -21.04 forward
188.820106 194.100495 0.000000 0.000000 0.000000 -0.190988 0.981592 -22.02 forward
188.912299 194.044731 0.000000 0.000000 0.000000 -0.186330 0.982487 -21.48 forward
188.997810 193.980649 0.000000 0.000000 0.000000 -0.198245 0.980153 -22.87 forward
189.082084 193.915411 0.000000 0.000000 0.000000 -0.204707 0.978823 -23.62 forward
189.170747 193.856972 0.000000 0.000000 0.000000 -0.202436 0.979296 -23.36 forward
189.536393 193.815271 0.000000 0.000000 0.000000 -0.204278 0.978913 -23.57 forward
189.624267 193.747038 0.000000 0.000000 0.000000 -0.198672 0.980066 -22.92 forward
189.710284 193.677420 0.000000 0.000000 0.000000 -0.205600 0.978636 -23.73 forward
189.795579 193.606975 0.000000 0.000000 0.000000 -0.211393 0.977401 -24.41 forward
189.879700 193.535486 0.000000 0.000000 0.000000 -0.224793 0.974407 -25.98 forward
189.956760 193.456787 0.000000 0.000000 0.000000 -0.239195 0.970971 -27.68 forward
190.321275 193.438654 0.000000 0.000000 0.000000 -0.241874 0.970308 -27.99 forward
190.406595 193.361985 0.000000 0.000000 0.000000 -0.233343 0.972394 -26.99 forward
190.480684 193.273478 0.000000 0.000000 0.000000 -0.254379 0.967104 -29.47 forward
190.560694 193.192007 0.000000 0.000000 0.000000 -0.263374 0.964694 -30.54 forward
190.638848 193.109089 0.000000 0.000000 0.000000 -0.273740 0.961804 -31.77 forward
190.703738 193.013405 0.000000 0.000000 0.000000 -0.295507 0.955341 -34.38 forward
191.037363 192.971393 0.000000 0.000000 0.000000 -0.301687 0.953407 -35.12 forward
191.113087 192.881243 0.000000 0.000000 0.000000 -0.312148 0.950033 -36.38 forward
191.178043 192.781347 0.000000 0.000000 0.000000 -0.330838 0.943687 -38.64 forward
191.247607 192.686863 0.000000 0.000000 0.000000 -0.339645 0.940554 -39.71 forward
191.314600 192.590908 0.000000 0.000000 0.000000 -0.350688 0.936493 -41.06 forward
191.373881 192.488518 0.000000 0.000000 0.000000 -0.364687 0.931130 -42.78 forward
191.615150 192.483638 0.000000 0.000000 0.000000 -0.371549 0.928413 -43.62 forward
191.678762 192.383531 0.000000 0.000000 0.000000 -0.382468 0.923969 -44.97 forward
191.738397 192.280187 0.000000 0.000000 0.000000 -0.392210 0.919876 -46.18 forward
191.797111 192.177612 0.000000 0.000000 0.000000 -0.399550 0.916711 -47.10 forward
191.853298 192.073843 0.000000 0.000000 0.000000 -0.409752 0.912197 -48.38 forward
191.912632 191.971162 0.000000 0.000000 0.000000 -0.412227 0.911081 -48.69 forward
192.102077 191.909879 0.000000 0.000000 0.000000 -0.418103 0.908400 -49.43 forward
192.156263 191.803744 0.000000 0.000000 0.000000 -0.426800 0.904346 -50.53 forward
192.218357 191.700997 0.000000 0.000000 0.000000 -0.423168 0.906051 -50.07 forward
192.271064 191.594645 0.000000 0.000000 0.000000 -0.436099 0.899899 -51.71 forward
192.322021 191.487613 0.000000 0.000000 0.000000 -0.442687 0.896676 -52.55 forward
192.382001 191.384728 0.000000 0.000000 0.000000 -0.438884 0.898544 -52.07 forward
192.578680 191.342581 0.000000 0.000000 0.000000 -0.427892 0.903830 -50.67 forward
192.631187 191.235463 0.000000 0.000000 0.000000 -0.432970 0.901408 -51.31 forward
192.685243 191.129221 0.000000 0.000000 0.000000 -0.434931 0.900464 -51.56 forward
192.735719 191.021593 0.000000 0.000000 0.000000 -0.445074 0.895494 -52.86 forward
192.784920 190.913558 0.000000 0.000000 0.000000 -0.449683 0.893188 -53.45 forward
192.831282 190.804693 0.000000 0.000000 0.000000 -0.455763 0.890101 -54.23 forward
193.001429 190.775047 0.000000 0.000000 0.000000 -0.457558 0.889180 -54.46 forward
193.049866 190.666609 0.000000 0.000000 0.000000 -0.462409 0.886667 -55.09 forward
193.091566 190.555790 0.000000 0.000000 0.000000 -0.471920 0.881641 -56.32 forward
193.136128 190.446177 0.000000 0.000000 0.000000 -0.479883 0.877333 -57.36 forward
193.179196 190.336149 0.000000 0.000000 0.000000 -0.485297 0.874349 -58.06 forward
193.212869 190.222771 0.000000 0.000000 0.000000 -0.496691 0.867927 -59.56 forward
193.330803 190.200581 0.000000 0.000000 0.000000 -0.486897 0.873459 -58.27 forward
193.370202 190.090222 0.000000 0.000000 0.000000 -0.493072 0.869989 -59.09 forward
193.399141 189.976348 0.000000 0.000000 0.000000 -0.506053 0.862503 -60.80 forward
193.433414 189.864695 0.000000 0.000000 0.000000 -0.519438 0.854508 -62.59 forward
193.465779 189.752687 0.000000 0.000000 0.000000 -0.526270 0.850318 -63.51 forward
193.488938 189.637739 0.000000 0.000000 0.000000 -0.537260 0.843417 -64.99 forward
193.575027 189.671447 0.000000 0.000000 0.000000 -0.542210 0.840243 -65.67 forward
193.603186 189.560742 0.000000 0.000000 0.000000 -0.549295 0.835629 -66.64 forward
193.624087 189.447981 0.000000 0.000000 0.000000 -0.559102 0.829099 -67.99 forward
193.647649 189.336682 0.000000 0.000000 0.000000 -0.568130 0.822939 -69.24 forward
193.669229 189.225142 0.000000 0.000000 0.000000 -0.575200 0.818013 -70.23 forward
193.685489 189.112243 0.000000 0.000000 0.000000 -0.583126 0.812382 -71.34 forward
193.724382 189.138123 0.000000 0.000000 0.000000 -0.588833 0.808255 -72.15 forward
193.741582 189.028742 0.000000 0.000000 0.000000 -0.595694 0.803212 -73.12 forward
193.758484 188.918934 0.000000 0.000000 0.000000 -0.599453 0.800410 -73.66 forward
193.772796 188.809648 0.000000 0.000000 0.000000 -0.610861 0.791738 -75.30 forward
193.785392 188.700295 0.000000 0.000000 0.000000 -0.616947 0.787005 -76.19 forward
193.797548 188.590712 0.000000 0.000000 0.000000 -0.620928 0.783867 -76.77 forward
193.813737 188.610374 0.000000 0.000000 0.000000 -0.625876 0.779922 -77.49 forward
193.823183 188.503773 0.000000 0.000000 0.000000 -0.631462 0.775407 -78.32 forward
193.835507 188.397186 0.000000 0.000000 0.000000 -0.632300 0.774724 -78.44 forward
193.843232 188.290954 0.000000 0.000000 0.000000 -0.642842 0.765999 -80.01 forward
193.849632 188.184828 0.000000 0.000000 0.000000 -0.647568 0.762007 -80.72 forward
193.860350 188.078861 0.000000 0.000000 0.000000 -0.647418 0.762135 -80.69 forward
193.878084 188.000422 0.000000 0.000000 0.000000 -0.651104 0.758989 -81.25 forward
193.882643 187.895313 0.000000 0.000000 0.000000 -0.657555 0.753406 -82.23 forward
193.893447 187.790472 0.000000 0.000000 0.000000 -0.655203 0.755452 -81.87 forward
193.897598 187.685922 0.000000 0.000000 0.000000 -0.658275 0.752778 -82.34 forward
193.900900 187.581449 0.000000 0.000000 0.000000 -0.665999 0.745953 -83.52 forward
193.911573 187.477523 0.000000 0.000000 0.000000 -0.663207 0.748436 -83.09 forward
193.943022 187.276450 0.000000 0.000000 0.000000 -0.667191 0.744887 -83.70 forward
193.945694 187.170630 0.000000 0.000000 0.000000 -0.669493 0.742818 -84.06 forward
193.954767 187.065230 0.000000 0.000000 0.000000 -0.666532 0.745476 -83.60 forward
193.957621 186.959887 0.000000 0.000000 0.000000 -0.671658 0.740861 -84.39 forward
193.959998 186.854773 0.000000 0.000000 0.000000 -0.673335 0.739338 -84.65 forward
193.962074 186.750414 0.000000 0.000000 0.000000 -0.676080 0.736829 -85.08 forward
194.013831 186.408925 0.000000 0.000000 0.000000 -0.676677 0.736280 -85.17 forward
194.014274 186.299400 0.000000 0.000000 0.000000 -0.678688 0.734427 -85.48 forward
194.007843 186.190683 0.000000 0.000000 0.000000 -0.686621 0.727016 -86.73 forward
194.005209 186.081575 0.000000 0.000000 0.000000 -0.689262 0.724512 -87.14 forward
194.001689 185.972676 0.000000 0.000000 0.000000 -0.692226 0.721681 -87.61 forward
193.994027 185.864244 0.000000 0.000000 0.000000 -0.697403 0.716679 -88.44 forward
194.063031 185.464017 0.000000 0.000000 0.000000 -0.694445 0.719546 -87.97 forward
194.056339 185.349529 0.000000 0.000000 0.000000 -0.697709 0.716381 -88.49 forward
194.054696 185.234674 0.000000 0.000000 0.000000 -0.695801 0.718235 -88.18 forward
194.047660 185.120476 0.000000 0.000000 0.000000 -0.698125 0.715976 -88.55 forward
194.039850 185.006479 0.000000 0.000000 0.000000 -0.700594 0.713560 -88.95 forward
194.038386 184.892015 0.000000 0.000000 0.000000 -0.698216 0.715887 -88.57 forward
194.087577 184.448854 0.000000 0.000000 0.000000 -0.696186 0.717862 -88.24 forward
194.079240 184.328311 0.000000 0.000000 0.000000 -0.697997 0.716100 -88.53 forward
194.075845 184.207421 0.000000 0.000000 0.000000 -0.695963 0.718078 -88.21 forward
194.067610 184.086971 0.000000 0.000000 0.000000 -0.699890 0.714251 -88.84 forward
194.058938 183.966581 0.000000 0.000000 0.000000 -0.701207 0.712958 -89.05 forward
194.055397 183.846070 0.000000 0.000000 0.000000 -0.699394 0.714736 -88.76 forward
194.133600 183.380960 0.000000 0.000000 0.000000 -0.696071 0.717973 -88.23 forward
194.125835 183.253448 0.000000 0.000000 0.000000 -0.697035 0.717037 -88.38 forward
194.121570 183.125874 0.000000 0.000000 0.000000 -0.695681 0.718351 -88.16 forward
194.113960 182.998399 0.000000 0.000000 0.000000 -0.697667 0.716423 -88.48 forward
194.106111 182.870918 0.000000 0.000000 0.000000 -0.698369 0.715738 -88.59 forward
194.101862 182.743347 0.000000 0.000000 0.000000 -0.697168 0.716908 -88.40 forward
194.161824 182.265942 0.000000 0.000000 0.000000 -0.694073 0.719905 -87.91 forward
194.154850 182.131179 0.000000 0.000000 0.000000 -0.694586 0.719410 -87.99 forward
194.150172 181.996180 0.000000 0.000000 0.000000 -0.693738 0.720227 -87.85 forward
194.143343 181.861395 0.000000 0.000000 0.000000 -0.697346 0.716735 -88.43 forward
194.136381 181.726461 0.000000 0.000000 0.000000 -0.697717 0.716373 -88.49 forward
194.131768 181.591476 0.000000 0.000000 0.000000 -0.696980 0.717091 -88.37 forward
194.177410 181.114001 0.000000 0.000000 0.000000 -0.695857 0.718180 -88.19 forward
194.171231 180.971796 0.000000 0.000000 0.000000 -0.696128 0.717918 -88.23 forward
194.166404 180.829434 0.000000 0.000000 0.000000 -0.695660 0.718371 -88.16 forward
194.160330 180.687170 0.000000 0.000000 0.000000 -0.699352 0.714778 -88.75 forward
194.154183 180.544596 0.000000 0.000000 0.000000 -0.699548 0.714586 -88.78 forward
194.149416 180.401885 0.000000 0.000000 0.000000 -0.699139 0.714986 -88.72 forward
194.224970 179.937851 0.000000 0.000000 0.000000 -0.695956 0.718084 -88.21 forward
194.220565 179.788296 0.000000 0.000000 0.000000 -0.696098 0.717946 -88.23 forward
194.216455 179.638620 0.000000 0.000000 0.000000 -0.696004 0.718038 -88.21 forward
194.212074 179.488739 0.000000 0.000000 0.000000 -0.697136 0.716939 -88.40 forward
194.207671 179.338711 0.000000 0.000000 0.000000 -0.697240 0.716838 -88.41 forward
194.203590 179.188533 0.000000 0.000000 0.000000 -0.697720 0.716370 -88.49 forward
194.258025 178.740429 0.000000 0.000000 0.000000 -0.694368 0.719620 -87.95 forward
194.254887 178.583743 0.000000 0.000000 0.000000 -0.694443 0.719548 -87.97 forward
194.251402 178.426941 0.000000 0.000000 0.000000 -0.692782 0.721147 -87.70 forward
194.248244 178.269869 0.000000 0.000000 0.000000 -0.692837 0.721094 -87.71 forward
194.245085 178.112508 0.000000 0.000000 0.000000 -0.695611 0.718419 -88.15 forward
194.241582 177.955022 0.000000 0.000000 0.000000 -0.695709 0.718324 -88.17 forward
194.284374 177.482037 0.000000 0.000000 0.000000 -0.694627 0.719370 -88.00 forward
194.282187 177.317599 0.000000 0.000000 0.000000 -0.694668 0.719330 -88.00 forward
194.272997 177.153035 0.000000 0.000000 0.000000 -0.697459 0.716624 -88.45 forward
194.269042 176.988101 0.000000 0.000000 0.000000 -0.698039 0.716060 -88.54 forward
194.264844 176.822867 0.000000 0.000000 0.000000 -0.700570 0.713584 -88.95 forward
194.242794 176.658051 0.000000 0.000000 0.000000 -0.709317 0.704890 -90.36 forward
194.314176 176.226082 0.000000 0.000000 0.000000 -0.705259 0.708950 -89.70 forward
194.306597 176.054610 0.000000 0.000000 0.000000 -0.706951 0.707263 -89.97 forward
194.293519 175.883197 0.000000 0.000000 0.000000 -0.706256 0.707956 -89.86 forward
194.283927 175.711283 0.000000 0.000000 0.000000 -0.707889 0.706324 -90.13 forward
194.273558 175.539083 0.000000 0.000000 0.000000 -0.709309 0.704898 -90.36 forward
194.263966 175.366385 0.000000 0.000000 0.000000 -0.709073 0.705135 -90.32 forward
194.277045 174.966950 0.000000 0.000000 0.000000 -0.708473 0.705737 -90.22 forward
194.265915 174.789210 0.000000 0.000000 0.000000 -0.709678 0.704526 -90.42 forward
194.255585 174.611028 0.000000 0.000000 0.000000 -0.708055 0.706157 -90.15 forward
194.244087 174.432639 0.000000 0.000000 0.000000 -0.708938 0.705271 -90.30 forward
194.232159 174.253941 0.000000 0.000000 0.000000 -0.713363 0.700795 -91.02 forward
194.223549 174.074562 0.000000 0.000000 0.000000 -0.711923 0.702258 -90.78 forward
194.240171 173.711994 0.000000 0.000000 0.000000 -0.712581 0.701590 -90.89 forward
194.229030 173.528382 0.000000 0.000000 0.000000 -0.713037 0.701127 -90.97 forward
194.232854 173.343325 0.000000 0.000000 0.000000 -0.707693 0.706520 -90.10 forward
194.225510 173.158792 0.000000 0.000000 0.000000 -0.706941 0.707272 -89.97 forward
194.218585 172.973850 0.000000 0.000000 0.000000 -0.709226 0.704981 -90.34 forward
194.226902 172.787774 0.000000 0.000000 0.000000 -0.702656 0.711530 -89.28 forward
194.243084 172.461120 0.000000 0.000000 0.000000 -0.702621 0.711565 -89.28 forward
194.241496 172.272026 0.000000 0.000000 0.000000 -0.701106 0.713057 -89.03 forward
194.239051 172.082676 0.000000 0.000000 0.000000 -0.702136 0.712042 -89.20 forward
194.238228 171.892803 0.000000 0.000000 0.000000 -0.700959 0.713201 -89.01 forward
194.238073 171.702443 0.000000 0.000000 0.000000 -0.701456 0.712712 -89.09 forward
194.235579 171.511861 0.000000 0.000000 0.000000 -0.702040 0.712137 -89.18 forward
194.287250 171.223346 0.000000 0.000000 0.000000 -0.698729 0.715387 -88.65 forward
194.289424 171.029792 0.000000 0.000000 0.000000 -0.697861 0.716233 -88.51 forward
194.288786 170.835993 0.000000 0.000000 0.000000 -0.697772 0.716320 -88.50 forward
194.291103 170.641683 0.000000 0.000000 0.000000 -0.697139 0.716936 -88.40 forward
194.293816 170.446855 0.000000 0.000000 0.000000 -0.696624 0.717437 -88.31 forward
194.293547 170.251747 0.000000 0.000000 0.000000 -0.697307 0.716773 -88.42 forward
194.322150 169.994260 0.000000 0.000000 0.000000 -0.694787 0.719216 -88.02 forward
194.325976 169.796994 0.000000 0.000000 0.000000 -0.694322 0.719664 -87.95 forward
194.327089 169.599293 0.000000 0.000000 0.000000 -0.693512 0.720445 -87.82 forward
194.330910 169.401170 0.000000 0.000000 0.000000 -0.693173 0.720771 -87.76 forward
194.334972 169.202628 0.000000 0.000000 0.000000 -0.694459 0.719532 -87.97 forward
194.336244 169.003601 0.000000 0.000000 0.000000 -0.695071 0.718941 -88.07 forward
194.344884 168.774740 0.000000 0.000000 0.000000 -0.695369 0.718653 -88.11 forward
194.349242 168.574193 0.000000 0.000000 0.000000 -0.695121 0.718892 -88.07 forward
194.351423 168.373112 0.000000 0.000000 0.000000 -0.695802 0.718233 -88.18 forward
194.355741 168.171924 0.000000 0.000000 0.000000 -0.695622 0.718408 -88.15 forward
194.360219 167.970143 0.000000 0.000000 0.000000 -0.696947 0.717122 -88.37 forward
194.362482 167.767947 0.000000 0.000000 0.000000 -0.697420 0.716662 -88.44 forward
194.405509 167.522861 0.000000 0.000000 0.000000 -0.695379 0.718643 -88.11 forward
194.411191 167.318863 0.000000 0.000000 0.000000 -0.695247 0.718771 -88.09 forward
194.414605 167.114461 0.000000 0.000000 0.000000 -0.694755 0.719247 -88.02 forward
194.420192 166.909645 0.000000 0.000000 0.000000 -0.694662 0.719336 -88.00 forward
194.425898 166.704165 0.000000 0.000000 0.000000 -0.693942 0.720031 -87.89 forward
194.429344 166.498657 0.000000 0.000000 0.000000 -0.694420 0.719570 -87.96 forward
194.445010 166.287650 0.000000 0.000000 0.000000 -0.692941 0.720994 -87.73 forward
194.451025 166.080840 0.000000 0.000000 0.000000 -0.692876 0.721057 -87.72 forward
194.455278 165.873699 0.000000 0.000000 0.000000 -0.692186 0.721719 -87.61 forward
194.461238 165.666044 0.000000 0.000000 0.000000 -0.692138 0.721765 -87.60 forward
194.467291 165.457844 0.000000 0.000000 0.000000 -0.693377 0.720575 -87.80 forward
194.471566 165.249530 0.000000 0.000000 0.000000 -0.693744 0.720221 -87.85 forward
194.466324 165.068342 0.000000 0.000000 0.000000 -0.695226 0.718791 -88.09 forward
194.472090 164.859413 0.000000 0.000000 0.000000 -0.695192 0.718825 -88.08 forward
194.476739 164.649973 0.000000 0.000000 0.000000 -0.696218 0.717830 -88.25 forward
194.482510 164.440039 0.000000 0.000000 0.000000 -0.696194 0.717854 -88.24 forward
194.488346 164.229988 0.000000 0.000000 0.000000 -0.697303 0.716776 -88.42 forward
194.493072 164.019529 0.000000 0.000000 0.000000 -0.697532 0.716554 -88.46 forward
194.517639 163.868076 0.000000 0.000000 0.000000 -0.696698 0.717365 -88.33 forward
194.524130 163.657560 0.000000 0.000000 0.000000 -0.696679 0.717383 -88.32 forward
194.529478 163.447112 0.000000 0.000000 0.000000 -0.696560 0.717498 -88.30 forward
194.535963 163.235868 0.000000 0.000000 0.000000 -0.696547 0.717511 -88.30 forward
194.542516 163.024293 0.000000 0.000000 0.000000 -0.695599 0.718430 -88.15 forward
194.547948 162.812189 0.000000 0.000000 0.000000 -0.695832 0.718205 -88.19 forward
194.547878 162.681389 0.000000 0.000000 0.000000 -0.695287 0.718733 -88.10 forward
194.554331 162.470140 0.000000 0.000000 0.000000 -0.695277 0.718742 -88.10 forward
194.560029 162.258630 0.000000 0.000000 0.000000 -0.694885 0.719120 -88.04 forward
194.566517 162.046552 0.000000 0.000000 0.000000 -0.694879 0.719127 -88.04 forward
194.573074 161.833923 0.000000 0.000000 0.000000 -0.695679 0.718353 -88.16 forward
194.578879 161.621085 0.000000 0.000000 0.000000 -0.695837 0.718199 -88.19 forward
194.560683 161.507334 0.000000 0.000000 0.000000 -0.698036 0.716063 -88.54 forward
194.566634 161.295583 0.000000 0.000000 0.000000 -0.698032 0.716067 -88.54 forward
194.572396 161.083509 0.000000 0.000000 0.000000 -0.699289 0.714839 -88.74 forward
194.578437 160.870976 0.000000 0.000000 0.000000 -0.699286 0.714842 -88.74 forward
194.584538 160.658016 0.000000 0.000000 0.000000 -0.699856 0.714284 -88.83 forward
194.599443 160.445058 0.000000 0.000000 0.000000 -0.696304 0.717747 -88.26 forward
194.613621 160.349255 0.000000 0.000000 0.000000 -0.696024 0.718018 -88.22 forward
194.622618 160.137589 0.000000 0.000000 0.000000 -0.695470 0.718555 -88.13 forward
194.653667 159.926467 0.000000 0.000000 0.000000 -0.687367 0.726310 -86.84 forward
194.669007 159.714519 0.000000 0.000000 0.000000 -0.685451 0.728118 -86.54 forward
194.685558 159.502069 0.000000 0.000000 0.000000 -0.683464 0.729984 -86.23 forward
194.725322 159.290878 0.000000 0.000000 0.000000 -0.674090 0.738649 -84.77 forward
194.758505 159.162868 0.000000 0.000000 0.000000 -0.670300 0.742091 -84.18 forward
194.783755 158.951975 0.000000 0.000000 0.000000 -0.667404 0.744696 -83.73 forward
194.808831 158.740694 0.000000 0.000000 0.000000 -0.665510 0.746389 -83.44 forward
194.836113 158.529337 0.000000 0.000000 0.000000 -0.663128 0.748506 -83.08 forward
194.864864 158.317616 0.000000 0.000000 0.000000 -0.660160 0.751125 -82.62 forward
194.888321 158.105050 0.000000 0.000000 0.000000 -0.661336 0.750090 -82.80 forward
194.914934 157.997949 0.000000 0.000000 0.000000 -0.658086 0.752942 -82.31 forward
194.945352 157.787597 0.000000 0.000000 0.000000 -0.656321 0.754481 -82.04 forward
194.971117 157.576403 0.000000 0.000000 0.000000 -0.656760 0.754100 -82.11 forward
195.001972 157.365471 0.000000 0.000000 0.000000 -0.655469 0.755222 -81.91 forward
195.033677 157.154113 0.000000 0.000000 0.000000 -0.654911 0.755706 -81.83 forward
195.060348 156.942075 0.000000 0.000000 0.000000 -0.656020 0.754744 -81.99 forward
195.073979 156.850084 0.000000 0.000000 0.000000 -0.655287 0.755380 -81.88 forward
195.105975 156.640389 0.000000 0.000000 0.000000 -0.654344 0.756197 -81.74 forward
195.134117 156.429881 0.000000 0.000000 0.000000 -0.654854 0.755755 -81.82 forward
195.166270 156.219569 0.000000 0.000000 0.000000 -0.654166 0.756351 -81.71 forward
195.198923 156.008859 0.000000 0.000000 0.000000 -0.654029 0.756470 -81.69 forward
195.227537 155.797556 0.000000 0.000000 0.000000 -0.654906 0.755710 -81.83 forward
195.227857 155.716033 0.000000 0.000000 0.000000 -0.654713 0.755878 -81.80 forward
195.260004 155.507213 0.000000 0.000000 0.000000 -0.655112 0.755532 -81.86 forward
195.289346 155.297632 0.000000 0.000000 0.000000 -0.655823 0.754915 -81.96 forward
195.321578 155.088126 0.000000 0.000000 0.000000 -0.655639 0.755074 -81.94 forward
195.354103 154.878359 0.000000 0.000000 0.000000 -0.655273 0.755392 -81.88 forward
195.383720 154.667983 0.000000 0.000000 0.000000 -0.655829 0.754910 -81.97 forward
195.418978 154.598855 0.000000 0.000000 0.000000 -0.654983 0.755643 -81.84 forward
195.451963 154.390923 0.000000 0.000000 0.000000 -0.654715 0.755876 -81.80 forward
195.482375 154.182819 0.000000 0.000000 0.000000 -0.653644 0.756802 -81.63 forward
195.515335 153.974496 0.000000 0.000000 0.000000 -0.653448 0.756971 -81.60 forward
195.548511 153.765802 0.000000 0.000000 0.000000 -0.651305 0.758816 -81.28 forward
195.579131 153.556647 0.000000 0.000000 0.000000 -0.651863 0.758337 -81.36 forward
195.591504 153.490198 0.000000 0.000000 0.000000 -0.651670 0.758502 -81.34 forward
195.624328 153.283639 0.000000 0.000000 0.000000 -0.649676 0.760211 -81.03 forward
195.655238 153.076787 0.000000 0.000000 0.000000 -0.650161 0.759797 -81.11 forward
195.688063 152.869773 0.000000 0.000000 0.000000 -0.650181 0.759779 -81.11 forward
195.721051 152.662384 0.000000 0.000000 0.000000 -0.650076 0.759869 -81.09 forward
195.752122 152.454731 0.000000 0.000000 0.000000 -0.650437 0.759561 -81.15 forward
195.747638 152.388828 0.000000 0.000000 0.000000 -0.650695 0.759339 -81.19 forward
195.779789 152.183575 0.000000 0.000000 0.000000 -0.650619 0.759405 -81.18 forward
195.810770 151.978039 0.000000 0.000000 0.000000 -0.651779 0.758409 -81.35 forward
195.842974 151.772310 0.000000 0.000000 0.000000 -0.651724 0.758456 -81.34 forward
195.875246 151.566618 0.000000 0.000000 0.000000 -0.652365 0.757905 -81.44 forward
195.906385 151.360458 0.000000 0.000000 0.000000 -0.652628 0.757678 -81.48 forward
195.894903 151.247281 0.000000 0.000000 0.000000 -0.655546 0.755155 -81.92 forward
195.926168 151.042589 0.000000 0.000000 0.000000 -0.655506 0.755190 -81.92 forward
195.957024 150.837656 0.000000 0.000000 0.000000 -0.657291 0.753637 -82.19 forward
195.988396 150.632559 0.000000 0.000000 0.000000 -0.657261 0.753663 -82.18 forward
196.019856 150.427260 0.000000 0.000000 0.000000 -0.657307 0.753623 -82.19 forward
196.050874 150.221831 0.000000 0.000000 0.000000 -0.657414 0.753530 -82.21 forward
196.077112 150.123139 0.000000 0.000000 0.000000 -0.656647 0.754198 -82.09 forward
196.108731 149.919368 0.000000 0.000000 0.000000 -0.656625 0.754217 -82.09 forward
196.139900 149.715356 0.000000 0.000000 0.000000 -0.656389 0.754423 -82.05 forward
196.171599 149.511284 0.000000 0.000000 0.000000 -0.656373 0.754437 -82.05 forward
196.203386 149.306971 0.000000 0.000000 0.000000 -0.654142 0.756372 -81.71 forward
196.234691 149.102548 0.000000 0.000000 0.000000 -0.654257 0.756272 -81.73 forward
196.241196 149.008069 0.000000 0.000000 0.000000 -0.653238 0.757152 -81.57 forward
196.272509 148.805609 0.000000 0.000000 0.000000 -0.653227 0.757162 -81.57 forward
196.303622 148.602843 0.000000 0.000000 0.000000 -0.652398 0.757877 -81.45 forward
196.335066 148.399871 0.000000 0.000000 0.000000 -0.652390 0.757883 -81.44 forward
196.366581 148.196725 0.000000 0.000000 0.000000 -0.652470 0.757815 -81.46 forward
196.397866 147.993500 0.000000 0.000000 0.000000 -0.652532 0.757761 -81.47 forward
196.390374 147.901480 0.000000 0.000000 0.000000 -0.653007 0.757352 -81.54 forward
196.421058 147.700061 0.000000 0.000000 0.000000 -0.654486 0.756074 -81.76 forward
196.451883 147.498566 0.000000 0.000000 0.000000 -0.654464 0.756093 -81.76 forward
196.482685 147.296945 0.000000 0.000000 0.000000 -0.654875 0.755737 -81.82 forward
196.513569 147.095045 0.000000 0.000000 0.000000 -0.654872 0.755740 -81.82 forward
196.544601 146.893149 0.000000 0.000000 0.000000 -0.655165 0.755486 -81.86 forward
196.527875 146.801366 0.000000 0.000000 0.000000 -0.655838 0.754901 -81.97 forward
196.557703 146.601220 0.000000 0.000000 0.000000 -0.655835 0.754904 -81.97 forward
196.588037 146.401212 0.000000 0.000000 0.000000 -0.658162 0.752876 -82.32 forward
196.618028 146.200823 0.000000 0.000000 0.000000 -0.658160 0.752878 -82.32 forward
196.648067 146.000344 0.000000 0.000000 0.000000 -0.658302 0.752754 -82.34 forward
196.678611 145.799879 0.000000 0.000000 0.000000 -0.658201 0.752842 -82.33 forward
196.656338 145.706877 0.000000 0.000000 0.000000 -0.658991 0.752151 -82.45 forward
196.685198 145.508151 0.000000 0.000000 0.000000 -0.661705 0.749764 -82.86 forward
196.714889 145.309539 0.000000 0.000000 0.000000 -0.661503 0.749943 -82.83 forward
196.743921 145.110674 0.000000 0.000000 0.000000 -0.661284 0.750136 -82.80 forward
196.773022 144.911535 0.000000 0.000000 0.000000 -0.661283 0.750137 -82.80 forward
196.802933 144.712619 0.000000 0.000000 0.000000 -0.661065 0.750329 -82.76 forward
196.828576 144.576028 0.000000 0.000000 0.000000 -0.660935 0.750443 -82.74 forward
196.857875 144.377807 0.000000 0.000000 0.000000 -0.660717 0.750635 -82.71 forward
196.887676 144.179794 0.000000 0.000000 0.000000 -0.660592 0.750746 -82.69 forward
196.917089 143.981589 0.000000 0.000000 0.000000 -0.658063 0.752963 -82.30 forward
196.946584 143.783039 0.000000 0.000000 0.000000 -0.658062 0.752963 -82.30 forward
196.976543 143.584909 0.000000 0.000000 0.000000 -0.656148 0.754632 -82.01 forward
196.985777 143.454535 0.000000 0.000000 0.000000 -0.656370 0.754439 -82.05 forward
197.014930 143.257191 0.000000 0.000000 0.000000 -0.655646 0.755068 -81.94 forward
197.044577 143.060030 0.000000 0.000000 0.000000 -0.655521 0.755177 -81.92 forward
197.073858 142.862584 0.000000 0.000000 0.000000 -0.655392 0.755289 -81.90 forward
197.103183 142.665028 0.000000 0.000000 0.000000 -0.655392 0.755289 -81.90 forward
197.133017 142.467538 0.000000 0.000000 0.000000 -0.655212 0.755445 -81.87 forward
197.130603 142.341230 0.000000 0.000000 0.000000 -0.655676 0.755042 -81.94 forward
197.159269 142.144840 0.000000 0.000000 0.000000 -0.656982 0.753907 -82.14 forward
197.188569 141.948616 0.000000 0.000000 0.000000 -0.656820 0.754048 -82.12 forward
197.217382 141.752060 0.000000 0.000000 0.000000 -0.657091 0.753811 -82.16 forward
197.246223 141.555493 0.000000 0.000000 0.000000 -0.657090 0.753812 -82.16 forward
197.275718 141.358952 0.000000 0.000000 0.000000 -0.657199 0.753717 -82.17 forward
197.265577 141.234613 0.000000 0.000000 0.000000 -0.657819 0.753176 -82.27 forward
197.293554 141.039259 0.000000 0.000000 0.000000 -0.659894 0.751359 -82.58 forward
197.322363 140.843989 0.000000 0.000000 0.000000 -0.659684 0.751543 -82.55 forward
197.350483 140.648596 0.000000 0.000000 0.000000 -0.659776 0.751463 -82.57 forward
197.378658 140.452970 0.000000 0.000000 0.000000 -0.659775 0.751464 -82.57 forward
197.407634 140.257520 0.000000 0.000000 0.000000 -0.659756 0.751480 -82.56 forward
197.438649 140.138875 0.000000 0.000000 0.000000 -0.659452 0.751747 -82.52 forward
197.467157 139.944735 0.000000 0.000000 0.000000 -0.658809 0.752310 -82.42 forward
197.496058 139.750760 0.000000 0.000000 0.000000 -0.658709 0.752398 -82.40 forward
197.524686 139.556424 0.000000 0.000000 0.000000 -0.656381 0.754429 -82.05 forward
197.553314 139.362246 0.000000 0.000000 0.000000 -0.656381 0.754429 -82.05 forward
197.582363 139.168038 0.000000 0.000000 0.000000 -0.654605 0.755971 -81.78 forward
197.596446 139.046617 0.000000 0.000000 0.000000 -0.654691 0.755897 -81.79 forward
197.624884 138.853682 0.000000 0.000000 0.000000 -0.653612 0.756830 -81.63 forward
197.653313 138.660767 0.000000 0.000000 0.000000 -0.653714 0.756742 -81.64 forward
197.681740 138.467776 0.000000 0.000000 0.000000 -0.653891 0.756588 -81.67 forward
197.710196 138.274631 0.000000 0.000000 0.000000 -0.653922 0.756562 -81.68 forward
197.739116 138.081501 0.000000 0.000000 0.000000 -0.653936 0.756550 -81.68 forward
197.741163 137.956949 0.000000 0.000000 0.000000 -0.654317 0.756220 -81.74 forward
197.769041 137.765073 0.000000 0.000000 0.000000 -0.655466 0.755225 -81.91 forward
197.797947 137.573450 0.000000 0.000000 0.000000 -0.655201 0.755454 -81.87 forward
197.825955 137.381669 0.000000 0.000000 0.000000 -0.655772 0.754959 -81.96 forward
197.854005 137.189669 0.000000 0.000000 0.000000 -0.655792 0.754941 -81.96 forward
197.882858 136.997973 0.000000 0.000000 0.000000 -0.656034 0.754731 -82.00 forward
197.881343 136.823051 0.000000 0.000000 0.000000 -0.656644 0.754200 -82.09 forward
197.908672 136.631384 0.000000 0.000000 0.000000 -0.658679 0.752424 -82.40 forward
197.937529 136.440060 0.000000 0.000000 0.000000 -0.658182 0.752859 -82.32 forward
197.965111 136.248445 0.000000 0.000000 0.000000 -0.658585 0.752506 -82.38 forward
197.992745 136.056639 0.000000 0.000000 0.000000 -0.658572 0.752518 -82.38 forward
198.021424 135.865104 0.000000 0.000000 0.000000 -0.658725 0.752383 -82.41 forward
198.059343 135.702855 0.000000 0.000000 0.000000 -0.658403 0.752665 -82.36 forward
198.087451 135.511816 0.000000 0.000000 0.000000 -0.657848 0.753150 -82.27 forward
198.116144 135.320838 0.000000 0.000000 0.000000 -0.657697 0.753283 -82.25 forward
198.144371 135.129722 0.000000 0.000000 0.000000 -0.655562 0.755142 -81.92 forward
198.172646 134.938435 0.000000 0.000000 0.000000 -0.655553 0.755149 -81.92 forward
198.201452 134.747410 0.000000 0.000000 0.000000 -0.653911 0.756571 -81.67 forward
198.221264 134.588752 0.000000 0.000000 0.000000 -0.653988 0.756505 -81.69 forward
198.249452 134.398107 0.000000 0.000000 0.000000 -0.653024 0.757337 -81.54 forward
198.278044 134.207921 0.000000 0.000000 0.000000 -0.652903 0.757442 -81.52 forward
198.306306 134.017383 0.000000 0.000000 0.000000 -0.653181 0.757201 -81.56 forward
198.334605 133.826728 0.000000 0.000000 0.000000 -0.653176 0.757206 -81.56 forward
198.378460 133.638509 0.000000 0.000000 0.000000 -0.647591 0.761988 -80.72 forward
198.383940 133.481961 0.000000 0.000000 0.000000 -0.647081 0.762421 -80.64 forward
198.415576 133.292577 0.000000 0.000000 0.000000 -0.648311 0.761376 -80.83 forward
198.451300 133.103943 0.000000 0.000000 0.000000 -0.646366 0.763028 -80.54 forward
198.484335 132.914871 0.000000 0.000000 0.000000 -0.646738 0.762712 -80.59 forward
198.517906 132.725702 0.000000 0.000000 0.000000 -0.645750 0.763549 -80.44 forward
198.551073 132.536767 0.000000 0.000000 0.000000 -0.646351 0.763040 -80.53 forward
198.587674 132.385560 0.000000 0.000000 0.000000 -0.645428 0.763821 -80.40 forward
198.622131 132.197307 0.000000 0.000000 0.000000 -0.644108 0.764935 -80.20 forward
198.655850 132.009126 0.000000 0.000000 0.000000 -0.644307 0.764767 -80.23 forward
198.690516 131.821091 0.000000 0.000000 0.000000 -0.642556 0.766238 -79.97 forward
198.725488 131.632963 0.000000 0.000000 0.000000 -0.642018 0.766690 -79.88 forward
198.759625 131.444689 0.000000 0.000000 0.000000 -0.641339 0.767258 -79.78 forward
198.769852 131.290817 0.000000 0.000000 0.000000 -0.641359 0.767241 -79.79 forward
198.804537 131.103276 0.000000 0.000000 0.000000 -0.641474 0.767145 -79.80 forward
198.838654 130.916078 0.000000 0.000000 0.000000 -0.641616 0.767026 -79.82 forward
198.873416 130.728793 0.000000 0.000000 0.000000 -0.642197 0.766540 -79.91 forward
198.908341 130.541485 0.000000 0.000000 0.000000 -0.641909 0.766781 -79.87 forward
198.942706 130.354158 0.000000 0.000000 0.000000 -0.642604 0.766198 -79.97 forward
198.978413 130.202542 0.000000 0.000000 0.000000 -0.642239 0.766504 -79.92 forward
199.013586 130.016010 0.000000 0.000000 0.000000 -0.642051 0.766662 -79.89 forward
199.048181 129.829505 0.000000 0.000000 0.000000 -0.642213 0.766526 -79.91 forward
199.083419 129.642853 0.000000 0.000000 0.000000 -0.640726 0.767769 -79.69 forward
199.118697 129.456470 0.000000 0.000000 0.000000 -0.640574 0.767896 -79.67 forward
199.153374 129.270114 0.000000 0.000000 0.000000 -0.639683 0.768639 -79.54 forward
199.165450 129.067243 0.000000 0.000000 0.000000 -0.640144 0.768255 -79.61 forward
199.200155 128.880429 0.000000 0.000000 0.000000 -0.640933 0.767597 -79.72 forward
199.234707 128.693680 0.000000 0.000000 0.000000 -0.640977 0.767560 -79.73 forward
199.269442 128.506946 0.000000 0.000000 0.000000 -0.641989 0.766714 -79.88 forward
199.304231 128.320184 0.000000 0.000000 0.000000 -0.641909 0.766781 -79.87 forward
199.338836 128.133509 0.000000 0.000000 0.000000 -0.642758 0.766069 -80.00 forward
199.375585 127.943587 0.000000 0.000000 0.000000 -0.642672 0.766141 -79.98 forward
199.410510 127.756675 0.000000 0.000000 0.000000 -0.643186 0.765710 -80.06 forward
199.445242 127.570085 0.000000 0.000000 0.000000 -0.643225 0.765677 -80.07 forward
199.480168 127.383302 0.000000 0.000000 0.000000 -0.641890 0.766797 -79.87 forward
199.515132 127.196480 0.000000 0.000000 0.000000 -0.641848 0.766832 -79.86 forward
199.549916 127.009878 0.000000 0.000000 0.000000 -0.640943 0.767588 -79.72 forward
199.558895 126.824050 0.000000 0.000000 0.000000 -0.641475 0.767144 -79.80 forward
199.593171 126.637209 0.000000 0.000000 0.000000 -0.642366 0.766398 -79.94 forward
199.627640 126.450544 0.000000 0.000000 0.000000 -0.642304 0.766450 -79.93 forward
199.661943 126.263843 0.000000 0.000000 0.000000 -0.643085 0.765795 -80.04 forward
199.696266 126.077124 0.000000 0.000000 0.000000 -0.643062 0.765814 -80.04 forward
199.727280 125.890016 0.000000 0.000000 0.000000 -0.645082 0.764113 -80.34 forward
199.762248 125.713091 0.000000 0.000000 0.000000 -0.645262 0.763961 -80.37 forward
199.795675 125.526405 0.000000 0.000000 0.000000 -0.645625 0.763654 -80.43 forward
199.816559 125.337514 0.000000 0.000000 0.000000 -0.652097 0.758135 -81.40 forward
199.846575 125.150460 0.000000 0.000000 0.000000 -0.650609 0.759413 -81.18 forward
199.876079 124.963016 0.000000 0.000000 0.000000 -0.651757 0.758427 -81.35 forward
199.905345 124.775749 0.000000 0.000000 0.000000 -0.650531 0.759479 -81.16 forward
199.917661 124.600531 0.000000 0.000000 0.000000 -0.651800 0.758391 -81.35 forward
199.945535 124.413281 0.000000 0.000000 0.000000 -0.652718 0.757601 -81.49 forward
199.975191 124.226580 0.000000 0.000000 0.000000 -0.652224 0.758027 -81.42 forward
200.002900 124.039254 0.000000 0.000000 0.000000 -0.653509 0.756919 -81.61 forward
200.030237 123.852064 0.000000 0.000000 0.000000 -0.654211 0.756312 -81.72 forward
200.059612 123.665295 0.000000 0.000000 0.000000 -0.653882 0.756597 -81.67 forward
200.104830 123.496844 0.000000 0.000000 0.000000 -0.653944 0.756543 -81.68 forward
200.132411 123.309923 0.000000 0.000000 0.000000 -0.653325 0.757077 -81.59 forward
200.161337 123.123296 0.000000 0.000000 0.000000 -0.652957 0.757395 -81.53 forward
200.188860 122.936494 0.000000 0.000000 0.000000 -0.651660 0.758511 -81.33 forward
200.216189 122.749777 0.000000 0.000000 0.000000 -0.652037 0.758187 -81.39 forward
200.244938 122.563277 0.000000 0.000000 0.000000 -0.650605 0.759416 -81.17 forward
200.269935 122.394214 0.000000 0.000000 0.000000 -0.650877 0.759183 -81.22 forward
200.297095 122.207882 0.000000 0.000000 0.000000 -0.650208 0.759756 -81.11 forward
200.325396 122.021714 0.000000 0.000000 0.000000 -0.649892 0.760027 -81.07 forward
200.352603 121.835313 0.000000 0.000000 0.000000 -0.650931 0.759137 -81.22 forward
200.379722 121.648870 0.000000 0.000000 0.000000 -0.651134 0.758963 -81.25 forward
200.407990 121.462834 0.000000 0.000000 0.000000 -0.651521 0.758630 -81.31 forward
200.423806 121.247072 0.000000 0.000000 0.000000 -0.652008 0.758212 -81.39 forward
200.450548 121.060061 0.000000 0.000000 0.000000 -0.653533 0.756898 -81.62 forward
200.478343 120.873319 0.000000 0.000000 0.000000 -0.653241 0.757150 -81.57 forward
200.505137 120.686468 0.000000 0.000000 0.000000 -0.654475 0.756083 -81.76 forward
200.531908 120.499448 0.000000 0.000000 0.000000 -0.654582 0.755991 -81.78 forward
200.559756 120.312687 0.000000 0.000000 0.000000 -0.655222 0.755436 -81.87 forward
200.565656 120.107959 0.000000 0.000000 0.000000 -0.655807 0.754928 -81.96 forward
200.591857 119.920559 0.000000 0.000000 0.000000 -0.657916 0.753092 -82.28 forward
200.619127 119.733570 0.000000 0.000000 0.000000 -0.657614 0.753355 -82.24 forward
200.645387 119.546485 0.000000 0.000000 0.000000 -0.658323 0.752736 -82.34 forward
200.671664 119.359093 0.000000 0.000000 0.000000 -0.658378 0.752687 -82.35 forward
200.698981 119.172248 0.000000 0.000000 0.000000 -0.658703 0.752403 -82.40 forward
200.743624 118.981374 0.000000 0.000000 0.000000 -0.658359 0.752704 -82.35 forward
200.770472 118.794076 0.000000 0.000000 0.000000 -0.657770 0.753219 -82.26 forward
200.797857 118.607084 0.000000 0.000000 0.000000 -0.657618 0.753351 -82.24 forward
200.824753 118.419859 0.000000 0.000000 0.000000 -0.655738 0.754989 -81.95 forward
200.851612 118.232812 0.000000 0.000000 0.000000 -0.655767 0.754963 -81.96 forward
200.879034 118.045815 0.000000 0.000000 0.000000 -0.654273 0.756258 -81.73 forward
200.905810 117.860297 0.000000 0.000000 0.000000 -0.654294 0.756240 -81.73 forward
200.932757 117.672978 0.000000 0.000000 0.000000 -0.653251 0.757141 -81.57 forward
200.959979 117.486206 0.000000 0.000000 0.000000 -0.653176 0.757206 -81.56 forward
200.986919 117.299131 0.000000 0.000000 0.000000 -0.653604 0.756837 -81.63 forward
201.013854 117.112035 0.000000 0.000000 0.000000 -0.653626 0.756818 -81.63 forward
201.032954 116.923711 0.000000 0.000000 0.000000 -0.657062 0.753837 -82.15 forward
201.047294 116.742506 0.000000 0.000000 0.000000 -0.657863 0.753137 -82.27 forward
201.071701 116.555288 0.000000 0.000000 0.000000 -0.658772 0.752343 -82.41 forward
201.093219 116.367768 0.000000 0.000000 0.000000 -0.660240 0.751055 -82.64 forward
201.116632 116.180435 0.000000 0.000000 0.000000 -0.661110 0.750289 -82.77 forward
201.139731 115.993000 0.000000 0.000000 0.000000 -0.661762 0.749714 -82.87 forward
201.163525 115.805789 0.000000 0.000000 0.000000 -0.662102 0.749414 -82.92 forward
201.172356 115.628060 0.000000 0.000000 0.000000 -0.662864 0.748740 -83.04 forward
201.194621 115.440803 0.000000 0.000000 0.000000 -0.664750 0.747066 -83.33 forward
201.217813 115.253805 0.000000 0.000000 0.000000 -0.664493 0.747295 -83.29 forward
201.239983 115.066616 0.000000 0.000000 0.000000 -0.665043 0.746805 -83.37 forward
201.261993 114.879253 0.000000 0.000000 0.000000 -0.665399 0.746488 -83.43 forward
201.285041 114.692404 0.000000 0.000000 0.000000 -0.665293 0.746582 -83.41 forward
201.292272 114.517323 0.000000 0.000000 0.000000 -0.665834 0.746100 -83.49 forward
201.313712 114.330349 0.000000 0.000000 0.000000 -0.667055 0.745008 -83.68 forward
201.336167 114.143540 0.000000 0.000000 0.000000 -0.666771 0.745263 -83.64 forward
201.357617 113.956635 0.000000 0.000000 0.000000 -0.666976 0.745080 -83.67 forward
201.378970 113.769757 0.000000 0.000000 0.000000 -0.667160 0.744914 -83.70 forward
201.401310 113.583126 0.000000 0.000000 0.000000 -0.667066 0.744998 -83.68 forward
201.413598 113.363754 0.000000 0.000000 0.000000 -0.667479 0.744628 -83.75 forward
201.434618 113.176126 0.000000 0.000000 0.000000 -0.668484 0.743726 -83.90 forward
201.456536 112.988785 0.000000 0.000000 0.000000 -0.668241 0.743945 -83.86 forward
201.477589 112.801254 0.000000 0.000000 0.000000 -0.668260 0.743927 -83.87 forward
201.498586 112.613741 0.000000 0.000000 0.000000 -0.668361 0.743837 -83.88 forward
201.520505 112.426419 0.000000 0.000000 0.000000 -0.668194 0.743987 -83.86 forward
201.532833 112.219670 0.000000 0.000000 0.000000 -0.668502 0.743710 -83.90 forward
201.553568 112.031783 0.000000 0.000000 0.000000 -0.669255 0.743033 -84.02 forward
201.575104 111.844310 0.000000 0.000000 0.000000 -0.669031 0.743234 -83.98 forward
201.595891 111.656481 0.000000 0.000000 0.000000 -0.668915 0.743339 -83.97 forward
201.616663 111.468508 0.000000 0.000000 0.000000 -0.668970 0.743289 -83.98 forward
201.638283 111.280783 0.000000 0.000000 0.000000 -0.668729 0.743507 -83.94 forward
201.651063 111.084413 0.000000 0.000000 0.000000 -0.668959 0.743299 -83.97 forward
201.671622 110.896409 0.000000 0.000000 0.000000 -0.669517 0.742797 -84.06 forward
201.692889 110.708536 0.000000 0.000000 0.000000 -0.669328 0.742967 -84.03 forward
201.713498 110.520583 0.000000 0.000000 0.000000 -0.669153 0.743124 -84.00 forward
201.734090 110.332620 0.000000 0.000000 0.000000 -0.669182 0.743099 -84.01 forward
201.755387 110.144826 0.000000 0.000000 0.000000 -0.668943 0.743313 -83.97 forward
201.813861 109.961371 0.000000 0.000000 0.000000 -0.668142 0.744034 -83.85 forward
201.835576 109.773442 0.000000 0.000000 0.000000 -0.665803 0.746127 -83.49 forward
201.861452 109.586217 0.000000 0.000000 0.000000 -0.663594 0.748093 -83.15 forward
201.884289 109.398663 0.000000 0.000000 0.000000 -0.661350 0.750077 -82.81 forward
201.907311 109.210971 0.000000 0.000000 0.000000 -0.661018 0.750370 -82.76 forward
201.947901 109.025441 0.000000 0.000000 0.000000 -0.652795 0.757534 -81.51 forward
201.990611 108.846438 0.000000 0.000000 0.000000 -0.651028 0.759054 -81.24 forward
202.018976 108.659643 0.000000 0.000000 0.000000 -0.648244 0.761433 -80.82 forward
202.049436 108.473211 0.000000 0.000000 0.000000 -0.646915 0.762562 -80.62 forward
202.079064 108.286685 0.000000 0.000000 0.000000 -0.646782 0.762675 -80.60 forward
202.109345 108.100118 0.000000 0.000000 0.000000 -0.645498 0.763762 -80.41 forward
202.137639 107.913526 0.000000 0.000000 0.000000 -0.646252 0.763124 -80.52 forward
202.162227 107.736740 0.000000 0.000000 0.000000 -0.645404 0.763842 -80.39 forward
202.193117 107.550646 0.000000 0.000000 0.000000 -0.644419 0.764672 -80.24 forward
202.222186 107.364258 0.000000 0.000000 0.000000 -0.644939 0.764234 -80.32 forward
202.253235 107.178237 0.000000 0.000000 0.000000 -0.645916 0.763409 -80.47 forward
202.284633 106.992212 0.000000 0.000000 0.000000 -0.645222 0.763995 -80.36 forward
202.314060 106.805947 0.000000 0.000000 0.000000 -0.646795 0.762664 -80.60 forward
202.367044 106.635528 0.000000 0.000000 0.000000 -0.645765 0.763536 -80.45 forward
202.399399 106.449814 0.000000 0.000000 0.000000 -0.644581 0.764536 -80.27 forward
202.429805 106.263918 0.000000 0.000000 0.000000 -0.645141 0.764064 -80.35 forward
202.462084 106.078496 0.000000 0.000000 0.000000 -0.643680 0.765295 -80.13 forward
202.494587 105.892860 0.000000 0.000000 0.000000 -0.643315 0.765602 -80.08 forward
202.525169 105.707121 0.000000 0.000000 0.000000 -0.642757 0.766070 -80.00 forward
202.555535 105.489103 0.000000 0.000000 0.000000 -0.642654 0.766157 -79.98 forward
202.588026 105.302919 0.000000 0.000000 0.000000 -0.642143 0.766585 -79.90 forward
202.611408 105.115274 0.000000 0.000000 0.000000 -0.646467 0.762942 -80.55 forward
202.641876 104.928756 0.000000 0.000000 0.000000 -0.647333 0.762207 -80.68 forward
202.672145 104.742317 0.000000 0.000000 0.000000 -0.647711 0.761886 -80.74 forward
202.701053 104.555676 0.000000 0.000000 0.000000 -0.648554 0.761169 -80.87 forward
202.711942 104.348058 0.000000 0.000000 0.000000 -0.649384 0.760461 -80.99 forward
202.741091 104.161014 0.000000 0.000000 0.000000 -0.651429 0.758710 -81.30 forward
202.770395 103.974142 0.000000 0.000000 0.000000 -0.651375 0.758756 -81.29 forward
202.799432 103.787081 0.000000 0.000000 0.000000 -0.652649 0.757660 -81.48 forward
202.828334 103.600080 0.000000 0.000000 0.000000 -0.652897 0.757447 -81.52 forward
202.857514 103.413084 0.000000 0.000000 0.000000 -0.653342 0.757063 -81.59 forward
202.901297 103.219786 0.000000 0.000000 0.000000 -0.653217 0.757171 -81.57 forward
202.930475 103.032585 0.000000 0.000000 0.000000 -0.653022 0.757339 -81.54 forward
202.959742 102.845529 0.000000 0.000000 0.000000 -0.652978 0.757377 -81.53 forward
202.988878 102.658294 0.000000 0.000000 0.000000 -0.651398 0.758736 -81.29 forward
203.017947 102.471100 0.000000 0.000000 0.000000 -0.651525 0.758627 -81.31 forward
203.047112 102.283875 0.000000 0.000000 0.000000 -0.650295 0.759682 -81.13 forward
203.069773 102.096449 0.000000 0.000000 0.000000 -0.650528 0.759482 -81.16 forward
203.098586 101.909207 0.000000 0.000000 0.000000 -0.650109 0.759841 -81.10 forward
203.127603 101.721980 0.000000 0.000000 0.000000 -0.650045 0.759896 -81.09 forward
203.156392 101.534856 0.000000 0.000000 0.000000 -0.650689 0.759344 -81.19 forward
203.185164 101.347647 0.000000 0.000000 0.000000 -0.650755 0.759288 -81.20 forward
203.214108 101.160343 0.000000 0.000000 0.000000 -0.651168 0.758933 -81.26 forward
203.222035 100.977609 0.000000 0.000000 0.000000 -0.651657 0.758514 -81.33 forward
203.250203 100.790382 0.000000 0.000000 0.000000 -0.653277 0.757119 -81.58 forward
203.278770 100.603395 0.000000 0.000000 0.000000 -0.653154 0.757225 -81.56 forward
203.306958 100.416251 0.000000 0.000000 0.000000 -0.653981 0.756511 -81.68 forward
203.335129 100.229101 0.000000 0.000000 0.000000 -0.654016 0.756481 -81.69 forward
203.363738 100.041928 0.000000 0.000000 0.000000 -0.654554 0.756015 -81.77 forward
203.406917 99.867949 0.000000 0.000000 0.000000 -0.654209 0.756314 -81.72 forward
203.435548 99.681071 0.000000 0.000000 0.000000 -0.653703 0.756751 -81.64 forward
203.464272 99.494182 0.000000 0.000000 0.000000 -0.653679 0.756772 -81.64 forward
203.492887 99.307431 0.000000 0.000000 0.000000 -0.652004 0.758215 -81.39 forward
203.521511 99.120587 0.000000 0.000000 0.000000 -0.652021 0.758201 -81.39 forward
203.550336 98.933888 0.000000 0.000000 0.000000 -0.650718 0.759319 -81.19 forward
203.573432 98.760606 0.000000 0.000000 0.000000 -0.650798 0.759251 -81.20 forward
203.601951 98.574035 0.000000 0.000000 0.000000 -0.650081 0.759865 -81.10 forward
203.630492 98.387615 0.000000 0.000000 0.000000 -0.650075 0.759870 -81.09 forward
203.659030 98.200938 0.000000 0.000000 0.000000 -0.650686 0.759347 -81.19 forward
203.687548 98.014383 0.000000 0.000000 0.000000 -0.650690 0.759343 -81.19 forward
203.716148 97.828091 0.000000 0.000000 0.000000 -0.651095 0.758996 -81.25 forward
203.724876 97.655322 0.000000 0.000000 0.000000 -0.651482 0.758664 -81.31 forward
203.752861 97.469074 0.000000 0.000000 0.000000 -0.652910 0.757436 -81.52 forward
203.781130 97.282937 0.000000 0.000000 0.000000 -0.652832 0.757503 -81.51 forward
203.809144 97.096700 0.000000 0.000000 0.000000 -0.653678 0.756773 -81.64 forward
203.837171 96.910356 0.000000 0.000000 0.000000 -0.653679 0.756772 -81.64 forward
203.865452 96.724315 0.000000 0.000000 0.000000 -0.654264 0.756266 -81.73 forward
203.909426 96.557035 0.000000 0.000000 0.000000 -0.653858 0.756618 -81.67 forward
203.937943 96.371162 0.000000 0.000000 0.000000 -0.653204 0.757182 -81.57 forward
203.966563 96.185491 0.000000 0.000000 0.000000 -0.653132 0.757244 -81.56 forward
203.995097 95.999767 0.000000 0.000000 0.000000 -0.651484 0.758662 -81.31 forward
204.023661 95.813888 0.000000 0.000000 0.000000 -0.651473 0.758672 -81.31 forward
204.052095 95.628279 0.000000 0.000000 0.000000 -0.650288 0.759688 -81.13 forward
204.075912 95.459010 0.000000 0.000000 0.000000 -0.650329 0.759652 -81.13 forward
204.104332 95.273664 0.000000 0.000000 0.000000 -0.649522 0.760343 -81.01 forward
204.132748 95.088191 0.000000 0.000000 0.000000 -0.649531 0.760335 -81.01 forward
204.161145 94.902987 0.000000 0.000000 0.000000 -0.650194 0.759768 -81.11 forward
204.189574 94.717598 0.000000 0.000000 0.000000 -0.650190 0.759771 -81.11 forward
204.218166 94.532417 0.000000 0.000000 0.000000 -0.650595 0.759425 -81.17 forward
204.227533 94.361265 0.000000 0.000000 0.000000 -0.650947 0.759123 -81.23 forward
204.255510 94.176056 0.000000 0.000000 0.000000 -0.652360 0.757909 -81.44 forward
204.274314 93.989784 0.000000 0.000000 0.000000 -0.657097 0.753806 -82.16 forward
204.299838 93.804612 0.000000 0.000000 0.000000 -0.657848 0.753150 -82.27 forward
204.325057 93.619109 0.000000 0.000000 0.000000 -0.658545 0.752541 -82.38 forward
204.348414 93.433741 0.000000 0.000000 0.000000 -0.659613 0.751606 -82.54 forward
204.350293 93.261006 0.000000 0.000000 0.000000 -0.660737 0.750617 -82.71 forward
204.373729 93.075812 0.000000 0.000000 0.000000 -0.662956 0.748659 -83.05 forward
204.398328 92.890845 0.000000 0.000000 0.000000 -0.662675 0.748907 -83.01 forward
204.421601 92.705537 0.000000 0.000000 0.000000 -0.663634 0.748057 -83.16 forward
204.444587 92.520435 0.000000 0.000000 0.000000 -0.664145 0.747604 -83.23 forward
204.469051 92.335544 0.000000 0.000000 0.000000 -0.664002 0.747731 -83.21 forward
204.513847 92.166813 0.000000 0.000000 0.000000 -0.663865 0.747853 -83.19 forward
204.537217 91.982026 0.000000 0.000000 0.000000 -0.663002 0.748617 -83.06 forward
204.561675 91.797462 0.000000 0.000000 0.000000 -0.662659 0.748921 -83.01 forward
204.585041 91.612689 0.000000 0.000000 0.000000 -0.660662 0.750684 -82.70 forward
204.608282 91.427859 0.000000 0.000000 0.000000 -0.660926 0.750451 -82.74 forward
204.632349 91.243259 0.000000 0.000000 0.000000 -0.659174 0.751991 -82.47 forward
204.668490 91.025959 0.000000 0.000000 0.000000 -0.659186 0.751980 -82.48 forward
204.691916 90.840506 0.000000 0.000000 0.000000 -0.657649 0.753324 -82.24 forward
204.715963 90.655309 0.000000 0.000000 0.000000 -0.657472 0.753479 -82.21 forward
204.739380 90.469885 0.000000 0.000000 0.000000 -0.657998 0.753020 -82.29 forward
204.762697 90.284664 0.000000 0.000000 0.000000 -0.658144 0.752892 -82.32 forward
204.787006 90.099582 0.000000 0.000000 0.000000 -0.658170 0.752869 -82.32 forward
204.812879 89.891310 0.000000 0.000000 0.000000 -0.658265 0.752786 -82.34 forward
204.836294 89.705549 0.000000 0.000000 0.000000 -0.658567 0.752522 -82.38 forward
204.860057 89.519852 0.000000 0.000000 0.000000 -0.658488 0.752591 -82.37 forward
204.883444 89.334279 0.000000 0.000000 0.000000 -0.659302 0.751878 -82.49 forward
204.906819 89.148547 0.000000 0.000000 0.000000 -0.659369 0.751819 -82.50 forward
204.930623 88.962988 0.000000 0.000000 0.000000 -0.659823 0.751421 -82.57 forward
204.949210 88.762670 0.000000 0.000000 0.000000 -0.660016 0.751252 -82.60 forward
204.972427 88.576617 0.000000 0.000000 0.000000 -0.660832 0.750533 -82.73 forward
204.996281 88.390839 0.000000 0.000000 0.000000 -0.660601 0.750737 -82.69 forward
205.019570 88.204907 0.000000 0.000000 0.000000 -0.661246 0.750169 -82.79 forward
205.042861 88.018877 0.000000 0.000000 0.000000 -0.661267 0.750151 -82.79 forward
205.066422 87.833049 0.000000 0.000000 0.000000 -0.661683 0.749784 -82.86 forward
205.080020 87.638898 0.000000 0.000000 0.000000 -0.661932 0.749564 -82.89 forward
205.103013 87.452829 0.000000 0.000000 0.000000 -0.662937 0.748676 -83.05 forward
205.126426 87.266863 0.000000 0.000000 0.000000 -0.662821 0.748778 -83.03 forward
205.149464 87.080738 0.000000 0.000000 0.000000 -0.663183 0.748458 -83.09 forward
205.172481 86.894707 0.000000 0.000000 0.000000 -0.663197 0.748445 -83.09 forward
205.195950 86.708846 0.000000 0.000000 0.000000 -0.663399 0.748266 -83.12 forward
205.211038 86.473639 0.000000 0.000000 0.000000 -0.663711 0.747989 -83.17 forward
205.233808 86.286580 0.000000 0.000000 0.000000 -0.664781 0.747038 -83.33 forward
205.257017 86.099592 0.000000 0.000000 0.000000 -0.664673 0.747134 -83.31 forward
205.279812 85.912590 0.000000 0.000000 0.000000 -0.664845 0.746981 -83.34 forward
205.302590 85.725642 0.000000 0.000000 0.000000 -0.664857 0.746971 -83.34 forward
205.325919 85.538791 0.000000 0.000000 0.000000 -0.664904 0.746929 -83.35 forward
205.337952 85.319091 0.000000 0.000000 0.000000 -0.665230 0.746639 -83.40 forward
205.360439 85.131377 0.000000 0.000000 0.000000 -0.666242 0.745735 -83.56 forward
205.383556 84.943849 0.000000 0.000000 0.000000 -0.666062 0.745897 -83.53 forward
205.406098 84.756214 0.000000 0.000000 0.000000 -0.666049 0.745908 -83.53 forward
205.428633 84.568571 0.000000 0.000000 0.000000 -0.666052 0.745905 -83.53 forward
205.451705 84.380842 0.000000 0.000000 0.000000 -0.665997 0.745954 -83.52 forward
205.461775 84.174379 0.000000 0.000000 0.000000 -0.666321 0.745665 -83.57 forward
205.483968 83.986287 0.000000 0.000000 0.000000 -0.667260 0.744825 -83.71 forward
205.506747 83.798366 0.000000 0.000000 0.000000 -0.667101 0.744968 -83.69 forward
205.528985 83.610318 0.000000 0.000000 0.000000 -0.666975 0.745080 -83.67 forward
205.551232 83.422102 0.000000 0.000000 0.000000 -0.666980 0.745076 -83.67 forward
205.574105 83.234102 0.000000 0.000000 0.000000 -0.666826 0.745213 -83.65 forward
205.583169 83.037974 0.000000 0.000000 0.000000 -0.667138 0.744935 -83.69 forward
205.605076 82.849485 0.000000 0.000000 0.000000 -0.668013 0.744150 -83.83 forward
205.627527 82.661489 0.000000 0.000000 0.000000 -0.667866 0.744281 -83.81 forward
205.649452 82.473168 0.000000 0.000000 0.000000 -0.667676 0.744452 -83.78 forward
205.671368 82.284805 0.000000 0.000000 0.000000 -0.667685 0.744444 -83.78 forward
205.693946 82.096653 0.000000 0.000000 0.000000 -0.667465 0.744641 -83.74 forward
205.747729 81.913727 0.000000 0.000000 0.000000 -0.666771 0.745263 -83.64 forward
205.770587 81.725514 0.000000 0.000000 0.000000 -0.664814 0.747009 -83.34 forward
205.793854 81.537480 0.000000 0.000000 0.000000 -0.664622 0.747180 -83.31 forward
205.816816 81.349110 0.000000 0.000000 0.000000 -0.662290 0.749248 -82.95 forward
205.839755 81.160966 0.000000 0.000000 0.000000 -0.662269 0.749266 -82.95 forward
205.862567 80.972638 0.000000 0.000000 0.000000 -0.660598 0.750740 -82.69 forward
205.902289 80.794848 0.000000 0.000000 0.000000 -0.660196 0.751093 -82.63 forward
205.925693 80.606854 0.000000 0.000000 0.000000 -0.657731 0.753253 -82.25 forward
205.948833 80.418880 0.000000 0.000000 0.000000 -0.657801 0.753192 -82.26 forward
205.972205 80.230873 0.000000 0.000000 0.000000 -0.658067 0.752959 -82.31 forward
205.995589 80.042772 0.000000 0.000000 0.000000 -0.658060 0.752965 -82.30 forward
206.019076 79.854781 0.000000 0.000000 0.000000 -0.658128 0.752906 -82.31 forward
206.047989 79.680429 0.000000 0.000000 0.000000 -0.657943 0.753067 -82.29 forward
206.071622 79.492515 0.000000 0.000000 0.000000 -0.657532 0.753427 -82.22 forward
206.094712 79.304862 0.000000 0.000000 0.000000 -0.657703 0.753277 -82.25 forward
206.118256 79.117073 0.000000 0.000000 0.000000 -0.658515 0.752568 -82.37 forward
206.141824 78.929103 0.000000 0.000000 0.000000 -0.658505 0.752576 -82.37 forward
206.165012 78.741384 0.000000 0.000000 0.000000 -0.659127 0.752032 -82.47 forward
206.185851 78.569712 0.000000 0.000000 0.000000 -0.659137 0.752023 -82.47 forward
206.209308 78.382154 0.000000 0.000000 0.000000 -0.659524 0.751684 -82.53 forward
206.232546 78.194576 0.000000 0.000000 0.000000 -0.659584 0.751631 -82.54 forward
206.255941 78.007280 0.000000 0.000000 0.000000 -0.660327 0.750978 -82.65 forward
206.279383 77.819600 0.000000 0.000000 0.000000 -0.660324 0.750981 -82.65 forward
206.303090 77.632346 0.000000 0.000000 0.000000 -0.660680 0.750667 -82.70 forward
206.318197 77.462126 0.000000 0.000000 0.000000 -0.660778 0.750581 -82.72 forward
206.341515 77.274960 0.000000 0.000000 0.000000 -0.661534 0.749916 -82.83 forward
206.364407 77.087879 0.000000 0.000000 0.000000 -0.661681 0.749785 -82.86 forward
206.387668 76.900670 0.000000 0.000000 0.000000 -0.662159 0.749363 -82.93 forward
206.410936 76.713443 0.000000 0.000000 0.000000 -0.662144 0.749377 -82.93 forward
206.433947 76.526390 0.000000 0.000000 0.000000 -0.662555 0.749013 -82.99 forward
206.445179 76.357138 0.000000 0.000000 0.000000 -0.662757 0.748834 -83.02 forward
206.468112 76.170161 0.000000 0.000000 0.000000 -0.663636 0.748056 -83.16 forward
206.490987 75.983405 0.000000 0.000000 0.000000 -0.663644 0.748049 -83.16 forward
206.513862 75.796827 0.000000 0.000000 0.000000 -0.663917 0.747806 -83.20 forward
206.536780 75.609895 0.000000 0.000000 0.000000 -0.663911 0.747812 -83.20 forward
206.559645 75.423171 0.000000 0.000000 0.000000 -0.664136 0.747612 -83.23 forward
206.568519 75.254146 0.000000 0.000000 0.000000 -0.664385 0.747390 -83.27 forward
206.591014 75.067835 0.000000 0.000000 0.000000 -0.665330 0.746550 -83.42 forward
206.613634 74.881474 0.000000 0.000000 0.000000 -0.665298 0.746578 -83.41 forward
206.636142 74.695083 0.000000 0.000000 0.000000 -0.665365 0.746518 -83.42 forward
206.658662 74.508563 0.000000 0.000000 0.000000 -0.665361 0.746521 -83.42 forward
206.681257 74.322480 0.000000 0.000000 0.000000 -0.665426 0.746464 -83.43 forward
206.693787 74.106873 0.000000 0.000000 0.000000 -0.665713 0.746208 -83.47 forward
206.715971 73.919945 0.000000 0.000000 0.000000 -0.666635 0.745384 -83.62 forward
206.738391 73.733059 0.000000 0.000000 0.000000 -0.666571 0.745442 -83.61 forward
206.760588 73.546138 0.000000 0.000000 0.000000 -0.666527 0.745481 -83.60 forward
206.782802 73.359004 0.000000 0.000000 0.000000 -0.666525 0.745483 -83.60 forward
206.805208 73.172244 0.000000 0.000000 0.000000 -0.666498 0.745507 -83.59 forward
206.856385 73.019007 0.000000 0.000000 0.000000 -0.665789 0.746140 -83.49 forward
206.879435 72.832731 0.000000 0.000000 0.000000 -0.663850 0.747865 -83.19 forward
206.902227 72.646457 0.000000 0.000000 0.000000 -0.663921 0.747803 -83.20 forward
206.925243 72.460148 0.000000 0.000000 0.000000 -0.661569 0.749885 -82.84 forward
206.948246 72.273916 0.000000 0.000000 0.000000 -0.661569 0.749885 -82.84 forward
206.970984 72.087923 0.000000 0.000000 0.000000 -0.659863 0.751386 -82.58 forward
207.013397 71.884065 0.000000 0.000000 0.000000 -0.659489 0.751714 -82.52 forward
207.036896 71.697512 0.000000 0.000000 0.000000 -0.657091 0.753811 -82.16 forward
207.058633 71.510881 0.000000 0.000000 0.000000 -0.657951 0.753061 -82.29 forward
207.081696 71.324247 0.000000 0.000000 0.000000 -0.658312 0.752745 -82.34 forward
207.104688 71.137675 0.000000 0.000000 0.000000 -0.658434 0.752638 -82.36 forward
207.113209 70.949321 0.000000 0.000000 0.000000 -0.664073 0.747668 -83.22 forward
207.145386 70.753467 0.000000 0.000000 0.000000 -0.664864 0.746964 -83.34 forward
207.164778 70.566285 0.000000 0.000000 0.000000 -0.664476 0.747310 -83.28 forward
207.174665 70.377973 0.000000 0.000000 0.000000 -0.669128 0.743147 -84.00 forward
207.191213 70.190681 0.000000 0.000000 0.000000 -0.670137 0.742237 -84.16 forward
207.207056 70.003156 0.000000 0.000000 0.000000 -0.671562 0.740948 -84.38 forward
207.223960 69.815812 0.000000 0.000000 0.000000 -0.671549 0.740960 -84.37 forward
207.209655 69.621918 0.000000 0.000000 0.000000 -0.673270 0.739397 -84.64 forward
207.223562 69.434268 0.000000 0.000000 0.000000 -0.676662 0.736294 -85.17 forward
207.239413 69.246815 0.000000 0.000000 0.000000 -0.676129 0.736783 -85.08 forward
207.253106 69.059052 0.000000 0.000000 0.000000 -0.679137 0.734012 -85.55 forward
207.266403 68.871166 0.000000 0.000000 0.000000 -0.679916 0.733290 -85.67 forward
207.281783 68.683690 0.000000 0.000000 0.000000 -0.680929 0.732350 -85.83 forward
207.284200 68.497405 0.000000 0.000000 0.000000 -0.681722 0.731611 -85.96 forward
207.296786 68.309513 0.000000 0.000000 0.000000 -0.684052 0.729433 -86.32 forward
207.311170 68.122101 0.000000 0.000000 0.000000 -0.683572 0.729883 -86.25 forward
207.323706 67.934377 0.000000 0.000000 0.000000 -0.683647 0.729813 -86.26 forward
207.336034 67.746472 0.000000 0.000000 0.000000 -0.684064 0.729422 -86.32 forward
207.344387 67.558571 0.000000 0.000000 0.000000 -0.685848 0.727745 -86.60 forward
207.367036 67.331881 0.000000 0.000000 0.000000 -0.686375 0.727248 -86.69 forward
207.377838 67.143152 0.000000 0.000000 0.000000 -0.686156 0.727455 -86.65 forward
207.374624 66.953864 0.000000 0.000000 0.000000 -0.693279 0.720669 -87.78 forward
207.381235 66.765109 0.000000 0.000000 0.000000 -0.692557 0.721363 -87.67 forward
207.386996 66.576085 0.000000 0.000000 0.000000 -0.694187 0.719795 -87.92 forward
207.392094 66.387276 0.000000 0.000000 0.000000 -0.693648 0.720314 -87.84 forward
207.385601 66.172031 0.000000 0.000000 0.000000 -0.695320 0.718700 -88.11 forward
207.389034 65.982440 0.000000 0.000000 0.000000 -0.696634 0.717427 -88.32 forward
207.395592 65.793209 0.000000 0.000000 0.000000 -0.695837 0.718200 -88.19 forward
207.398758 65.603596 0.000000 0.000000 0.000000 -0.697991 0.716107 -88.53 forward
207.401367 65.414209 0.000000 0.000000 0.000000 -0.699024 0.715098 -88.70 forward
207.407489 65.224844 0.000000 0.000000 0.000000 -0.698869 0.715250 -88.67 forward
207.425484 65.070206 0.000000 0.000000 0.000000 -0.699280 0.714848 -88.74 forward
207.428082 64.881344 0.000000 0.000000 0.000000 -0.699572 0.714562 -88.79 forward
207.433316 64.692640 0.000000 0.000000 0.000000 -0.698897 0.715223 -88.68 forward
207.435885 64.503674 0.000000 0.000000 0.000000 -0.698530 0.715581 -88.62 forward
207.438156 64.314814 0.000000 0.000000 0.000000 -0.699086 0.715038 -88.71 forward
207.435035 64.126027 0.000000 0.000000 0.000000 -0.701010 0.713152 -89.02 forward
207.439383 63.920808 0.000000 0.000000 0.000000 -0.701871 0.712304 -89.15 forward
207.439334 63.731643 0.000000 0.000000 0.000000 -0.701692 0.712481 -89.13 forward
207.426745 63.542335 0.000000 0.000000 0.000000 -0.708020 0.706192 -90.15 forward
207.422755 63.353262 0.000000 0.000000 0.000000 -0.709092 0.705116 -90.32 forward
207.417859 63.164117 0.000000 0.000000 0.000000 -0.710772 0.703422 -90.60 forward
207.414957 62.974964 0.000000 0.000000 0.000000 -0.710736 0.703459 -90.59 forward
207.410971 62.777264 0.000000 0.000000 0.000000 -0.712043 0.702136 -90.80 forward
207.404613 62.587931 0.000000 0.000000 0.000000 -0.713549 0.700605 -91.05 forward
207.401832 62.398559 0.000000 0.000000 0.000000 -0.712614 0.701556 -90.90 forward
207.395312 62.209195 0.000000 0.000000 0.000000 -0.714355 0.699784 -91.18 forward
207.388269 62.019928 0.000000 0.000000 0.000000 -0.715323 0.698794 -91.34 forward
207.384725 61.830397 0.000000 0.000000 0.000000 -0.714913 0.699213 -91.27 forward
207.380033 61.639079 0.000000 0.000000 0.000000 -0.715574 0.698537 -91.38 forward
207.372585 61.449605 0.000000 0.000000 0.000000 -0.716314 0.697778 -91.50 forward
207.367977 61.260101 0.000000 0.000000 0.000000 -0.715599 0.698511 -91.38 forward
207.360553 61.070972 0.000000 0.000000 0.000000 -0.716525 0.697562 -91.54 forward
207.352835 60.881542 0.000000 0.000000 0.000000 -0.717044 0.697028 -91.62 forward
207.348370 60.692149 0.000000 0.000000 0.000000 -0.716819 0.697259 -91.58 forward
207.345788 60.505272 0.000000 0.000000 0.000000 -0.717080 0.696991 -91.63 forward
207.338160 60.315900 0.000000 0.000000 0.000000 -0.717435 0.696626 -91.69 forward
207.332515 60.126485 0.000000 0.000000 0.000000 -0.716972 0.697102 -91.61 forward
207.324934 59.937153 0.000000 0.000000 0.000000 -0.717609 0.696446 -91.71 forward
207.317196 59.747647 0.000000 0.000000 0.000000 -0.717882 0.696165 -91.76 forward
207.311641 59.558335 0.000000 0.000000 0.000000 -0.717805 0.696245 -91.75 forward
207.311662 59.375070 0.000000 0.000000 0.000000 -0.717855 0.696193 -91.76 forward
207.304142 59.185962 0.000000 0.000000 0.000000 -0.717794 0.696255 -91.75 forward
207.298237 58.996591 0.000000 0.000000 0.000000 -0.717393 0.696669 -91.68 forward
207.290809 58.807352 0.000000 0.000000 0.000000 -0.717816 0.696233 -91.75 forward
207.283292 58.617920 0.000000 0.000000 0.000000 -0.717964 0.696081 -91.77 forward
207.277803 58.428807 0.000000 0.000000 0.000000 -0.717729 0.696322 -91.73 forward
207.279919 58.247919 0.000000 0.000000 0.000000 -0.717624 0.696430 -91.72 forward
207.272842 58.058979 0.000000 0.000000 0.000000 -0.717292 0.696772 -91.66 forward
207.266554 57.869958 0.000000 0.000000 0.000000 -0.717124 0.696946 -91.64 forward
207.259510 57.680829 0.000000 0.000000 0.000000 -0.717405 0.696657 -91.68 forward
207.252429 57.491674 0.000000 0.000000 0.000000 -0.717472 0.696588 -91.69 forward
207.246319 57.302437 0.000000 0.000000 0.000000 -0.717438 0.696623 -91.69 forward
207.204803 57.120007 0.000000 0.000000 0.000000 -0.718190 0.695847 -91.81 forward
207.196792 56.931005 0.000000 0.000000 0.000000 -0.720270 0.693694 -92.15 forward
207.190372 56.742050 0.000000 0.000000 0.000000 -0.719780 0.694202 -92.07 forward
207.182582 56.553099 0.000000 0.000000 0.000000 -0.721986 0.691907 -92.44 forward
207.174780 56.364001 0.000000 0.000000 0.000000 -0.721990 0.691903 -92.44 forward
207.167766 56.175083 0.000000 0.000000 0.000000 -0.723522 0.690301 -92.69 forward
207.140971 55.994409 0.000000 0.000000 0.000000 -0.723924 0.689880 -92.76 forward
207.132677 55.805742 0.000000 0.000000 0.000000 -0.726284 0.687394 -93.15 forward
207.125346 55.616957 0.000000 0.000000 0.000000 -0.726046 0.687646 -93.11 forward
207.117139 55.428150 0.000000 0.000000 0.000000 -0.725790 0.687916 -93.07 forward
207.108916 55.239230 0.000000 0.000000 0.000000 -0.725800 0.687906 -93.07 forward
207.101820 55.050330 0.000000 0.000000 0.000000 -0.725478 0.688245 -93.02 forward
207.086300 54.871350 0.000000 0.000000 0.000000 -0.725633 0.688082 -93.04 forward
207.077983 54.682765 0.000000 0.000000 0.000000 -0.726086 0.687604 -93.12 forward
207.070298 54.494173 0.000000 0.000000 0.000000 -0.725964 0.687733 -93.10 forward
207.062015 54.305550 0.000000 0.000000 0.000000 -0.725211 0.688527 -92.97 forward
207.053714 54.116780 0.000000 0.000000 0.000000 -0.725221 0.688517 -92.97 forward
207.046198 53.928288 0.000000 0.000000 0.000000 -0.724585 0.689186 -92.87 forward
207.039001 53.750139 0.000000 0.000000 0.000000 -0.724582 0.689189 -92.87 forward
207.030771 53.561596 0.000000 0.000000 0.000000 -0.724225 0.689564 -92.81 forward
207.023144 53.373238 0.000000 0.000000 0.000000 -0.724075 0.689721 -92.78 forward
207.014975 53.184891 0.000000 0.000000 0.000000 -0.723425 0.690403 -92.68 forward
207.006799 52.996639 0.000000 0.000000 0.000000 -0.723431 0.690397 -92.68 forward
206.999168 52.808113 0.000000 0.000000 0.000000 -0.722876 0.690977 -92.58 forward
206.997892 52.630217 0.000000 0.000000 0.000000 -0.722753 0.691107 -92.56 forward
206.989930 52.442019 0.000000 0.000000 0.000000 -0.722062 0.691828 -92.45 forward
206.982309 52.253860 0.000000 0.000000 0.000000 -0.721976 0.691918 -92.44 forward
206.974375 52.065720 0.000000 0.000000 0.000000 -0.721546 0.692367 -92.36 forward
206.966425 51.877402 0.000000 0.000000 0.000000 -0.721549 0.692363 -92.37 forward
206.958810 51.689285 0.000000 0.000000 0.000000 -0.721177 0.692750 -92.30 forward
206.961548 51.511496 0.000000 0.000000 0.000000 -0.720974 0.692962 -92.27 forward
206.953909 51.323359 0.000000 0.000000 0.000000 -0.720142 0.693827 -92.13 forward
206.943054 51.135723 0.000000 0.000000 0.000000 -0.721767 0.692136 -92.40 forward
206.934481 50.947704 0.000000 0.000000 0.000000 -0.721511 0.692403 -92.36 forward
206.925768 50.759864 0.000000 0.000000 0.000000 -0.721774 0.692128 -92.40 forward
206.900573 50.572857 0.000000 0.000000 0.000000 -0.727318 0.686300 -93.32 forward
206.907711 50.394780 0.000000 0.000000 0.000000 -0.728164 0.685403 -93.47 forward
206.894800 50.207276 0.000000 0.000000 0.000000 -0.727214 0.686411 -93.31 forward
206.878645 50.020057 0.000000 0.000000 0.000000 -0.728667 0.684869 -93.55 forward
206.864371 49.832809 0.000000 0.000000 0.000000 -0.729022 0.684490 -93.61 forward
206.849472 49.645460 0.000000 0.000000 0.000000 -0.730136 0.683302 -93.80 forward
206.835233 49.458241 0.000000 0.000000 0.000000 -0.729847 0.683611 -93.75 forward
206.806295 49.275786 0.000000 0.000000 0.000000 -0.730950 0.682431 -93.93 forward
206.790103 49.088732 0.000000 0.000000 0.000000 -0.732794 0.680450 -94.24 forward
206.775091 48.901568 0.000000 0.000000 0.000000 -0.732488 0.680780 -94.19 forward
206.758667 48.714568 0.000000 0.000000 0.000000 -0.734473 0.678638 -94.53 forward
206.741900 48.527521 0.000000 0.000000 0.000000 -0.735074 0.677987 -94.63 forward
206.717869 48.341180 0.000000 0.000000 0.000000 -0.738847 0.673874 -95.27 forward
206.712677 48.158399 0.000000 0.000000 0.000000 -0.739552 0.673099 -95.39 forward
206.693575 47.971700 0.000000 0.000000 0.000000 -0.740114 0.672481 -95.48 forward
206.660666 47.786388 0.000000 0.000000 0.000000 -0.746485 0.665402 -96.57 forward
206.637448 47.600265 0.000000 0.000000 0.000000 -0.746225 0.665694 -96.53 forward
206.613304 47.414326 0.000000 0.000000 0.000000 -0.747889 0.663824 -96.82 forward
206.589967 47.228141 0.000000 0.000000 0.000000 -0.747100 0.664712 -96.68 forward
206.564352 47.040761 0.000000 0.000000 0.000000 -0.748425 0.663219 -96.91 forward
206.538526 46.854760 0.000000 0.000000 0.000000 -0.749388 0.662131 -97.07 forward
206.515116 46.668696 0.000000 0.000000 0.000000 -0.748832 0.662759 -96.98 forward
206.488991 46.483103 0.000000 0.000000 0.000000 -0.750597 0.660760 -97.28 forward
206.462290 46.297380 0.000000 0.000000 0.000000 -0.751566 0.659658 -97.45 forward
206.438320 46.111243 0.000000 0.000000 0.000000 -0.751348 0.659906 -97.41 forward
206.403902 45.919869 0.000000 0.000000 0.000000 -0.752187 0.658949 -97.56 forward
206.376408 45.734057 0.000000 0.000000 0.000000 -0.753485 0.657465 -97.79 forward
206.346007 45.548956 0.000000 0.000000 0.000000 -0.755366 0.655303 -98.11 forward
206.317043 45.363571 0.000000 0.000000 0.000000 -0.756460 0.654040 -98.31 forward
206.287556 45.178160 0.000000 0.000000 0.000000 -0.757351 0.653008 -98.46 forward
206.243406 44.995316 0.000000 0.000000 0.000000 -0.763043 0.646348 -99.47 forward
206.208352 44.799711 0.000000 0.000000 0.000000 -0.764688 0.644400 -99.76 forward
206.173667 44.614927 0.000000 0.000000 0.000000 -0.765800 0.643079 -99.96 forward
206.139567 44.430210 0.000000 0.000000 0.000000 -0.766118 0.642700 -100.01 forward
206.103896 44.245902 0.000000 0.000000 0.000000 -0.767310 0.641277 -100.23 forward
206.067416 44.061574 0.000000 0.000000 0.000000 -0.768656 0.639662 -100.47 forward
206.034667 43.876502 0.000000 0.000000 0.000000 -0.768231 0.640173 -100.39 forward
205.954980 43.720738 0.000000 0.000000 0.000000 -0.770081 0.637946 -100.72 forward
205.916459 43.537116 0.000000 0.000000 0.000000 -0.774125 0.633033 -101.45 forward
205.881401 43.353204 0.000000 0.000000 0.000000 -0.773350 0.633979 -101.31 forward
205.842855 43.169963 0.000000 0.000000 0.000000 -0.776051 0.630670 -101.80 forward
205.803826 42.986528 0.000000 0.000000 0.000000 -0.776765 0.629790 -101.93 forward
205.768579 42.802830 0.000000 0.000000 0.000000 -0.777741 0.628585 -102.11 forward
205.714730 42.631505 0.000000 0.000000 0.000000 -0.778569 0.627559 -102.26 forward
205.675067 42.448753 0.000000 0.000000 0.000000 -0.781248 0.624221 -102.75 forward
205.638650 42.265314 0.000000 0.000000 0.000000 -0.780470 0.625193 -102.61 forward
205.599092 42.082445 0.000000 0.000000 0.000000 -0.780154 0.625587 -102.55 forward
205.559313 41.899649 0.000000 0.000000 0.000000 -0.780525 0.625125 -102.62 forward
205.522487 41.716091 0.000000 0.000000 0.000000 -0.779720 0.626129 -102.47 forward
205.490000 41.532602 0.000000 0.000000 0.000000 -0.779873 0.625938 -102.50 forward
205.450335 41.349829 0.000000 0.000000 0.000000 -0.779563 0.626324 -102.44 forward
205.412990 41.166673 0.000000 0.000000 0.000000 -0.779041 0.626974 -102.35 forward
205.373443 40.983948 0.000000 0.000000 0.000000 -0.778133 0.628100 -102.18 forward
205.333732 40.801108 0.000000 0.000000 0.000000 -0.778345 0.627837 -102.22 forward
205.296441 40.617956 0.000000 0.000000 0.000000 -0.777214 0.629236 -102.01 forward
205.235462 40.422058 0.000000 0.000000 0.000000 -0.777701 0.628634 -102.10 forward
205.195186 40.238996 0.000000 0.000000 0.000000 -0.778248 0.627957 -102.20 forward
205.157415 40.055628 0.000000 0.000000 0.000000 -0.777587 0.628776 -102.08 forward
205.117434 39.872713 0.000000 0.000000 0.000000 -0.778584 0.627541 -102.26 forward
205.077354 39.689642 0.000000 0.000000 0.000000 -0.778668 0.627436 -102.28 forward
205.038976 39.506535 0.000000 0.000000 0.000000 -0.779153 0.626834 -102.37 forward
205.002860 39.303446 0.000000 0.000000 0.000000 -0.779082 0.626922 -102.35 forward
204.962956 39.120066 0.000000 0.000000 0.000000 -0.779273 0.626684 -102.39 forward
204.924337 38.936472 0.000000 0.000000 0.000000 -0.778987 0.627040 -102.34 forward
204.884522 38.753107 0.000000 0.000000 0.000000 -0.778270 0.627930 -102.20 forward
204.844631 38.569602 0.000000 0.000000 0.000000 -0.778326 0.627860 -102.22 forward
204.806144 38.386148 0.000000 0.000000 0.000000 -0.777590 0.628771 -102.08 forward
204.787952 38.178218 0.000000 0.000000 0.000000 -0.777154 0.629311 -102.00 forward
204.748789 37.994345 0.000000 0.000000 0.000000 -0.775478 0.631374 -101.70 forward
204.710738 37.810357 0.000000 0.000000 0.000000 -0.775138 0.631792 -101.64 forward
204.671726 37.626440 0.000000 0.000000 0.000000 -0.774370 0.632734 -101.50 forward
204.632691 37.442459 0.000000 0.000000 0.000000 -0.774372 0.632730 -101.50 forward
204.593963 37.258563 0.000000 0.000000 0.000000 -0.773775 0.633460 -101.39 forward
204.535426 37.092171 0.000000 0.000000 0.000000 -0.774209 0.632930 -101.47 forward
204.495774 36.908574 0.000000 0.000000 0.000000 -0.774875 0.632115 -101.59 forward
204.451813 36.726188 0.000000 0.000000 0.000000 -0.776988 0.629515 -101.97 forward
204.410850 36.542955 0.000000 0.000000 0.000000 -0.778911 0.627134 -102.32 forward
204.369649 36.359704 0.000000 0.000000 0.000000 -0.779274 0.626684 -102.39 forward
204.307987 36.181284 0.000000 0.000000 0.000000 -0.787108 0.616815 -103.83 forward
204.276722 36.000897 0.000000 0.000000 0.000000 -0.788228 0.615384 -104.04 forward
204.230213 35.819011 0.000000 0.000000 0.000000 -0.788998 0.614395 -104.18 forward
204.177106 35.639025 0.000000 0.000000 0.000000 -0.792173 0.610297 -104.78 forward
204.127954 35.457951 0.000000 0.000000 0.000000 -0.792001 0.610519 -104.75 forward
204.077861 35.277044 0.000000 0.000000 0.000000 -0.793530 0.608531 -105.03 forward
204.030993 35.095370 0.000000 0.000000 0.000000 -0.792212 0.610246 -104.79 forward
203.982338 34.900297 0.000000 0.000000 0.000000 -0.793256 0.608888 -104.98 forward
203.931175 34.719472 0.000000 0.000000 0.000000 -0.794027 0.607882 -105.13 forward
203.882806 34.537833 0.000000 0.000000 0.000000 -0.793401 0.608700 -105.01 forward
203.831448 34.357303 0.000000 0.000000 0.000000 -0.794225 0.607624 -105.16 forward
203.779485 34.176573 0.000000 0.000000 0.000000 -0.795062 0.606528 -105.32 forward
203.730768 33.995230 0.000000 0.000000 0.000000 -0.794407 0.607385 -105.20 forward
203.674747 33.787725 0.000000 0.000000 0.000000 -0.794964 0.606656 -105.30 forward
203.622251 33.606642 0.000000 0.000000 0.000000 -0.795318 0.606192 -105.37 forward
203.572277 33.424999 0.000000 0.000000 0.000000 -0.794752 0.606934 -105.26 forward
203.519771 33.243992 0.000000 0.000000 0.000000 -0.795606 0.605814 -105.43 forward
203.467023 33.063176 0.000000 0.000000 0.000000 -0.796053 0.605226 -105.51 forward
203.417046 32.881543 0.000000 0.000000 0.000000 -0.795962 0.605346 -105.49 forward
203.349901 32.711011 0.000000 0.000000 0.000000 -0.796576 0.604538 -105.61 forward
203.296596 32.530444 0.000000 0.000000 0.000000 -0.797969 0.602698 -105.87 forward
203.245353 32.349432 0.000000 0.000000 0.000000 -0.797554 0.603248 -105.79 forward
203.192067 32.168834 0.000000 0.000000 0.000000 -0.799000 0.601330 -106.07 forward
203.138616 31.988259 0.000000 0.000000 0.000000 -0.799247 0.601003 -106.12 forward
203.087400 31.806997 0.000000 0.000000 0.000000 -0.799834 0.600221 -106.23 forward
203.067145 31.619286 0.000000 0.000000 0.000000 -0.799428 0.600762 -106.15 forward
203.014616 31.438576 0.000000 0.000000 0.000000 -0.798627 0.601826 -106.00 forward
202.963470 31.257453 0.000000 0.000000 0.000000 -0.798307 0.602251 -105.94 forward
202.910982 31.076647 0.000000 0.000000 0.000000 -0.796970 0.604019 -105.68 forward
202.858375 30.895748 0.000000 0.000000 0.000000 -0.797102 0.603845 -105.71 forward
202.807197 30.714642 0.000000 0.000000 0.000000 -0.795796 0.605565 -105.46 forward
202.776036 30.512502 0.000000 0.000000 0.000000 -0.795428 0.606049 -105.39 forward
202.724081 30.331170 0.000000 0.000000 0.000000 -0.793354 0.608761 -105.00 forward
202.672831 30.149585 0.000000 0.000000 0.000000 -0.793189 0.608975 -104.97 forward
202.620967 29.968448 0.000000 0.000000 0.000000 -0.793486 0.608589 -105.02 forward
202.568996 29.787103 0.000000 0.000000 0.000000 -0.793556 0.608497 -105.04 forward
202.518271 29.605481 0.000000 0.000000 0.000000 -0.793392 0.608711 -105.01 forward
202.469768 29.439557 0.000000 0.000000 0.000000 -0.793433 0.608657 -105.02 forward
202.417959 29.258344 0.000000 0.000000 0.000000 -0.793512 0.608554 -105.03 forward
202.366493 29.077455 0.000000 0.000000 0.000000 -0.793493 0.608579 -105.03 forward
202.314216 28.894658 0.000000 0.000000 0.000000 -0.794952 0.606672 -105.30 forward
202.262931 28.715400 0.000000 0.000000 0.000000 -0.794979 0.606637 -105.31 forward
202.211565 28.534288 0.000000 0.000000 0.000000 -0.795926 0.605394 -105.49 forward
202.159604 28.348560 0.000000 0.000000 0.000000 -0.795927 0.605392 -105.49 forward
202.107811 28.167394 0.000000 0.000000 0.000000 -0.796587 0.604523 -105.61 forward
202.056369 27.986242 0.000000 0.000000 0.000000 -0.796514 0.604620 -105.60 forward
202.004610 27.805108 0.000000 0.000000 0.000000 -0.796982 0.604003 -105.69 forward
201.952802 27.623843 0.000000 0.000000 0.000000 -0.796997 0.603983 -105.69 forward
201.901354 27.442663 0.000000 0.000000 0.000000 -0.797260 0.603636 -105.74 forward
201.846712 27.241928 0.000000 0.000000 0.000000 -0.797226 0.603681 -105.73 forward
201.794896 27.060339 0.000000 0.000000 0.000000 -0.797326 0.603549 -105.75 forward
201.743299 26.878695 0.000000 0.000000 0.000000 -0.797274 0.603618 -105.74 forward
201.691542 26.697245 0.000000 0.000000 0.000000 -0.797411 0.603436 -105.77 forward
201.639707 26.515545 0.000000 0.000000 0.000000 -0.797418 0.603427 -105.77 forward
201.588167 26.334026 0.000000 0.000000 0.000000 -0.797467 0.603363 -105.78 forward
201.522806 26.169332 0.000000 0.000000 0.000000 -0.797780 0.602948 -105.84 forward
201.470576 25.988012 0.000000 0.000000 0.000000 -0.798709 0.601717 -106.01 forward
201.418746 25.806663 0.000000 0.000000 0.000000 -0.798618 0.601838 -106.00 forward
201.366616 25.625550 0.000000 0.000000 0.000000 -0.799478 0.600696 -106.16 forward
201.314413 25.444198 0.000000 0.000000 0.000000 -0.799478 0.600695 -106.16 forward
201.262589 25.262917 0.000000 0.000000 0.000000 -0.800073 0.599902 -106.27 forward
201.243239 25.080022 0.000000 0.000000 0.000000 -0.799515 0.600646 -106.17 forward
201.191988 24.898614 0.000000 0.000000 0.000000 -0.798428 0.602090 -105.96 forward
201.140607 24.717287 0.000000 0.000000 0.000000 -0.798459 0.602049 -105.97 forward
201.089402 24.536107 0.000000 0.000000 0.000000 -0.796715 0.604355 -105.64 forward
201.038105 24.354598 0.000000 0.000000 0.000000 -0.796715 0.604355 -105.64 forward
200.986719 24.173398 0.000000 0.000000 0.000000 -0.795441 0.606031 -105.39 forward
200.955152 23.975257 0.000000 0.000000 0.000000 -0.795027 0.606574 -105.32 forward
200.904450 23.793470 0.000000 0.000000 0.000000 -0.792849 0.609418 -104.91 forward
200.853441 23.612051 0.000000 0.000000 0.000000 -0.792929 0.609314 -104.92 forward
200.802722 23.430335 0.000000 0.000000 0.000000 -0.792977 0.609251 -104.93 forward
200.752002 23.248602 0.000000 0.000000 0.000000 -0.792975 0.609254 -104.93 forward
200.700820 23.066846 0.000000 0.000000 0.000000 -0.793021 0.609194 -104.94 forward
200.659522 22.857608 0.000000 0.000000 0.000000 -0.792727 0.609576 -104.88 forward
200.609078 22.675247 0.000000 0.000000 0.000000 -0.791846 0.610721 -104.72 forward
200.558094 22.493006 0.000000 0.000000 0.000000 -0.791971 0.610559 -104.74 forward
200.507625 22.310767 0.000000 0.000000 0.000000 -0.792465 0.609917 -104.83 forward
200.457079 22.128232 0.000000 0.000000 0.000000 -0.792466 0.609917 -104.83 forward
200.406136 21.946250 0.000000 0.000000 0.000000 -0.792853 0.609413 -104.91 forward
200.348545 21.776017 0.000000 0.000000 0.000000 -0.793032 0.609180 -104.94 forward
200.297784 21.593933 0.000000 0.000000 0.000000 -0.793687 0.608326 -105.06 forward
200.246784 21.411996 0.000000 0.000000 0.000000 -0.793752 0.608242 -105.08 forward
200.195979 21.229858 0.000000 0.000000 0.000000 -0.795059 0.606533 -105.32 forward
200.145182 21.047739 0.000000 0.000000 0.000000 -0.795061 0.606529 -105.32 forward
200.094175 20.865788 0.000000 0.000000 0.000000 -0.796033 0.605254 -105.51 forward
200.034300 20.678034 0.000000 0.000000 0.000000 -0.796163 0.605083 -105.53 forward
199.983195 20.495644 0.000000 0.000000 0.000000 -0.797202 0.603712 -105.73 forward
199.932066 20.313515 0.000000 0.000000 0.000000 -0.797227 0.603680 -105.73 forward
199.881029 20.131406 0.000000 0.000000 0.000000 -0.797445 0.603392 -105.77 forward
199.829952 19.949149 0.000000 0.000000 0.000000 -0.797448 0.603387 -105.77 forward
199.778791 19.766841 0.000000 0.000000 0.000000 -0.797624 0.603155 -105.81 forward
199.717434 19.565906 0.000000 0.000000 0.000000 -0.797713 0.603037 -105.82 forward
199.666055 19.383097 0.000000 0.000000 0.000000 -0.798082 0.602548 -105.89 forward
199.614745 19.200525 0.000000 0.000000 0.000000 -0.798087 0.602542 -105.90 forward
199.563398 19.017832 0.000000 0.000000 0.000000 -0.797995 0.602664 -105.88 forward
199.512090 18.835277 0.000000 0.000000 0.000000 -0.797998 0.602660 -105.88 forward
199.460832 18.652664 0.000000 0.000000 0.000000 -0.797928 0.602753 -105.87 forward
199.434016 18.490830 0.000000 0.000000 0.000000 -0.797613 0.603169 -105.81 forward
199.383309 18.308477 0.000000 0.000000 0.000000 -0.796702 0.604372 -105.63 forward
199.332439 18.126257 0.000000 0.000000 0.000000 -0.796746 0.604314 -105.64 forward
199.281727 17.943944 0.000000 0.000000 0.000000 -0.795790 0.605573 -105.46 forward
199.230999 17.761558 0.000000 0.000000 0.000000 -0.795791 0.605571 -105.46 forward
199.178699 17.579751 0.000000 0.000000 0.000000 -0.795591 0.605833 -105.42 forward
199.141167 17.398966 0.000000 0.000000 0.000000 -0.795465 0.606000 -105.40 forward
199.090376 17.216711 0.000000 0.000000 0.000000 -0.794270 0.607565 -105.17 forward
199.026904 17.038013 0.000000 0.000000 0.000000 -0.799548 0.600602 -106.17 forward
198.972843 16.856852 0.000000 0.000000 0.000000 -0.799490 0.600680 -106.16 forward
198.918206 16.675601 0.000000 0.000000 0.000000 -0.800334 0.599555 -106.32 forward
198.836232 16.502670 0.000000 0.000000 0.000000 -0.808515 0.588475 -107.90 forward
198.751429 16.304273 0.000000 0.000000 0.000000 -0.810918 0.585160 -108.37 forward
198.688015 16.125330 0.000000 0.000000 0.000000 -0.812371 0.583141 -108.66 forward
198.609698 15.951517 0.000000 0.000000 0.000000 -0.818389 0.574665 -109.85 forward
198.541416 15.774365 0.000000 0.000000 0.000000 -0.820687 0.571377 -110.31 forward
198.471718 15.597935 0.000000 0.000000 0.000000 -0.823066 0.567946 -110.79 forward
198.401897 15.421399 0.000000 0.000000 0.000000 -0.823983 0.566615 -110.97 forward
198.333373 15.253693 0.000000 0.000000 0.000000 -0.825892 0.563828 -111.36 forward
198.260893 15.078473 0.000000 0.000000 0.000000 -0.828710 0.559678 -111.93 forward
198.191697 14.901837 0.000000 0.000000 0.000000 -0.828030 0.560684 -111.79 forward
198.118594 14.726845 0.000000 0.000000 0.000000 -0.829108 0.559088 -112.01 forward
198.044583 14.552130 0.000000 0.000000 0.000000 -0.830506 0.557010 -112.30 forward
197.974493 14.375829 0.000000 0.000000 0.000000 -0.829479 0.558537 -112.09 forward
197.883533 14.226786 0.000000 0.000000 0.000000 -0.830903 0.556417 -112.38 forward
197.808146 14.053188 0.000000 0.000000 0.000000 -0.832871 0.553467 -112.79 forward
197.736230 13.878119 0.000000 0.000000 0.000000 -0.832133 0.554576 -112.64 forward
197.660709 13.704564 0.000000 0.000000 0.000000 -0.833866 0.551968 -113.00 forward
197.584708 13.531178 0.000000 0.000000 0.000000 -0.834611 0.550840 -113.15 forward
197.512520 13.356107 0.000000 0.000000 0.000000 -0.834919 0.550372 -113.21 forward
197.420396 13.170559 0.000000 0.000000 0.000000 -0.835625 0.549301 -113.36 forward
197.343598 12.996980 0.000000 0.000000 0.000000 -0.837296 0.546750 -113.71 forward
197.260246 12.826565 0.000000 0.000000 0.000000 -0.840464 0.541868 -114.38 forward
197.181140 12.654340 0.000000 0.000000 0.000000 -0.840690 0.541516 -114.43 forward
197.101358 12.482231 0.000000 0.000000 0.000000 -0.841638 0.540042 -114.63 forward
197.010949 12.315064 0.000000 0.000000 0.000000 -0.845124 0.534571 -115.37 forward
196.914146 12.147046 0.000000 0.000000 0.000000 -0.846784 0.531937 -115.73 forward
196.829554 11.977217 0.000000 0.000000 0.000000 -0.848061 0.529898 -116.00 forward
196.748360 11.805708 0.000000 0.000000 0.000000 -0.847625 0.530596 -115.91 forward
196.663224 11.636279 0.000000 0.000000 0.000000 -0.848924 0.528514 -116.19 forward
196.577216 11.466948 0.000000 0.000000 0.000000 -0.850070 0.526671 -116.44 forward
196.496943 11.295110 0.000000 0.000000 0.000000 -0.849422 0.527714 -116.30 forward
196.404199 11.137404 0.000000 0.000000 0.000000 -0.850429 0.526090 -116.52 forward
196.317429 10.968654 0.000000 0.000000 0.000000 -0.852201 0.523215 -116.90 forward
196.235275 10.797751 0.000000 0.000000 0.000000 -0.851242 0.524773 -116.69 forward
196.148663 10.629107 0.000000 0.000000 0.000000 -0.851761 0.523931 -116.81 forward
196.061581 10.460514 0.000000 0.000000 0.000000 -0.852368 0.522942 -116.94 forward
195.979205 10.289649 0.000000 0.000000 0.000000 -0.851714 0.524007 -116.80 forward
195.893711 10.138050 0.000000 0.000000 0.000000 -0.852253 0.523130 -116.92 forward
195.806522 9.969927 0.000000 0.000000 0.000000 -0.853007 0.521899 -117.08 forward
195.722933 9.799957 0.000000 0.000000 0.000000 -0.852252 0.523131 -116.91 forward
195.635947 9.631797 0.000000 0.000000 0.000000 -0.852640 0.522498 -117.00 forward
195.548671 9.463592 0.000000 0.000000 0.000000 -0.852963 0.521971 -117.07 forward
195.465116 9.293674 0.000000 0.000000 0.000000 -0.852558 0.522633 -116.98 forward
195.343421 9.144342 0.000000 0.000000 0.000000 -0.853394 0.521267 -117.17 forward
195.255208 8.976664 0.000000 0.000000 0.000000 -0.855402 0.517964 -117.61 forward
195.170326 8.807702 0.000000 0.000000 0.000000 -0.854747 0.519044 -117.46 forward
195.082400 8.640034 0.000000 0.000000 0.000000 -0.856190 0.516661 -117.78 forward
194.994272 8.472269 0.000000 0.000000 0.000000 -0.856361 0.516377 -117.82 forward
194.909481 8.303221 0.000000 0.000000 0.000000 -0.856912 0.515462 -117.94 forward
194.816327 8.106137 0.000000 0.000000 0.000000 -0.856906 0.515473 -117.94 forward
194.728268 7.937701 0.000000 0.000000 0.000000 -0.857429 0.514603 -118.06 forward
194.642519 7.768255 0.000000 0.000000 0.000000 -0.856968 0.515370 -117.96 forward
194.554748 7.599945 0.000000 0.000000 0.000000 -0.855810 0.517290 -117.70 forward
194.466836 7.431523 0.000000 0.000000 0.000000 -0.855901 0.517139 -117.72 forward
194.381144 7.261944 0.000000 0.000000 0.000000 -0.854709 0.519107 -117.46 forward
194.298518 7.078556 0.000000 0.000000 0.000000 -0.854604 0.519281 -117.43 forward
194.210841 6.909619 0.000000 0.000000 0.000000 -0.853554 0.521004 -117.20 forward
194.124726 6.740025 0.000000 0.000000 0.000000 -0.853243 0.521514 -117.13 forward
194.037213 6.571103 0.000000 0.000000 0.000000 -0.852975 0.521953 -117.07 forward
193.949653 6.402185 0.000000 0.000000 0.000000 -0.853024 0.521871 -117.08 forward
193.863631 6.232563 0.000000 0.000000 0.000000 -0.852574 0.522607 -116.99 forward
193.788641 6.060034 0.000000 0.000000 0.000000 -0.852417 0.522863 -116.95 forward
193.701547 5.891019 0.000000 0.000000 0.000000 -0.851711 0.524012 -116.80 forward
193.615401 5.721511 0.000000 0.000000 0.000000 -0.851513 0.524333 -116.75 forward
193.528331 5.552347 0.000000 0.000000 0.000000 -0.851565 0.524248 -116.76 forward
193.441194 5.383105 0.000000 0.000000 0.000000 -0.851592 0.524204 -116.77 forward
193.349645 5.216347 0.000000 0.000000 0.000000 -0.853116 0.521722 -117.10 forward
193.280410 5.052431 0.000000 0.000000 0.000000 -0.853212 0.521565 -117.13 forward
193.192318 4.884027 0.000000 0.000000 0.000000 -0.852600 0.522565 -116.99 forward
193.094061 4.720926 0.000000 0.000000 0.000000 -0.856840 0.515583 -117.93 forward
193.002993 4.554273 0.000000 0.000000 0.000000 -0.856971 0.515365 -117.96 forward
192.911197 4.387690 0.000000 0.000000 0.000000 -0.857878 0.513854 -118.16 forward
192.820570 4.220703 0.000000 0.000000 0.000000 -0.857605 0.514309 -118.10 forward
192.715895 4.060836 0.000000 0.000000 0.000000 -0.858568 0.512700 -118.31 forward
192.622683 3.895120 0.000000 0.000000 0.000000 -0.859768 0.510684 -118.58 forward
192.532337 3.727964 0.000000 0.000000 0.000000 -0.859186 0.511663 -118.45 forward
192.439103 3.562423 0.000000 0.000000 0.000000 -0.860908 0.508761 -118.84 forward
192.345329 3.396776 0.000000 0.000000 0.000000 -0.861459 0.507827 -118.96 forward
192.254696 3.229703 0.000000 0.000000 0.000000 -0.861622 0.507550 -119.00 forward
192.171213 3.070844 0.000000 0.000000 0.000000 -0.861938 0.507014 -119.07 forward
192.077463 2.905498 0.000000 0.000000 0.000000 -0.862600 0.505886 -119.22 forward
191.986123 2.739197 0.000000 0.000000 0.000000 -0.862136 0.506677 -119.11 forward
191.892478 2.573954 0.000000 0.000000 0.000000 -0.862159 0.506638 -119.12 forward
191.798614 2.408779 0.000000 0.000000 0.000000 -0.862452 0.506139 -119.19 forward
191.707034 2.242267 0.000000 0.000000 0.000000 -0.861981 0.506941 -119.08 forward
191.597665 2.082685 0.000000 0.000000 0.000000 -0.862436 0.506166 -119.18 forward
191.503338 1.917804 0.000000 0.000000 0.000000 -0.863209 0.504847 -119.36 forward
191.410849 1.751740 0.000000 0.000000 0.000000 -0.862817 0.505516 -119.27 forward
191.316579 1.586751 0.000000 0.000000 0.000000 -0.863809 0.503820 -119.49 forward
191.222163 1.421757 0.000000 0.000000 0.000000 -0.863965 0.503552 -119.53 forward
191.128468 1.256690 0.000000 0.000000 0.000000 -0.864765 0.502177 -119.71 forward
191.044541 1.096100 0.000000 0.000000 0.000000 -0.864855 0.502022 -119.73 forward
190.949950 0.931276 0.000000 0.000000 0.000000 -0.865177 0.501467 -119.81 forward
190.848289 0.770889 0.000000 0.000000 0.000000 -0.868292 0.496053 -120.52 forward
190.751552 0.607628 0.000000 0.000000 0.000000 -0.867869 0.496794 -120.42 forward
190.654276 0.444465 0.000000 0.000000 0.000000 -0.868531 0.495636 -120.58 forward
190.548076 0.286734 0.000000 0.000000 0.000000 -0.870525 0.492124 -121.04 forward
190.443319 0.122707 0.000000 0.000000 0.000000 -0.871488 0.490417 -121.26 forward
190.342995 -0.038475 0.000000 0.000000 0.000000 -0.871854 0.489766 -121.35 forward
190.243545 -0.200393 0.000000 0.000000 0.000000 -0.871716 0.490012 -121.32 forward
190.142688 -0.361439 0.000000 0.000000 0.000000 -0.872749 0.488169 -121.56 forward
190.041295 -0.522317 0.000000 0.000000 0.000000 -0.873438 0.486936 -121.72 forward
189.941649 -0.684065 0.000000 0.000000 0.000000 -0.873491 0.486841 -121.73 forward
189.869898 -0.852878 0.000000 0.000000 0.000000 -0.873573 0.486694 -121.75 forward
189.768759 -1.013734 0.000000 0.000000 0.000000 -0.873308 0.487168 -121.69 forward
189.668809 -1.175106 0.000000 0.000000 0.000000 -0.873082 0.487574 -121.64 forward
189.567612 -1.335722 0.000000 0.000000 0.000000 -0.872504 0.488607 -121.50 forward
189.466097 -1.496301 0.000000 0.000000 0.000000 -0.872874 0.487946 -121.59 forward
189.358301 -1.652713 0.000000 0.000000 0.000000 -0.874271 0.485438 -121.92 forward
189.269993 -1.827070 0.000000 0.000000 0.000000 -0.874640 0.484772 -122.00 forward
189.166530 -1.986675 0.000000 0.000000 0.000000 -0.873640 0.486573 -121.77 forward
189.051868 -2.138633 0.000000 0.000000 0.000000 -0.878329 0.478057 -122.88 forward
188.944978 -2.295626 0.000000 0.000000 0.000000 -0.878912 0.476983 -123.02 forward
188.837139 -2.452279 0.000000 0.000000 0.000000 -0.880136 0.474722 -123.32 forward
188.730458 -2.609457 0.000000 0.000000 0.000000 -0.880023 0.474931 -123.29 forward
188.625221 -2.742257 0.000000 0.000000 0.000000 -0.881134 0.472868 -123.56 forward
188.516127 -2.897272 0.000000 0.000000 0.000000 -0.882529 0.470257 -123.90 forward
188.409649 -3.054211 0.000000 0.000000 0.000000 -0.881977 0.471293 -123.76 forward
188.300256 -3.209197 0.000000 0.000000 0.000000 -0.884057 0.467379 -124.27 forward
188.190434 -3.363802 0.000000 0.000000 0.000000 -0.884758 0.466050 -124.44 forward
188.083453 -3.520409 0.000000 0.000000 0.000000 -0.885110 0.465382 -124.53 forward
187.982261 -3.675327 0.000000 0.000000 0.000000 -0.885521 0.464599 -124.63 forward
187.872151 -3.829802 0.000000 0.000000 0.000000 -0.886341 0.463033 -124.83 forward
187.764441 -3.985597 0.000000 0.000000 0.000000 -0.885882 0.463910 -124.72 forward
187.654449 -4.139872 0.000000 0.000000 0.000000 -0.886219 0.463267 -124.80 forward
187.544066 -4.294175 0.000000 0.000000 0.000000 -0.886590 0.462556 -124.90 forward
187.436099 -4.449820 0.000000 0.000000 0.000000 -0.886318 0.463078 -124.83 forward
187.339574 -4.623350 0.000000 0.000000 0.000000 -0.886289 0.463132 -124.82 forward
187.229475 -4.778015 0.000000 0.000000 0.000000 -0.885722 0.464217 -124.68 forward
187.120992 -4.933636 0.000000 0.000000 0.000000 -0.885411 0.464809 -124.60 forward
187.011065 -5.088128 0.000000 0.000000 0.000000 -0.885431 0.464772 -124.61 forward
186.900906 -5.242674 0.000000 0.000000 0.000000 -0.885631 0.464391 -124.66 forward
186.792328 -5.398294 0.000000 0.000000 0.000000 -0.885284 0.465052 -124.57 forward
186.647033 -5.536449 0.000000 0.000000 0.000000 -0.885947 0.463787 -124.74 forward
186.535845 -5.690477 0.000000 0.000000 0.000000 -0.887375 0.461049 -125.09 forward
186.426356 -5.845438 0.000000 0.000000 0.000000 -0.887059 0.461656 -125.01 forward
186.315318 -5.999464 0.000000 0.000000 0.000000 -0.889117 0.457680 -125.52 forward
186.204206 -6.153440 0.000000 0.000000 0.000000 -0.889222 0.457475 -125.55 forward
186.094701 -6.308486 0.000000 0.000000 0.000000 -0.890453 0.455075 -125.86 forward
185.968599 -6.471569 0.000000 0.000000 0.000000 -0.890623 0.454742 -125.90 forward
185.857116 -6.625799 0.000000 0.000000 0.000000 -0.892027 0.451983 -126.26 forward
185.746922 -6.780834 0.000000 0.000000 0.000000 -0.891784 0.452460 -126.20 forward
185.635474 -6.935214 0.000000 0.000000 0.000000 -0.891441 0.453137 -126.11 forward
185.524090 -7.089418 0.000000 0.000000 0.000000 -0.891497 0.453026 -126.12 forward
185.413971 -7.244504 0.000000 0.000000 0.000000 -0.891068 0.453871 -126.02 forward
185.291641 -7.375829 0.000000 0.000000 0.000000 -0.891403 0.453211 -126.10 forward
185.179893 -7.529593 0.000000 0.000000 0.000000 -0.892097 0.451844 -126.28 forward
185.069364 -7.684104 0.000000 0.000000 0.000000 -0.891863 0.452306 -126.22 forward
184.957708 -7.837962 0.000000 0.000000 0.000000 -0.892212 0.451617 -126.31 forward
184.846063 -7.991756 0.000000 0.000000 0.000000 -0.892240 0.451561 -126.31 forward
184.735700 -8.146139 0.000000 0.000000 0.000000 -0.892355 0.451334 -126.34 forward
184.627774 -8.304472 0.000000 0.000000 0.000000 -0.892302 0.451440 -126.33 forward
184.516219 -8.458567 0.000000 0.000000 0.000000 -0.892351 0.451343 -126.34 forward
184.405571 -8.612819 0.000000 0.000000 0.000000 -0.892229 0.451583 -126.31 forward
184.294141 -8.766845 0.000000 0.000000 0.000000 -0.891454 0.453112 -126.11 forward
184.182616 -8.920970 0.000000 0.000000 0.000000 -0.891471 0.453077 -126.12 forward
184.072010 -9.075352 0.000000 0.000000 0.000000 -0.890812 0.454372 -125.95 forward
183.974062 -9.253410 0.000000 0.000000 0.000000 -0.890495 0.454993 -125.87 forward
183.863033 -9.408147 0.000000 0.000000 0.000000 -0.889180 0.457558 -125.54 forward
183.752297 -9.562995 0.000000 0.000000 0.000000 -0.889135 0.457645 -125.53 forward
183.641437 -9.717527 0.000000 0.000000 0.000000 -0.888406 0.459058 -125.35 forward
183.530350 -9.872355 0.000000 0.000000 0.000000 -0.888418 0.459036 -125.35 forward
183.419694 -10.027051 0.000000 0.000000 0.000000 -0.887828 0.460176 -125.20 forward
183.317476 -10.168881 0.000000 0.000000 0.000000 -0.887842 0.460148 -125.21 forward
183.206693 -10.323280 0.000000 0.000000 0.000000 -0.887401 0.460998 -125.10 forward
183.096020 -10.477818 0.000000 0.000000 0.000000 -0.887377 0.461045 -125.09 forward
182.985223 -10.632247 0.000000 0.000000 0.000000 -0.888052 0.459743 -125.26 forward
182.874335 -10.786785 0.000000 0.000000 0.000000 -0.888060 0.459727 -125.26 forward
182.763776 -10.941092 0.000000 0.000000 0.000000 -0.888520 0.458838 -125.38 forward
182.669724 -11.106045 0.000000 0.000000 0.000000 -0.888263 0.459335 -125.31 forward
182.559274 -11.260926 0.000000 0.000000 0.000000 -0.887853 0.460128 -125.21 forward
182.442241 -11.410617 0.000000 0.000000 0.000000 -0.890411 0.455157 -125.85 forward
182.330096 -11.564086 0.000000 0.000000 0.000000 -0.890010 0.455942 -125.75 forward
182.217661 -11.717409 0.000000 0.000000 0.000000 -0.890395 0.455188 -125.85 forward
182.088465 -11.858352 0.000000 0.000000 0.000000 -0.894613 0.446841 -126.92 forward
181.991621 -11.992003 0.000000 0.000000 0.000000 -0.895621 0.444818 -127.18 forward
181.874736 -12.141457 0.000000 0.000000 0.000000 -0.895504 0.445053 -127.15 forward
181.754312 -12.287938 0.000000 0.000000 0.000000 -0.897042 0.441945 -127.54 forward
181.635910 -12.435845 0.000000 0.000000 0.000000 -0.898143 0.439703 -127.83 forward
181.516644 -12.583389 0.000000 0.000000 0.000000 -0.899187 0.437564 -128.10 forward
181.399536 -12.732587 0.000000 0.000000 0.000000 -0.899130 0.437683 -128.09 forward
181.265864 -12.848161 0.000000 0.000000 0.000000 -0.900287 0.435297 -128.39 forward
181.145311 -12.994097 0.000000 0.000000 0.000000 -0.902678 0.430316 -129.02 forward
181.027050 -13.141886 0.000000 0.000000 0.000000 -0.902224 0.431267 -128.90 forward
180.906416 -13.287581 0.000000 0.000000 0.000000 -0.903792 0.427972 -129.32 forward
180.785344 -13.433031 0.000000 0.000000 0.000000 -0.904347 0.426797 -129.47 forward
180.666751 -13.580306 0.000000 0.000000 0.000000 -0.904749 0.425945 -129.58 forward
180.562990 -13.737955 0.000000 0.000000 0.000000 -0.904896 0.425633 -129.62 forward
180.442027 -13.883486 0.000000 0.000000 0.000000 -0.905135 0.425124 -129.68 forward
180.322938 -14.030229 0.000000 0.000000 0.000000 -0.904804 0.425829 -129.59 forward
180.201860 -14.175823 0.000000 0.000000 0.000000 -0.904028 0.427474 -129.39 forward
180.080672 -14.321131 0.000000 0.000000 0.000000 -0.904331 0.426832 -129.47 forward
179.961255 -14.467915 0.000000 0.000000 0.000000 -0.903364 0.428875 -129.21 forward
179.828322 -14.607222 0.000000 0.000000 0.000000 -0.903750 0.428061 -129.31 forward
179.706602 -14.752298 0.000000 0.000000 0.000000 -0.903865 0.427818 -129.34 forward
179.586549 -14.898339 0.000000 0.000000 0.000000 -0.903588 0.428404 -129.27 forward
179.464952 -15.043327 0.000000 0.000000 0.000000 -0.904603 0.426255 -129.54 forward
179.343156 -15.188319 0.000000 0.000000 0.000000 -0.904772 0.425897 -129.59 forward
179.223040 -15.334445 0.000000 0.000000 0.000000 -0.905210 0.424965 -129.70 forward
179.111709 -15.461527 0.000000 0.000000 0.000000 -0.905377 0.424608 -129.75 forward
178.990092 -15.606112 0.000000 0.000000 0.000000 -0.906101 0.423062 -129.94 forward
178.867182 -15.749351 0.000000 0.000000 0.000000 -0.906899 0.421347 -130.16 forward
178.745071 -15.893153 0.000000 0.000000 0.000000 -0.907023 0.421082 -130.19 forward
178.622625 -16.036993 0.000000 0.000000 0.000000 -0.907278 0.420530 -130.26 forward
178.485550 -16.168249 0.000000 0.000000 0.000000 -0.911422 0.411472 -131.41 forward
178.351170 -16.288388 0.000000 0.000000 0.000000 -0.912567 0.408927 -131.73 forward
178.224161 -16.427988 0.000000 0.000000 0.000000 -0.913573 0.406676 -132.01 forward
178.091108 -16.561832 0.000000 0.000000 0.000000 -0.916249 0.400608 -132.77 forward
177.961820 -16.698938 0.000000 0.000000 0.000000 -0.917171 0.398493 -133.03 forward
177.831558 -16.835530 0.000000 0.000000 0.000000 -0.918285 0.395920 -133.35 forward
177.705067 -16.975225 0.000000 0.000000 0.000000 -0.918048 0.396468 -133.28 forward
177.560596 -17.096719 0.000000 0.000000 0.000000 -0.919122 0.393972 -133.60 forward
177.429173 -17.231820 0.000000 0.000000 0.000000 -0.921113 0.389296 -134.18 forward
177.301356 -17.370468 0.000000 0.000000 0.000000 -0.920408 0.390960 -133.97 forward
177.169958 -17.505405 0.000000 0.000000 0.000000 -0.921012 0.389533 -134.15 forward
177.037988 -17.640073 0.000000 0.000000 0.000000 -0.921622 0.388088 -134.33 forward
176.909953 -17.778261 0.000000 0.000000 0.000000 -0.921001 0.389560 -134.15 forward
176.762546 -17.905826 0.000000 0.000000 0.000000 -0.921632 0.388064 -134.33 forward
176.630056 -18.039784 0.000000 0.000000 0.000000 -0.922556 0.385864 -134.61 forward
176.498202 -18.174452 0.000000 0.000000 0.000000 -0.922889 0.385067 -134.70 forward
176.365150 -18.307796 0.000000 0.000000 0.000000 -0.923143 0.384456 -134.78 forward
176.231602 -18.440967 0.000000 0.000000 0.000000 -0.923616 0.383318 -134.92 forward
176.089548 -18.565105 0.000000 0.000000 0.000000 -0.926448 0.376423 -135.78 forward
175.943853 -18.701018 0.000000 0.000000 0.000000 -0.927395 0.374085 -136.06 forward
175.806786 -18.830655 0.000000 0.000000 0.000000 -0.927931 0.372753 -136.23 forward
175.667749 -18.957995 0.000000 0.000000 0.000000 -0.929351 0.369197 -136.67 forward
175.529093 -19.085813 0.000000 0.000000 0.000000 -0.929655 0.368431 -136.76 forward
175.389599 -19.213020 0.000000 0.000000 0.000000 -0.930636 0.365947 -137.07 forward
175.255377 -19.345626 0.000000 0.000000 0.000000 -0.929691 0.368340 -136.77 forward
175.116773 -19.493058 0.000000 0.000000 0.000000 -0.930256 0.366911 -136.95 forward
174.976778 -19.620124 0.000000 0.000000 0.000000 -0.930602 0.366032 -137.06 forward
174.841057 -19.751405 0.000000 0.000000 0.000000 -0.929812 0.368035 -136.81 forward
174.701056 -19.878558 0.000000 0.000000 0.000000 -0.929929 0.367740 -136.85 forward
174.560900 -20.005099 0.000000 0.000000 0.000000 -0.930461 0.366392 -137.01 forward
174.424935 -20.136167 0.000000 0.000000 0.000000 -0.929501 0.368821 -136.71 forward
174.294357 -20.295478 0.000000 0.000000 0.000000 -0.929569 0.368649 -136.74 forward
174.154207 -20.422825 0.000000 0.000000 0.000000 -0.928745 0.370719 -136.48 forward
174.017213 -20.553184 0.000000 0.000000 0.000000 -0.928169 0.372159 -136.30 forward
173.877171 -20.680645 0.000000 0.000000 0.000000 -0.928300 0.371833 -136.34 forward
173.737008 -20.807810 0.000000 0.000000 0.000000 -0.928590 0.371107 -136.43 forward
173.599793 -20.938264 0.000000 0.000000 0.000000 -0.928092 0.372351 -136.28 forward
173.476405 -21.106782 0.000000 0.000000 0.000000 -0.927856 0.372938 -136.21 forward
173.336718 -21.235057 0.000000 0.000000 0.000000 -0.926693 0.375819 -135.85 forward
173.198944 -21.365453 0.000000 0.000000 0.000000 -0.926310 0.376762 -135.73 forward
173.059420 -21.493780 0.000000 0.000000 0.000000 -0.926549 0.376175 -135.81 forward
172.919744 -21.622029 0.000000 0.000000 0.000000 -0.926707 0.375784 -135.85 forward
172.782329 -21.752198 0.000000 0.000000 0.000000 -0.926455 0.376406 -135.78 forward
172.653131 -21.875130 0.000000 0.000000 0.000000 -0.926537 0.376203 -135.80 forward
172.513594 -22.003459 0.000000 0.000000 0.000000 -0.926475 0.376356 -135.78 forward
172.364351 -22.120561 0.000000 0.000000 0.000000 -0.930212 0.367022 -136.94 forward
172.222353 -22.245669 0.000000 0.000000 0.000000 -0.931443 0.363887 -137.32 forward
172.079740 -22.370438 0.000000 0.000000 0.000000 -0.932078 0.362258 -137.52 forward
171.924291 -22.480446 0.000000 0.000000 0.000000 -0.936408 0.350912 -138.91 forward
171.806767 -22.625673 0.000000 0.000000 0.000000 -0.937170 0.348874 -139.16 forward
171.660497 -22.746071 0.000000 0.000000 0.000000 -0.937132 0.348975 -139.15 forward
171.512068 -22.863611 0.000000 0.000000 0.000000 -0.938489 0.345309 -139.60 forward
171.364340 -22.981767 0.000000 0.000000 0.000000 -0.939045 0.343794 -139.78 forward
171.215601 -23.099165 0.000000 0.000000 0.000000 -0.940156 0.340744 -140.16 forward
171.071613 -23.221805 0.000000 0.000000 0.000000 -0.939110 0.343617 -139.81 forward
170.916827 -23.338351 0.000000 0.000000 0.000000 -0.939971 0.341254 -140.09 forward
170.767228 -23.454758 0.000000 0.000000 0.000000 -0.940848 0.338830 -140.39 forward
170.621477 -23.575660 0.000000 0.000000 0.000000 -0.940125 0.340830 -140.15 forward
170.472076 -23.691851 0.000000 0.000000 0.000000 -0.941635 0.336635 -140.66 forward
170.322066 -23.807684 0.000000 0.000000 0.000000 -0.942223 0.334987 -140.86 forward
170.176195 -23.928346 0.000000 0.000000 0.000000 -0.942264 0.334871 -140.87 forward
170.038696 -24.028846 0.000000 0.000000 0.000000 -0.942729 0.333560 -141.03 forward
169.888784 -24.144047 0.000000 0.000000 0.000000 -0.943676 0.330871 -141.36 forward
169.741780 -24.263013 0.000000 0.000000 0.000000 -0.943127 0.332433 -141.17 forward
169.592023 -24.378270 0.000000 0.000000 0.000000 -0.943955 0.330075 -141.45 forward
169.442052 -24.493249 0.000000 0.000000 0.000000 -0.944265 0.329185 -141.56 forward
169.295318 -24.612118 0.000000 0.000000 0.000000 -0.944271 0.329168 -141.56 forward
169.143373 -24.756165 0.000000 0.000000 0.000000 -0.944293 0.329106 -141.57 forward
168.993296 -24.871947 0.000000 0.000000 0.000000 -0.944225 0.329302 -141.55 forward
168.845639 -24.990611 0.000000 0.000000 0.000000 -0.943768 0.330609 -141.39 forward
168.695939 -25.106420 0.000000 0.000000 0.000000 -0.943763 0.330623 -141.39 forward
168.546007 -25.222184 0.000000 0.000000 0.000000 -0.943924 0.330162 -141.44 forward
168.398387 -25.340751 0.000000 0.000000 0.000000 -0.943508 0.331350 -141.30 forward
168.264467 -25.464469 0.000000 0.000000 0.000000 -0.943473 0.331449 -141.29 forward
168.114897 -25.580661 0.000000 0.000000 0.000000 -0.943021 0.332734 -141.13 forward
167.967016 -25.698679 0.000000 0.000000 0.000000 -0.942729 0.333561 -141.03 forward
167.817779 -25.814849 0.000000 0.000000 0.000000 -0.943101 0.332505 -141.16 forward
167.668296 -25.931096 0.000000 0.000000 0.000000 -0.943189 0.332258 -141.19 forward
167.520879 -26.049443 0.000000 0.000000 0.000000 -0.943106 0.332493 -141.16 forward
167.361137 -26.158060 0.000000 0.000000 0.000000 -0.943279 0.332000 -141.22 forward
167.211603 -26.274190 0.000000 0.000000 0.000000 -0.943775 0.330590 -141.39 forward
167.063278 -26.391644 0.000000 0.000000 0.000000 -0.943578 0.331150 -141.32 forward
166.913879 -26.507858 0.000000 0.000000 0.000000 -0.944462 0.328622 -141.63 forward
166.764390 -26.624090 0.000000 0.000000 0.000000 -0.944503 0.328502 -141.64 forward
166.616190 -26.741744 0.000000 0.000000 0.000000 -0.944955 0.327199 -141.80 forward
166.477350 -26.839630 0.000000 0.000000 0.000000 -0.945063 0.326888 -141.84 forward
166.328141 -26.955534 0.000000 0.000000 0.000000 -0.945738 0.324932 -142.08 forward
166.180232 -27.072915 0.000000 0.000000 0.000000 -0.945472 0.325704 -141.98 forward
166.031222 -27.188994 0.000000 0.000000 0.000000 -0.945678 0.325104 -142.06 forward
165.882167 -27.305100 0.000000 0.000000 0.000000 -0.945688 0.325075 -142.06 forward
165.733987 -27.422144 0.000000 0.000000 0.000000 -0.945737 0.324932 -142.08 forward
165.581711 -27.565355 0.000000 0.000000 0.000000 -0.945565 0.325432 -142.02 forward
165.432626 -27.682317 0.000000 0.000000 0.000000 -0.945156 0.326619 -141.87 forward
165.284648 -27.799818 0.000000 0.000000 0.000000 -0.944993 0.327090 -141.82 forward
165.135831 -27.916801 0.000000 0.000000 0.000000 -0.944494 0.328528 -141.64 forward
164.986918 -28.033875 0.000000 0.000000 0.000000 -0.944490 0.328540 -141.64 forward
164.838577 -28.151152 0.000000 0.000000 0.000000 -0.944095 0.329672 -141.50 forward
164.703981 -28.273845 0.000000 0.000000 0.000000 -0.943970 0.330033 -141.46 forward
164.555472 -28.391156 0.000000 0.000000 0.000000 -0.943309 0.331915 -141.23 forward
164.407365 -28.508497 0.000000 0.000000 0.000000 -0.943281 0.331997 -141.22 forward
164.258968 -28.625775 0.000000 0.000000 0.000000 -0.943335 0.331842 -141.24 forward
164.110558 -28.743074 0.000000 0.000000 0.000000 -0.943336 0.331838 -141.24 forward
163.962722 -28.860807 0.000000 0.000000 0.000000 -0.943268 0.332032 -141.22 forward
163.841361 -28.967434 0.000000 0.000000 0.000000 -0.943177 0.332291 -141.18 forward
163.693609 -29.084724 0.000000 0.000000 0.000000 -0.942926 0.333002 -141.10 forward
163.545892 -29.201822 0.000000 0.000000 0.000000 -0.942954 0.332924 -141.11 forward
163.398306 -29.318980 0.000000 0.000000 0.000000 -0.943139 0.332397 -141.17 forward
163.250309 -29.436485 0.000000 0.000000 0.000000 -0.943135 0.332411 -141.17 forward
163.102916 -29.553513 0.000000 0.000000 0.000000 -0.943250 0.332085 -141.21 forward
162.951597 -29.648415 0.000000 0.000000 0.000000 -0.943436 0.331554 -141.27 forward
162.803739 -29.765143 0.000000 0.000000 0.000000 -0.944037 0.329838 -141.48 forward
162.656367 -29.882255 0.000000 0.000000 0.000000 -0.943930 0.330146 -141.44 forward
162.508736 -29.998981 0.000000 0.000000 0.000000 -0.944620 0.328166 -141.68 forward
162.361057 -30.115777 0.000000 0.000000 0.000000 -0.944606 0.328208 -141.68 forward
162.213464 -30.232460 0.000000 0.000000 0.000000 -0.945130 0.326694 -141.86 forward
162.089584 -30.372672 0.000000 0.000000 0.000000 -0.944809 0.327621 -141.75 forward
161.942544 -30.490190 0.000000 0.000000 0.000000 -0.944279 0.329145 -141.57 forward
161.795530 -30.607237 0.000000 0.000000 0.000000 -0.944326 0.329011 -141.58 forward
161.648384 -30.724820 0.000000 0.000000 0.000000 -0.943339 0.331831 -141.24 forward
161.501538 -30.842184 0.000000 0.000000 0.000000 -0.943335 0.331842 -141.24 forward
161.354688 -30.959544 0.000000 0.000000 0.000000 -0.942575 0.333993 -140.98 forward
161.199660 -31.079126 0.000000 0.000000 0.000000 -0.942597 0.333932 -140.98 forward
161.052409 -31.196805 0.000000 0.000000 0.000000 -0.942113 0.335296 -140.82 forward
160.905261 -31.313914 0.000000 0.000000 0.000000 -0.942174 0.335125 -140.84 forward
160.758261 -31.431354 0.000000 0.000000 0.000000 -0.942756 0.333485 -141.04 forward
160.611135 -31.548915 0.000000 0.000000 0.000000 -0.942752 0.333496 -141.04 forward
160.464022 -31.666165 0.000000 0.000000 0.000000 -0.943178 0.332288 -141.18 forward
160.325808 -31.770533 0.000000 0.000000 0.000000 -0.943221 0.332165 -141.20 forward
160.178882 -31.887780 0.000000 0.000000 0.000000 -0.943630 0.331001 -141.34 forward
160.032090 -32.005146 0.000000 0.000000 0.000000 -0.943583 0.331136 -141.32 forward
159.885393 -32.122315 0.000000 0.000000 0.000000 -0.943779 0.330577 -141.39 forward
159.738482 -32.239686 0.000000 0.000000 0.000000 -0.943769 0.330607 -141.39 forward
159.591628 -32.356587 0.000000 0.000000 0.000000 -0.943952 0.330082 -141.45 forward
159.426403 -32.450236 0.000000 0.000000 0.000000 -0.944235 0.329273 -141.55 forward
159.278982 -32.566913 0.000000 0.000000 0.000000 -0.945146 0.326649 -141.87 forward
159.131935 -32.683622 0.000000 0.000000 0.000000 -0.945117 0.326731 -141.86 forward
158.984773 -32.800150 0.000000 0.000000 0.000000 -0.945649 0.325189 -142.05 forward
158.837435 -32.916830 0.000000 0.000000 0.000000 -0.945647 0.325194 -142.05 forward
158.690423 -33.033586 0.000000 0.000000 0.000000 -0.946042 0.324044 -142.18 forward
158.555655 -33.173084 0.000000 0.000000 0.000000 -0.945801 0.324748 -142.10 forward
158.408826 -33.290348 0.000000 0.000000 0.000000 -0.945447 0.325775 -141.97 forward
158.262145 -33.407416 0.000000 0.000000 0.000000 -0.945455 0.325752 -141.98 forward
158.115289 -33.524720 0.000000 0.000000 0.000000 -0.944329 0.329001 -141.58 forward
157.968618 -33.641890 0.000000 0.000000 0.000000 -0.944329 0.329003 -141.58 forward
157.820866 -33.757726 0.000000 0.000000 0.000000 -0.943796 0.330529 -141.40 forward
157.696877 -33.876861 0.000000 0.000000 0.000000 -0.943698 0.330809 -141.36 forward
157.550264 -33.993976 0.000000 0.000000 0.000000 -0.942617 0.333877 -140.99 forward
157.397682 -34.103264 0.000000 0.000000 0.000000 -0.944854 0.327491 -141.77 forward
157.249771 -34.218017 0.000000 0.000000 0.000000 -0.944747 0.327799 -141.73 forward
157.101342 -34.332642 0.000000 0.000000 0.000000 -0.945125 0.326709 -141.86 forward
156.938961 -34.429112 0.000000 0.000000 0.000000 -0.948648 0.316333 -143.12 forward
156.786059 -34.536446 0.000000 0.000000 0.000000 -0.949597 0.313475 -143.46 forward
156.633491 -34.645494 0.000000 0.000000 0.000000 -0.949916 0.312504 -143.58 forward
156.478392 -34.750496 0.000000 0.000000 0.000000 -0.950947 0.309353 -143.96 forward
156.324719 -34.857665 0.000000 0.000000 0.000000 -0.951912 0.306371 -144.32 forward
156.170441 -34.964049 0.000000 0.000000 0.000000 -0.952727 0.303828 -144.62 forward
156.017294 -35.071956 0.000000 0.000000 0.000000 -0.952855 0.303426 -144.67 forward
155.849193 -35.179566 0.000000 0.000000 0.000000 -0.953510 0.301362 -144.92 forward
155.694075 -35.284668 0.000000 0.000000 0.000000 -0.954707 0.297547 -145.38 forward
155.539623 -35.391792 0.000000 0.000000 0.000000 -0.954490 0.298241 -145.30 forward
155.384226 -35.496657 0.000000 0.000000 0.000000 -0.955022 0.296536 -145.50 forward
155.228463 -35.601128 0.000000 0.000000 0.000000 -0.955451 0.295149 -145.67 forward
155.074105 -35.707544 0.000000 0.000000 0.000000 -0.955335 0.295525 -145.62 forward
154.898323 -35.820776 0.000000 0.000000 0.000000 -0.955684 0.294394 -145.76 forward
154.741946 -35.924836 0.000000 0.000000 0.000000 -0.956147 0.292888 -145.94 forward
154.586520 -36.030646 0.000000 0.000000 0.000000 -0.955939 0.293564 -145.86 forward
154.430157 -36.134603 0.000000 0.000000 0.000000 -0.956254 0.292538 -145.98 forward
154.273496 -36.238421 0.000000 0.000000 0.000000 -0.956482 0.291792 -146.07 forward
154.118019 -36.344021 0.000000 0.000000 0.000000 -0.956432 0.291956 -146.05 forward
153.928627 -36.410465 0.000000 0.000000 0.000000 -0.957013 0.290044 -146.28 forward
153.770878 -36.513082 0.000000 0.000000 0.000000 -0.958401 0.285426 -146.83 forward
153.614688 -36.617406 0.000000 0.000000 0.000000 -0.958168 0.286207 -146.74 forward
153.457038 -36.720071 0.000000 0.000000 0.000000 -0.959219 0.282663 -147.16 forward
153.299595 -36.822420 0.000000 0.000000 0.000000 -0.959338 0.282261 -147.21 forward
153.143211 -36.926872 0.000000 0.000000 0.000000 -0.959895 0.280361 -147.44 forward
152.995265 -37.014515 0.000000 0.000000 0.000000 -0.960038 0.279870 -147.50 forward
152.837815 -37.116653 0.000000 0.000000 0.000000 -0.960863 0.277024 -147.83 forward
152.689398 -37.232597 0.000000 0.000000 0.000000 -0.958044 0.286620 -146.69 forward
152.534049 -37.337789 0.000000 0.000000 0.000000 -0.957594 0.288122 -146.51 forward
152.378912 -37.443332 0.000000 0.000000 0.000000 -0.957282 0.289155 -146.39 forward
152.226307 -37.552225 0.000000 0.000000 0.000000 -0.956648 0.291246 -146.13 forward
152.068067 -37.653175 0.000000 0.000000 0.000000 -0.956421 0.291990 -146.05 forward
151.913664 -37.759676 0.000000 0.000000 0.000000 -0.956135 0.292925 -145.93 forward
151.760102 -37.866996 0.000000 0.000000 0.000000 -0.956015 0.293316 -145.89 forward
151.605997 -37.973820 0.000000 0.000000 0.000000 -0.955474 0.295075 -145.68 forward
151.451960 -38.080927 0.000000 0.000000 0.000000 -0.955263 0.295757 -145.59 forward
151.298575 -38.188717 0.000000 0.000000 0.000000 -0.955129 0.296190 -145.54 forward
151.130522 -38.297094 0.000000 0.000000 0.000000 -0.955036 0.296490 -145.51 forward
150.976380 -38.404648 0.000000 0.000000 0.000000 -0.954979 0.296673 -145.48 forward
150.822897 -38.512497 0.000000 0.000000 0.000000 -0.954919 0.296867 -145.46 forward
150.669118 -38.620075 0.000000 0.000000 0.000000 -0.954753 0.297400 -145.40 forward
150.515231 -38.727903 0.000000 0.000000 0.000000 -0.954640 0.297762 -145.35 forward
150.361999 -38.835958 0.000000 0.000000 0.000000 -0.954545 0.298066 -145.32 forward
150.224424 -38.947872 0.000000 0.000000 0.000000 -0.954355 0.298676 -145.24 forward
150.071292 -39.055944 0.000000 0.000000 0.000000 -0.953925 0.300044 -145.08 forward
149.918208 -39.164272 0.000000 0.000000 0.000000 -0.953897 0.300133 -145.07 forward
149.765086 -39.272487 0.000000 0.000000 0.000000 -0.953374 0.301792 -144.87 forward
149.612094 -39.380708 0.000000 0.000000 0.000000 -0.953311 0.301990 -144.85 forward
149.459088 -39.489110 0.000000 0.000000 0.000000 -0.952946 0.303140 -144.71 forward
149.304692 -39.602366 0.000000 0.000000 0.000000 -0.952872 0.303374 -144.68 forward
149.151741 -39.710842 0.000000 0.000000 0.000000 -0.952468 0.304640 -144.53 forward
148.998855 -39.819244 0.000000 0.000000 0.000000 -0.952477 0.304610 -144.53 forward
148.846009 -39.927694 0.000000 0.000000 0.000000 -0.952505 0.304523 -144.54 forward
148.692971 -40.036332 0.000000 0.000000 0.000000 -0.952473 0.304623 -144.53 forward
148.540177 -40.144736 0.000000 0.000000 0.000000 -0.952514 0.304495 -144.54 forward
148.372296 -40.259037 0.000000 0.000000 0.000000 -0.952528 0.304452 -144.55 forward
148.219042 -40.367752 0.000000 0.000000 0.000000 -0.952617 0.304171 -144.58 forward
148.066056 -40.476345 0.000000 0.000000 0.000000 -0.952613 0.304184 -144.58 forward
147.912883 -40.585039 0.000000 0.000000 0.000000 -0.952758 0.303731 -144.64 forward
147.759758 -40.693724 0.000000 0.000000 0.000000 -0.952743 0.303778 -144.63 forward
147.606610 -40.802504 0.000000 0.000000 0.000000 -0.952849 0.303444 -144.67 forward
147.468194 -40.916614 0.000000 0.000000 0.000000 -0.952725 0.303834 -144.62 forward
147.315320 -41.025618 0.000000 0.000000 0.000000 -0.952474 0.304620 -144.53 forward
147.162578 -41.134332 0.000000 0.000000 0.000000 -0.952496 0.304552 -144.54 forward
147.009943 -41.243160 0.000000 0.000000 0.000000 -0.952187 0.305516 -144.42 forward
146.857060 -41.352179 0.000000 0.000000 0.000000 -0.952180 0.305537 -144.42 forward
146.704429 -41.460817 0.000000 0.000000 0.000000 -0.951966 0.306202 -144.34 forward
146.548296 -41.574667 0.000000 0.000000 0.000000 -0.951945 0.306269 -144.33 forward
146.395409 -41.683757 0.000000 0.000000 0.000000 -0.951704 0.307016 -144.24 forward
146.242675 -41.792588 0.000000 0.000000 0.000000 -0.951722 0.306963 -144.25 forward
146.089971 -41.901538 0.000000 0.000000 0.000000 -0.951883 0.306463 -144.31 forward
145.937059 -42.010644 0.000000 0.000000 0.000000 -0.951882 0.306466 -144.31 forward
145.784501 -42.119303 0.000000 0.000000 0.000000 -0.952007 0.306077 -144.35 forward
145.614828 -42.233321 0.000000 0.000000 0.000000 -0.952058 0.305918 -144.37 forward
145.461670 -42.342390 0.000000 0.000000 0.000000 -0.952271 0.305252 -144.45 forward
145.307007 -42.449345 0.000000 0.000000 0.000000 -0.952833 0.303494 -144.66 forward
145.153594 -42.557715 0.000000 0.000000 0.000000 -0.953020 0.302907 -144.74 forward
144.999975 -42.666099 0.000000 0.000000 0.000000 -0.953109 0.302628 -144.77 forward
144.843884 -42.770811 0.000000 0.000000 0.000000 -0.953821 0.300374 -145.04 forward
144.704489 -42.885113 0.000000 0.000000 0.000000 -0.953857 0.300260 -145.05 forward
144.550489 -42.992793 0.000000 0.000000 0.000000 -0.953681 0.300819 -144.99 forward
144.396567 -43.100093 0.000000 0.000000 0.000000 -0.953721 0.300692 -145.00 forward
144.242567 -43.207530 0.000000 0.000000 0.000000 -0.953511 0.301359 -144.92 forward
144.088464 -43.314862 0.000000 0.000000 0.000000 -0.953631 0.300978 -144.97 forward
143.934242 -43.422123 0.000000 0.000000 0.000000 -0.953415 0.301663 -144.89 forward
143.779097 -43.537734 0.000000 0.000000 0.000000 -0.953450 0.301551 -144.90 forward
143.624866 -43.645080 0.000000 0.000000 0.000000 -0.953240 0.302216 -144.82 forward
143.470649 -43.752442 0.000000 0.000000 0.000000 -0.953231 0.302243 -144.82 forward
143.316521 -43.859635 0.000000 0.000000 0.000000 -0.953364 0.301823 -144.87 forward
143.162085 -43.966952 0.000000 0.000000 0.000000 -0.953429 0.301619 -144.89 forward
143.008000 -44.074072 0.000000 0.000000 0.000000 -0.953472 0.301481 -144.91 forward
142.841083 -44.191790 0.000000 0.000000 0.000000 -0.953506 0.301375 -144.92 forward
142.686579 -44.299090 0.000000 0.000000 0.000000 -0.953545 0.301252 -144.93 forward
142.531932 -44.406472 0.000000 0.000000 0.000000 -0.953545 0.301250 -144.93 forward
142.377470 -44.513703 0.000000 0.000000 0.000000 -0.953738 0.300638 -145.01 forward
142.222819 -44.621023 0.000000 0.000000 0.000000 -0.953771 0.300533 -145.02 forward
142.068122 -44.728305 0.000000 0.000000 0.000000 -0.953896 0.300139 -145.07 forward
141.893220 -44.847712 0.000000 0.000000 0.000000 -0.953935 0.300012 -145.08 forward
141.738129 -44.955209 0.000000 0.000000 0.000000 -0.954075 0.299568 -145.14 forward
141.583083 -45.062735 0.000000 0.000000 0.000000 -0.954068 0.299590 -145.13 forward
141.427990 -45.170228 0.000000 0.000000 0.000000 -0.954211 0.299133 -145.19 forward
141.272854 -45.277732 0.000000 0.000000 0.000000 -0.954229 0.299076 -145.20 forward
141.117993 -45.385092 0.000000 0.000000 0.000000 -0.954317 0.298797 -145.23 forward
140.976575 -45.505209 0.000000 0.000000 0.000000 -0.954171 0.299262 -145.17 forward
140.821777 -45.613099 0.000000 0.000000 0.000000 -0.953806 0.300422 -145.03 forward
140.666975 -45.720766 0.000000 0.000000 0.000000 -0.953824 0.300367 -145.04 forward
140.512261 -45.828584 0.000000 0.000000 0.000000 -0.953494 0.301413 -144.92 forward
140.357396 -45.936506 0.000000 0.000000 0.000000 -0.953502 0.301387 -144.92 forward
140.202650 -46.044083 0.000000 0.000000 0.000000 -0.953257 0.302160 -144.83 forward
140.047000 -46.164279 0.000000 0.000000 0.000000 -0.953178 0.302409 -144.80 forward
139.892119 -46.272535 0.000000 0.000000 0.000000 -0.952732 0.303812 -144.63 forward
139.737367 -46.380395 0.000000 0.000000 0.000000 -0.952757 0.303735 -144.64 forward
139.582567 -46.488583 0.000000 0.000000 0.000000 -0.952889 0.303319 -144.69 forward
139.427657 -46.596857 0.000000 0.000000 0.000000 -0.952892 0.303309 -144.69 forward
139.272830 -46.704739 0.000000 0.000000 0.000000 -0.952988 0.303009 -144.72 forward
139.106580 -46.824787 0.000000 0.000000 0.000000 -0.952962 0.303091 -144.71 forward
138.951507 -46.933285 0.000000 0.000000 0.000000 -0.952923 0.303212 -144.70 forward
138.796482 -47.041459 0.000000 0.000000 0.000000 -0.952949 0.303130 -144.71 forward
138.641488 -47.149894 0.000000 0.000000 0.000000 -0.953149 0.302501 -144.78 forward
138.486476 -47.258352 0.000000 0.000000 0.000000 -0.953150 0.302497 -144.78 forward
138.331311 -47.366646 0.000000 0.000000 0.000000 -0.953298 0.302032 -144.84 forward
138.157274 -47.486493 0.000000 0.000000 0.000000 -0.953312 0.301986 -144.85 forward
138.001820 -47.595218 0.000000 0.000000 0.000000 -0.953435 0.301600 -144.89 forward
137.846340 -47.703792 0.000000 0.000000 0.000000 -0.953449 0.301553 -144.90 forward
137.690982 -47.812458 0.000000 0.000000 0.000000 -0.953606 0.301059 -144.96 forward
137.535501 -47.921222 0.000000 0.000000 0.000000 -0.953606 0.301059 -144.96 forward
137.379977 -48.029905 0.000000 0.000000 0.000000 -0.953716 0.300709 -145.00 forward
137.200525 -48.149450 0.000000 0.000000 0.000000 -0.953758 0.300574 -145.02 forward
137.044464 -48.258484 0.000000 0.000000 0.000000 -0.953947 0.299976 -145.09 forward
136.888614 -48.367394 0.000000 0.000000 0.000000 -0.953941 0.299993 -145.09 forward
136.732617 -48.476419 0.000000 0.000000 0.000000 -0.954035 0.299696 -145.12 forward
136.576567 -48.585498 0.000000 0.000000 0.000000 -0.954032 0.299703 -145.12 forward
136.420790 -48.694357 0.000000 0.000000 0.000000 -0.954101 0.299486 -145.15 forward
136.276819 -48.812864 0.000000 0.000000 0.000000 -0.953971 0.299900 -145.10 forward
136.121003 -48.922331 0.000000 0.000000 0.000000 -0.953666 0.300868 -144.98 forward
135.965215 -49.031537 0.000000 0.000000 0.000000 -0.953687 0.300801 -144.99 forward
135.809656 -49.140828 0.000000 0.000000 0.000000 -0.953316 0.301976 -144.85 forward
135.653835 -49.250322 0.000000 0.000000 0.000000 -0.953314 0.301982 -144.85 forward
135.498189 -49.359492 0.000000 0.000000 0.000000 -0.953042 0.302839 -144.74 forward
135.341841 -49.476404 0.000000 0.000000 0.000000 -0.952989 0.303006 -144.72 forward
135.185975 -49.586165 0.000000 0.000000 0.000000 -0.952620 0.304164 -144.58 forward
135.030334 -49.695529 0.000000 0.000000 0.000000 -0.952640 0.304101 -144.59 forward
134.874587 -49.805215 0.000000 0.000000 0.000000 -0.952735 0.303803 -144.63 forward
134.718835 -49.914923 0.000000 0.000000 0.000000 -0.952733 0.303810 -144.63 forward
134.562925 -50.024500 0.000000 0.000000 0.000000 -0.952802 0.303593 -144.65 forward
134.397226 -50.140140 0.000000 0.000000 0.000000 -0.952808 0.303575 -144.66 forward
134.241269 -50.249992 0.000000 0.000000 0.000000 -0.952852 0.303435 -144.67 forward
134.085248 -50.359722 0.000000 0.000000 0.000000 -0.952868 0.303385 -144.68 forward
133.929195 -50.469656 0.000000 0.000000 0.000000 -0.953034 0.302863 -144.74 forward
133.773283 -50.579509 0.000000 0.000000 0.000000 -0.953032 0.302869 -144.74 forward
133.617260 -50.689306 0.000000 0.000000 0.000000 -0.953151 0.302495 -144.78 forward
133.444736 -50.803978 0.000000 0.000000 0.000000 -0.953199 0.302343 -144.80 forward
133.288316 -50.914035 0.000000 0.000000 0.000000 -0.953408 0.301685 -144.88 forward
133.131897 -51.024057 0.000000 0.000000 0.000000 -0.953411 0.301676 -144.88 forward
132.975571 -51.134078 0.000000 0.000000 0.000000 -0.953534 0.301287 -144.93 forward
132.819029 -51.244267 0.000000 0.000000 0.000000 -0.953532 0.301292 -144.93 forward
132.662643 -51.354314 0.000000 0.000000 0.000000 -0.953622 0.301008 -144.96 forward
132.524829 -51.467363 0.000000 0.000000 0.000000 -0.953504 0.301381 -144.92 forward
132.368809 -51.577691 0.000000 0.000000 0.000000 -0.953249 0.302186 -144.82 forward
132.212612 -51.687895 0.000000 0.000000 0.000000 -0.953272 0.302114 -144.83 forward
132.056684 -51.798164 0.000000 0.000000 0.000000 -0.952920 0.303222 -144.70 forward
131.900623 -51.908546 0.000000 0.000000 0.000000 -0.952919 0.303226 -144.70 forward
131.744537 -52.018708 0.000000 0.000000 0.000000 -0.952665 0.304022 -144.60 forward
131.593051 -52.130259 0.000000 0.000000 0.000000 -0.952631 0.304127 -144.59 forward
131.437097 -52.240723 0.000000 0.000000 0.000000 -0.952325 0.305084 -144.47 forward
131.281086 -52.350974 0.000000 0.000000 0.000000 -0.952349 0.305010 -144.48 forward
131.125097 -52.461467 0.000000 0.000000 0.000000 -0.952456 0.304676 -144.52 forward
130.969071 -52.572007 0.000000 0.000000 0.000000 -0.952455 0.304679 -144.52 forward
130.812988 -52.682357 0.000000 0.000000 0.000000 -0.952533 0.304435 -144.55 forward
130.651274 -52.792781 0.000000 0.000000 0.000000 -0.952562 0.304344 -144.56 forward
130.495062 -52.903368 0.000000 0.000000 0.000000 -0.952679 0.303979 -144.61 forward
130.338739 -53.013884 0.000000 0.000000 0.000000 -0.952693 0.303934 -144.61 forward
130.182701 -53.124366 0.000000 0.000000 0.000000 -0.952859 0.303414 -144.67 forward
130.026502 -53.234980 0.000000 0.000000 0.000000 -0.952858 0.303417 -144.67 forward
129.870208 -53.345475 0.000000 0.000000 0.000000 -0.952986 0.303013 -144.72 forward
129.700931 -53.455243 0.000000 0.000000 0.000000 -0.953060 0.302782 -144.75 forward
129.544371 -53.565852 0.000000 0.000000 0.000000 -0.953337 0.301907 -144.86 forward
129.388033 -53.676322 0.000000 0.000000 0.000000 -0.953337 0.301909 -144.86 forward
129.231507 -53.786941 0.000000 0.000000 0.000000 -0.953450 0.301550 -144.90 forward
129.074940 -53.897604 0.000000 0.000000 0.000000 -0.953450 0.301551 -144.90 forward
128.918451 -54.008215 0.000000 0.000000 0.000000 -0.953535 0.301284 -144.93 forward
128.783241 -54.116839 0.000000 0.000000 0.000000 -0.953440 0.301583 -144.89 forward
128.627023 -54.227674 0.000000 0.000000 0.000000 -0.953247 0.302192 -144.82 forward
128.480910 -54.352449 0.000000 0.000000 0.000000 -0.949863 0.312667 -143.56 forward
128.327501 -54.466622 0.000000 0.000000 0.000000 -0.949577 0.313535 -143.46 forward
128.174173 -54.581507 0.000000 0.000000 0.000000 -0.949080 0.315034 -143.27 forward
128.036241 -54.717099 0.000000 0.000000 0.000000 -0.944816 0.327601 -141.75 forward
127.883748 -54.819614 0.000000 0.000000 0.000000 -0.943800 0.330518 -141.40 forward
127.735293 -54.940520 0.000000 0.000000 0.000000 -0.943578 0.331149 -141.32 forward
127.592809 -55.068869 0.000000 0.000000 0.000000 -0.941354 0.337422 -140.56 forward
127.446944 -55.192580 0.000000 0.000000 0.000000 -0.941019 0.338354 -140.45 forward
127.301823 -55.317522 0.000000 0.000000 0.000000 -0.939767 0.341816 -140.02 forward
127.155450 -55.440725 0.000000 0.000000 0.000000 -0.940334 0.340253 -140.22 forward
127.021195 -55.528595 0.000000 0.000000 0.000000 -0.939592 0.342297 -139.97 forward
126.877513 -55.654423 0.000000 0.000000 0.000000 -0.939288 0.343130 -139.86 forward
126.731681 -55.777440 0.000000 0.000000 0.000000 -0.939721 0.341941 -140.01 forward
126.588486 -55.903514 0.000000 0.000000 0.000000 -0.939278 0.343158 -139.86 forward
126.445745 -56.030267 0.000000 0.000000 0.000000 -0.938554 0.345132 -139.62 forward
126.299440 -56.152921 0.000000 0.000000 0.000000 -0.939454 0.342674 -139.92 forward
126.184530 -56.277053 0.000000 0.000000 0.000000 -0.938817 0.344417 -139.71 forward
126.042621 -56.404204 0.000000 0.000000 0.000000 -0.938028 0.346561 -139.45 forward
125.888867 -56.517998 0.000000 0.000000 0.000000 -0.941764 0.336274 -140.70 forward
125.744559 -56.642224 0.000000 0.000000 0.000000 -0.940279 0.340405 -140.20 forward
125.600111 -56.766353 0.000000 0.000000 0.000000 -0.940434 0.339975 -140.25 forward
125.443461 -56.876319 0.000000 0.000000 0.000000 -0.942233 0.334958 -140.86 forward
125.291528 -56.974514 0.000000 0.000000 0.000000 -0.943011 0.332761 -141.13 forward
125.143885 -57.094289 0.000000 0.000000 0.000000 -0.943078 0.332570 -141.15 forward
124.995126 -57.213020 0.000000 0.000000 0.000000 -0.943407 0.331637 -141.26 forward
124.847023 -57.331986 0.000000 0.000000 0.000000 -0.944144 0.329532 -141.52 forward
124.698287 -57.450777 0.000000 0.000000 0.000000 -0.944612 0.328188 -141.68 forward
124.550177 -57.569830 0.000000 0.000000 0.000000 -0.944702 0.327929 -141.71 forward
124.414432 -57.654240 0.000000 0.000000 0.000000 -0.945214 0.326451 -141.89 forward
124.265435 -57.771609 0.000000 0.000000 0.000000 -0.946404 0.322985 -142.31 forward
124.116958 -57.889415 0.000000 0.000000 0.000000 -0.946341 0.323171 -142.29 forward
123.967843 -58.006546 0.000000 0.000000 0.000000 -0.946320 0.323231 -142.28 forward
123.818560 -58.123439 0.000000 0.000000 0.000000 -0.946572 0.322492 -142.37 forward
123.670151 -58.241266 0.000000 0.000000 0.000000 -0.946300 0.323291 -142.28 forward
123.519688 -58.372018 0.000000 0.000000 0.000000 -0.946379 0.323059 -142.30 forward
123.370158 -58.489154 0.000000 0.000000 0.000000 -0.946227 0.323503 -142.25 forward
123.217179 -58.601459 0.000000 0.000000 0.000000 -0.947589 0.319492 -142.74 forward
123.066619 -58.717064 0.000000 0.000000 0.000000 -0.946997 0.321243 -142.52 forward
122.915818 -58.832347 0.000000 0.000000 0.000000 -0.947342 0.320225 -142.65 forward
122.753420 -58.932332 0.000000 0.000000 0.000000 -0.949868 0.312650 -143.56 forward
122.623066 -59.047460 0.000000 0.000000 0.000000 -0.950504 0.310713 -143.80 forward
122.469179 -59.158312 0.000000 0.000000 0.000000 -0.950015 0.312204 -143.62 forward
122.312452 -59.264970 0.000000 0.000000 0.000000 -0.951202 0.308568 -144.05 forward
122.157471 -59.373763 0.000000 0.000000 0.000000 -0.951435 0.307848 -144.14 forward
122.001814 -59.481875 0.000000 0.000000 0.000000 -0.952208 0.305450 -144.43 forward
121.847756 -59.592271 0.000000 0.000000 0.000000 -0.951788 0.306756 -144.27 forward
121.697748 -59.702852 0.000000 0.000000 0.000000 -0.952312 0.305126 -144.47 forward
121.541480 -59.810094 0.000000 0.000000 0.000000 -0.952795 0.303614 -144.65 forward
121.386950 -59.919532 0.000000 0.000000 0.000000 -0.952464 0.304652 -144.53 forward
121.230709 -60.026510 0.000000 0.000000 0.000000 -0.953039 0.302849 -144.74 forward
121.074189 -60.133070 0.000000 0.000000 0.000000 -0.953448 0.301559 -144.90 forward
120.919312 -60.242033 0.000000 0.000000 0.000000 -0.953289 0.302059 -144.84 forward
120.747609 -60.300737 0.000000 0.000000 0.000000 -0.954000 0.299805 -145.11 forward
120.590301 -60.405674 0.000000 0.000000 0.000000 -0.955518 0.294933 -145.69 forward
120.434572 -60.512955 0.000000 0.000000 0.000000 -0.955214 0.295916 -145.58 forward
120.277299 -60.617916 0.000000 0.000000 0.000000 -0.956617 0.291350 -146.12 forward
120.119904 -60.722640 0.000000 0.000000 0.000000 -0.956823 0.290671 -146.20 forward
119.963827 -60.829167 0.000000 0.000000 0.000000 -0.957635 0.287985 -146.53 forward
119.789395 -60.907393 0.000000 0.000000 0.000000 -0.958062 0.286560 -146.70 forward
119.631499 -61.011042 0.000000 0.000000 0.000000 -0.959649 0.281201 -147.34 forward
119.475148 -61.117307 0.000000 0.000000 0.000000 -0.959321 0.282319 -147.20 forward
119.317409 -61.221102 0.000000 0.000000 0.000000 -0.959425 0.281966 -147.24 forward
119.159416 -61.324883 0.000000 0.000000 0.000000 -0.959536 0.281586 -147.29 forward
119.003155 -61.430949 0.000000 0.000000 0.000000 -0.959384 0.282102 -147.23 forward
118.827482 -61.525755 0.000000 0.000000 0.000000 -0.959607 0.281344 -147.32 forward
118.669019 -61.629329 0.000000 0.000000 0.000000 -0.960161 0.279447 -147.55 forward
118.512188 -61.734635 0.000000 0.000000 0.000000 -0.959923 0.280263 -147.45 forward
118.353963 -61.838269 0.000000 0.000000 0.000000 -0.959661 0.281161 -147.34 forward
118.195557 -61.941926 0.000000 0.000000 0.000000 -0.959718 0.280965 -147.36 forward
118.038831 -62.047302 0.000000 0.000000 0.000000 -0.959361 0.282183 -147.22 forward
117.901586 -62.154466 0.000000 0.000000 0.000000 -0.959284 0.282444 -147.19 forward
117.743849 -62.258323 0.000000 0.000000 0.000000 -0.958876 0.283825 -147.02 forward
117.587141 -62.363358 0.000000 0.000000 0.000000 -0.958720 0.284352 -146.96 forward
117.429536 -62.467282 0.000000 0.000000 0.000000 -0.958054 0.286589 -146.69 forward
117.271883 -62.571188 0.000000 0.000000 0.000000 -0.958084 0.286486 -146.70 forward
117.115033 -62.676463 0.000000 0.000000 0.000000 -0.957466 0.288545 -146.46 forward
116.967027 -62.792382 0.000000 0.000000 0.000000 -0.957361 0.288894 -146.42 forward
116.809631 -62.896754 0.000000 0.000000 0.000000 -0.956632 0.291300 -146.13 forward
116.652926 -63.001828 0.000000 0.000000 0.000000 -0.956532 0.291629 -146.09 forward
116.495713 -63.106183 0.000000 0.000000 0.000000 -0.956402 0.292055 -146.04 forward
116.338489 -63.210521 0.000000 0.000000 0.000000 -0.956418 0.292001 -146.04 forward
116.181858 -63.315606 0.000000 0.000000 0.000000 -0.956233 0.292607 -145.97 forward
116.014897 -63.384173 0.000000 0.000000 0.000000 -0.956545 0.291586 -146.09 forward
115.857217 -63.487682 0.000000 0.000000 0.000000 -0.957290 0.289128 -146.39 forward
115.700540 -63.592025 0.000000 0.000000 0.000000 -0.957156 0.289574 -146.34 forward
115.543067 -63.695553 0.000000 0.000000 0.000000 -0.958125 0.286349 -146.72 forward
115.385482 -63.799137 0.000000 0.000000 0.000000 -0.958133 0.286323 -146.72 forward
115.228732 -63.903522 0.000000 0.000000 0.000000 -0.958765 0.284201 -146.98 forward
115.058917 -63.992563 0.000000 0.000000 0.000000 -0.958927 0.283653 -147.04 forward
114.901222 -64.095671 0.000000 0.000000 0.000000 -0.959913 0.280298 -147.44 forward
114.744276 -64.199627 0.000000 0.000000 0.000000 -0.959797 0.280693 -147.40 forward
114.586630 -64.302837 0.000000 0.000000 0.000000 -0.959693 0.281051 -147.35 forward
114.428871 -64.406106 0.000000 0.000000 0.000000 -0.959696 0.281039 -147.36 forward
114.271841 -64.510148 0.000000 0.000000 0.000000 -0.959573 0.281460 -147.31 forward
114.100015 -64.614673 0.000000 0.000000 0.000000 -0.959631 0.281262 -147.33 forward
113.941991 -64.717975 0.000000 0.000000 0.000000 -0.959775 0.280770 -147.39 forward
113.784567 -64.821945 0.000000 0.000000 0.000000 -0.959682 0.281087 -147.35 forward
113.626783 -64.925194 0.000000 0.000000 0.000000 -0.959372 0.282146 -147.22 forward
113.468766 -65.028583 0.000000 0.000000 0.000000 -0.959373 0.282141 -147.22 forward
113.311524 -65.132465 0.000000 0.000000 0.000000 -0.959105 0.283049 -147.12 forward
113.176791 -65.247838 0.000000 0.000000 0.000000 -0.958920 0.283677 -147.04 forward
113.019498 -65.351598 0.000000 0.000000 0.000000 -0.958252 0.285925 -146.77 forward
112.862746 -65.455409 0.000000 0.000000 0.000000 -0.958214 0.286054 -146.76 forward
112.705534 -65.559156 0.000000 0.000000 0.000000 -0.957562 0.288227 -146.50 forward
112.548299 -65.662912 0.000000 0.000000 0.000000 -0.957561 0.288229 -146.50 forward
112.391256 -65.766913 0.000000 0.000000 0.000000 -0.957054 0.289908 -146.30 forward
112.244669 -65.889593 0.000000 0.000000 0.000000 -0.956871 0.290512 -146.22 forward
112.087802 -65.993869 0.000000 0.000000 0.000000 -0.955972 0.293459 -145.87 forward
111.930881 -66.098097 0.000000 0.000000 0.000000 -0.955977 0.293440 -145.87 forward
111.774115 -66.202295 0.000000 0.000000 0.000000 -0.955896 0.293707 -145.84 forward
111.617146 -66.306627 0.000000 0.000000 0.000000 -0.955894 0.293711 -145.84 forward
111.460479 -66.410669 0.000000 0.000000 0.000000 -0.955817 0.293961 -145.81 forward
111.304088 -66.538460 0.000000 0.000000 0.000000 -0.955646 0.294518 -145.74 forward
111.147485 -66.643218 0.000000 0.000000 0.000000 -0.955082 0.296342 -145.52 forward
110.990534 -66.747800 0.000000 0.000000 0.000000 -0.955117 0.296230 -145.54 forward
110.833818 -66.852593 0.000000 0.000000 0.000000 -0.955229 0.295868 -145.58 forward
110.677169 -66.957344 0.000000 0.000000 0.000000 -0.955227 0.295873 -145.58 forward
110.528917 -67.074775 0.000000 0.000000 0.000000 -0.952983 0.303025 -144.72 forward
110.364619 -67.204539 0.000000 0.000000 0.000000 -0.952462 0.304657 -144.52 forward
110.209953 -67.313302 0.000000 0.000000 0.000000 -0.952093 0.305807 -144.39 forward
110.059208 -67.427495 0.000000 0.000000 0.000000 -0.950971 0.309279 -143.97 forward
109.905793 -67.537550 0.000000 0.000000 0.000000 -0.951065 0.308992 -144.00 forward
109.752444 -67.648206 0.000000 0.000000 0.000000 -0.950635 0.310312 -143.84 forward
109.600390 -67.760228 0.000000 0.000000 0.000000 -0.950547 0.310580 -143.81 forward
109.465460 -67.884920 0.000000 0.000000 0.000000 -0.950020 0.312190 -143.62 forward
109.313422 -67.996745 0.000000 0.000000 0.000000 -0.949019 0.315219 -143.25 forward
109.161493 -68.108788 0.000000 0.000000 0.000000 -0.948997 0.315286 -143.24 forward
109.009677 -68.220899 0.000000 0.000000 0.000000 -0.948725 0.316102 -143.15 forward
108.857909 -68.333350 0.000000 0.000000 0.000000 -0.948475 0.316851 -143.05 forward
108.706529 -68.445679 0.000000 0.000000 0.000000 -0.948448 0.316934 -143.04 forward
108.551702 -68.563475 0.000000 0.000000 0.000000 -0.948242 0.317549 -142.97 forward
108.400196 -68.676422 0.000000 0.000000 0.000000 -0.947930 0.318478 -142.86 forward
108.247290 -68.787089 0.000000 0.000000 0.000000 -0.948524 0.316706 -143.07 forward
108.095471 -68.899585 0.000000 0.000000 0.000000 -0.948827 0.315796 -143.18 forward
107.943728 -69.012094 0.000000 0.000000 0.000000 -0.948784 0.315925 -143.17 forward
107.786482 -69.117267 0.000000 0.000000 0.000000 -0.950560 0.310541 -143.82 forward
107.616627 -69.229100 0.000000 0.000000 0.000000 -0.950905 0.309484 -143.94 forward
107.462888 -69.339483 0.000000 0.000000 0.000000 -0.951296 0.308278 -144.09 forward
107.309832 -69.450230 0.000000 0.000000 0.000000 -0.951293 0.308289 -144.09 forward
107.155959 -69.560346 0.000000 0.000000 0.000000 -0.951748 0.306881 -144.26 forward
107.001910 -69.670262 0.000000 0.000000 0.000000 -0.951963 0.306212 -144.34 forward
106.849178 -69.781442 0.000000 0.000000 0.000000 -0.952035 0.305989 -144.36 forward
106.708730 -69.890658 0.000000 0.000000 0.000000 -0.952126 0.305705 -144.40 forward
106.554786 -70.000484 0.000000 0.000000 0.000000 -0.952368 0.304951 -144.49 forward
106.401839 -70.111247 0.000000 0.000000 0.000000 -0.952220 0.305414 -144.43 forward
106.248134 -70.220906 0.000000 0.000000 0.000000 -0.952007 0.306077 -144.35 forward
106.094152 -70.330591 0.000000 0.000000 0.000000 -0.952121 0.305720 -144.40 forward
105.941283 -70.441196 0.000000 0.000000 0.000000 -0.951782 0.306774 -144.27 forward
105.784314 -70.549491 0.000000 0.000000 0.000000 -0.951892 0.306434 -144.31 forward
105.630286 -70.659025 0.000000 0.000000 0.000000 -0.951872 0.306495 -144.30 forward
105.477033 -70.769355 0.000000 0.000000 0.000000 -0.951752 0.306868 -144.26 forward
105.323155 -70.878838 0.000000 0.000000 0.000000 -0.951992 0.306124 -144.35 forward
105.169168 -70.988309 0.000000 0.000000 0.000000 -0.952053 0.305933 -144.37 forward
105.015897 -71.098635 0.000000 0.000000 0.000000 -0.952109 0.305760 -144.39 forward
104.847119 -71.207110 0.000000 0.000000 0.000000 -0.952238 0.305358 -144.44 forward
104.692758 -71.316518 0.000000 0.000000 0.000000 -0.952614 0.304183 -144.58 forward
104.538978 -71.426702 0.000000 0.000000 0.000000 -0.952508 0.304514 -144.54 forward
104.384736 -71.536110 0.000000 0.000000 0.000000 -0.952751 0.303754 -144.63 forward
104.230441 -71.645507 0.000000 0.000000 0.000000 -0.952783 0.303652 -144.65 forward
104.076678 -71.755676 0.000000 0.000000 0.000000 -0.952878 0.303355 -144.68 forward
103.899470 -71.864979 0.000000 0.000000 0.000000 -0.953020 0.302907 -144.74 forward
103.744771 -71.974236 0.000000 0.000000 0.000000 -0.953491 0.301420 -144.91 forward
103.590261 -72.084435 0.000000 0.000000 0.000000 -0.953397 0.301719 -144.88 forward
103.435559 -72.193786 0.000000 0.000000 0.000000 -0.953542 0.301261 -144.93 forward
103.280616 -72.303278 0.000000 0.000000 0.000000 -0.953559 0.301206 -144.94 forward
103.126508 -72.413269 0.000000 0.000000 0.000000 -0.953600 0.301077 -144.96 forward
102.982844 -72.522849 0.000000 0.000000 0.000000 -0.953554 0.301221 -144.94 forward
102.828312 -72.632350 0.000000 0.000000 0.000000 -0.953502 0.301386 -144.92 forward
102.674066 -72.742323 0.000000 0.000000 0.000000 -0.953442 0.301575 -144.90 forward
102.519675 -72.851786 0.000000 0.000000 0.000000 -0.953079 0.302723 -144.76 forward
102.365047 -72.961404 0.000000 0.000000 0.000000 -0.953087 0.302696 -144.76 forward
102.211046 -73.071269 0.000000 0.000000 0.000000 -0.952774 0.303680 -144.64 forward
102.053030 -73.181026 0.000000 0.000000 0.000000 -0.952796 0.303611 -144.65 forward
101.898506 -73.290561 0.000000 0.000000 0.000000 -0.952649 0.304074 -144.60 forward
101.744293 -73.400391 0.000000 0.000000 0.000000 -0.952601 0.304221 -144.58 forward
101.589651 -73.510064 0.000000 0.000000 0.000000 -0.952684 0.303961 -144.61 forward
101.435196 -73.619598 0.000000 0.000000 0.000000 -0.952688 0.303951 -144.61 forward
101.280880 -73.729529 0.000000 0.000000 0.000000 -0.952716 0.303863 -144.62 forward
101.112457 -73.839475 0.000000 0.000000 0.000000 -0.952787 0.303640 -144.65 forward
100.957587 -73.949073 0.000000 0.000000 0.000000 -0.953022 0.302902 -144.74 forward
100.803008 -74.058781 0.000000 0.000000 0.000000 -0.952991 0.302997 -144.72 forward
100.648145 -74.168408 0.000000 0.000000 0.000000 -0.953131 0.302559 -144.78 forward
100.493297 -74.278022 0.000000 0.000000 0.000000 -0.953132 0.302556 -144.78 forward
100.338731 -74.388026 0.000000 0.000000 0.000000 -0.953191 0.302369 -144.80 forward
100.201851 -74.497833 0.000000 0.000000 0.000000 -0.953095 0.302672 -144.76 forward
100.047359 -74.607646 0.000000 0.000000 0.000000 -0.952924 0.303210 -144.70 forward
99.893056 -74.717483 0.000000 0.000000 0.000000 -0.952904 0.303274 -144.69 forward
99.738785 -74.827173 0.000000 0.000000 0.000000 -0.952575 0.304303 -144.57 forward
99.584392 -74.936958 0.000000 0.000000 0.000000 -0.952570 0.304319 -144.57 forward
99.430221 -75.046727 0.000000 0.000000 0.000000 -0.952314 0.305121 -144.47 forward
99.277223 -75.156356 0.000000 0.000000 0.000000 -0.952302 0.305157 -144.46 forward
99.122747 -75.266262 0.000000 0.000000 0.000000 -0.952092 0.305813 -144.39 forward
98.968532 -75.375977 0.000000 0.000000 0.000000 -0.952094 0.305806 -144.39 forward
98.814167 -75.485805 0.000000 0.000000 0.000000 -0.952223 0.305405 -144.43 forward
98.659856 -75.595601 0.000000 0.000000 0.000000 -0.952219 0.305416 -144.43 forward
98.505523 -75.705550 0.000000 0.000000 0.000000 -0.952297 0.305172 -144.46 forward
98.340711 -75.815046 0.000000 0.000000 0.000000 -0.952350 0.305008 -144.48 forward
98.186133 -75.924842 0.000000 0.000000 0.000000 -0.952567 0.304330 -144.56 forward
98.031575 -76.034815 0.000000 0.000000 0.000000 -0.952547 0.304393 -144.56 forward
97.877112 -76.144560 0.000000 0.000000 0.000000 -0.952726 0.303831 -144.62 forward
97.722452 -76.254450 0.000000 0.000000 0.000000 -0.952722 0.303844 -144.62 forward
97.568025 -76.364358 0.000000 0.000000 0.000000 -0.952842 0.303468 -144.67 forward
97.433624 -76.473436 0.000000 0.000000 0.000000 -0.952740 0.303787 -144.63 forward
97.279490 -76.583368 0.000000 0.000000 0.000000 -0.952565 0.304335 -144.56 forward
97.125330 -76.693239 0.000000 0.000000 0.000000 -0.952573 0.304311 -144.57 forward
96.971313 -76.803082 0.000000 0.000000 0.000000 -0.952270 0.305258 -144.45 forward
96.817184 -76.913009 0.000000 0.000000 0.000000 -0.952267 0.305266 -144.45 forward
96.663135 -77.022835 0.000000 0.000000 0.000000 -0.952044 0.305961 -144.37 forward
96.511593 -77.131682 0.000000 0.000000 0.000000 -0.952036 0.305985 -144.37 forward
96.357628 -77.241519 0.000000 0.000000 0.000000 -0.951842 0.306589 -144.29 forward
96.203654 -77.351332 0.000000 0.000000 0.000000 -0.951843 0.306585 -144.29 forward
96.049520 -77.461292 0.000000 0.000000 0.000000 -0.951995 0.306113 -144.35 forward
95.895563 -77.571129 0.000000 0.000000 0.000000 -0.951993 0.306120 -144.35 forward
95.741586 -77.680964 0.000000 0.000000 0.000000 -0.952099 0.305791 -144.39 forward
95.577321 -77.789815 0.000000 0.000000 0.000000 -0.952157 0.305608 -144.41 forward
95.422931 -77.899730 0.000000 0.000000 0.000000 -0.952398 0.304858 -144.50 forward
95.268817 -78.009575 0.000000 0.000000 0.000000 -0.952384 0.304901 -144.50 forward
95.114603 -78.119384 0.000000 0.000000 0.000000 -0.952577 0.304299 -144.57 forward
94.960266 -78.229283 0.000000 0.000000 0.000000 -0.952575 0.304305 -144.57 forward
94.806277 -78.339006 0.000000 0.000000 0.000000 -0.952716 0.303863 -144.62 forward
94.632574 -78.448305 0.000000 0.000000 0.000000 -0.952819 0.303540 -144.66 forward
94.477729 -78.558161 0.000000 0.000000 0.000000 -0.953212 0.302302 -144.81 forward
94.323191 -78.668095 0.000000 0.000000 0.000000 -0.953184 0.302390 -144.80 forward
94.168581 -78.777817 0.000000 0.000000 0.000000 -0.953309 0.301995 -144.85 forward
94.013846 -78.887626 0.000000 0.000000 0.000000 -0.953308 0.301999 -144.84 forward
93.859228 -78.997599 0.000000 0.000000 0.000000 -0.953398 0.301716 -144.88 forward
93.718440 -79.106655 0.000000 0.000000 0.000000 -0.953333 0.301922 -144.85 forward
93.563975 -79.216546 0.000000 0.000000 0.000000 -0.953240 0.302213 -144.82 forward
93.409694 -79.326454 0.000000 0.000000 0.000000 -0.953224 0.302264 -144.81 forward
93.255386 -79.436254 0.000000 0.000000 0.000000 -0.952853 0.303432 -144.67 forward
93.100785 -79.546262 0.000000 0.000000 0.000000 -0.952852 0.303435 -144.67 forward
92.946553 -79.656136 0.000000 0.000000 0.000000 -0.952574 0.304308 -144.57 forward
92.790701 -79.765057 0.000000 0.000000 0.000000 -0.952587 0.304268 -144.57 forward
92.636290 -79.874889 0.000000 0.000000 0.000000 -0.952426 0.304770 -144.51 forward
92.482068 -79.984763 0.000000 0.000000 0.000000 -0.952406 0.304833 -144.50 forward
92.327703 -80.094589 0.000000 0.000000 0.000000 -0.952490 0.304570 -144.54 forward
92.173245 -80.204483 0.000000 0.000000 0.000000 -0.952487 0.304578 -144.53 forward
92.018842 -80.314437 0.000000 0.000000 0.000000 -0.952544 0.304400 -144.56 forward
91.851820 -80.423491 0.000000 0.000000 0.000000 -0.952613 0.304184 -144.58 forward
91.697051 -80.533338 0.000000 0.000000 0.000000 -0.952854 0.303429 -144.67 forward
91.542425 -80.643330 0.000000 0.000000 0.000000 -0.952833 0.303497 -144.66 forward
91.387862 -80.753054 0.000000 0.000000 0.000000 -0.952974 0.303052 -144.72 forward
91.233014 -80.862979 0.000000 0.000000 0.000000 -0.952973 0.303056 -144.72 forward
91.078422 -80.972838 0.000000 0.000000 0.000000 -0.953085 0.302702 -144.76 forward
90.942515 -81.081637 0.000000 0.000000 0.000000 -0.952999 0.302973 -144.73 forward
90.788139 -81.191557 0.000000 0.000000 0.000000 -0.952840 0.303472 -144.67 forward
90.633931 -81.301469 0.000000 0.000000 0.000000 -0.952827 0.303513 -144.66 forward
90.479640 -81.411340 0.000000 0.000000 0.000000 -0.952499 0.304541 -144.54 forward
90.325225 -81.521297 0.000000 0.000000 0.000000 -0.952500 0.304538 -144.54 forward
90.170979 -81.631093 0.000000 0.000000 0.000000 -0.952266 0.305270 -144.45 forward
90.018791 -81.739606 0.000000 0.000000 0.000000 -0.952268 0.305265 -144.45 forward
89.864486 -81.849462 0.000000 0.000000 0.000000 -0.952080 0.305850 -144.38 forward
89.710194 -81.959337 0.000000 0.000000 0.000000 -0.952081 0.305847 -144.38 forward
89.556004 -82.069102 0.000000 0.000000 0.000000 -0.952211 0.305442 -144.43 forward
89.401613 -82.179003 0.000000 0.000000 0.000000 -0.952214 0.305432 -144.43 forward
89.247468 -82.288885 0.000000 0.000000 0.000000 -0.952289 0.305197 -144.46 forward
89.082870 -82.397675 0.000000 0.000000 0.000000 -0.952350 0.305006 -144.48 forward
88.928352 -82.507448 0.000000 0.000000 0.000000 -0.952587 0.304267 -144.57 forward
88.774089 -82.617237 0.000000 0.000000 0.000000 -0.952563 0.304340 -144.56 forward
88.619468 -82.727110 0.000000 0.000000 0.000000 -0.952742 0.303779 -144.63 forward
88.464881 -82.836959 0.000000 0.000000 0.000000 -0.952741 0.303784 -144.63 forward
88.310496 -82.946635 0.000000 0.000000 0.000000 -0.952884 0.303336 -144.68 forward
88.176258 -83.055194 0.000000 0.000000 0.000000 -0.952790 0.303631 -144.65 forward
88.022025 -83.165144 0.000000 0.000000 0.000000 -0.952627 0.304142 -144.59 forward
87.868007 -83.274853 0.000000 0.000000 0.000000 -0.952627 0.304140 -144.59 forward
87.713984 -83.384654 0.000000 0.000000 0.000000 -0.952324 0.305088 -144.47 forward
87.559904 -83.494497 0.000000 0.000000 0.000000 -0.952323 0.305093 -144.47 forward
87.405933 -83.604081 0.000000 0.000000 0.000000 -0.952108 0.305761 -144.39 forward
87.254683 -83.712527 0.000000 0.000000 0.000000 -0.952101 0.305784 -144.39 forward
87.100610 -83.822378 0.000000 0.000000 0.000000 -0.951914 0.306364 -144.32 forward
86.946491 -83.931988 0.000000 0.000000 0.000000 -0.951937 0.306292 -144.33 forward
86.792505 -84.041751 0.000000 0.000000 0.000000 -0.952084 0.305838 -144.38 forward
86.638484 -84.151542 0.000000 0.000000 0.000000 -0.952081 0.305845 -144.38 forward
86.484192 -84.260752 0.000000 0.000000 0.000000 -0.952259 0.305292 -144.45 forward
86.319966 -84.369710 0.000000 0.000000 0.000000 -0.952321 0.305096 -144.47 forward
86.165659 -84.479350 0.000000 0.000000 0.000000 -0.952558 0.304358 -144.56 forward
86.010049 -84.587007 0.000000 0.000000 0.000000 -0.952984 0.303021 -144.72 forward
85.855375 -84.696242 0.000000 0.000000 0.000000 -0.953160 0.302467 -144.79 forward
85.700881 -84.805260 0.000000 0.000000 0.000000 -0.953217 0.302285 -144.81 forward
85.545281 -84.912607 0.000000 0.000000 0.000000 -0.953630 0.300983 -144.97 forward
85.411376 -85.022175 0.000000 0.000000 0.000000 -0.953612 0.301038 -144.96 forward
85.256776 -85.130920 0.000000 0.000000 0.000000 -0.953450 0.301550 -144.90 forward
85.100766 -85.237349 0.000000 0.000000 0.000000 -0.953963 0.299924 -145.09 forward
84.945797 -85.345431 0.000000 0.000000 0.000000 -0.953692 0.300785 -144.99 forward
84.790659 -85.453414 0.000000 0.000000 0.000000 -0.953833 0.300337 -145.04 forward
84.634427 -85.559618 0.000000 0.000000 0.000000 -0.953863 0.300243 -145.06 forward
84.592164 -85.615170 0.000000 0.000000 0.000000 -0.953828 0.300353 -145.04 forward
84.438853 -85.721641 0.000000 0.000000 0.000000 -0.953991 0.299835 -145.10 forward
84.285419 -85.827344 0.000000 0.000000 0.000000 -0.953235 0.302231 -144.82 forward
84.132301 -85.933264 0.000000 0.000000 0.000000 -0.953377 0.301783 -144.87 forward
83.978805 -86.039238 0.000000 0.000000 0.000000 -0.953260 0.302152 -144.83 forward
83.825369 -86.144647 0.000000 0.000000 0.000000 -0.953358 0.301843 -144.86 forward
83.850833 -86.161045 0.000000 0.000000 0.000000 -0.953226 0.302259 -144.81 forward
83.701134 -86.264929 0.000000 0.000000 0.000000 -0.952124 0.305713 -144.40 forward
83.551207 -86.368335 0.000000 0.000000 0.000000 -0.952222 0.305407 -144.43 forward
83.401538 -86.471929 0.000000 0.000000 0.000000 -0.952156 0.305612 -144.41 forward
83.251734 -86.575474 0.000000 0.000000 0.000000 -0.952260 0.305289 -144.45 forward
83.101677 -86.678547 0.000000 0.000000 0.000000 -0.952195 0.305492 -144.42 forward
83.165158 -86.614090 0.000000 0.000000 0.000000 -0.952424 0.304778 -144.51 forward
83.019743 -86.713755 0.000000 0.000000 0.000000 -0.952514 0.304494 -144.54 forward
82.874246 -86.813354 0.000000 0.000000 0.000000 -0.952555 0.304367 -144.56 forward
82.728950 -86.912785 0.000000 0.000000 0.000000 -0.953886 0.300169 -145.06 forward
82.583472 -87.012243 0.000000 0.000000 0.000000 -0.953961 0.299931 -145.09 forward
82.438274 -87.111522 0.000000 0.000000 0.000000 -0.954895 0.296944 -145.45 forward
82.605315 -86.990087 0.000000 0.000000 0.000000 -0.954990 0.296637 -145.49 forward
82.466405 -87.084789 0.000000 0.000000 0.000000 -0.955053 0.296435 -145.51 forward
82.327894 -87.179218 0.000000 0.000000 0.000000 -0.955083 0.296340 -145.52 forward
82.189346 -87.273568 0.000000 0.000000 0.000000 -0.955138 0.296162 -145.55 forward
82.050869 -87.367803 0.000000 0.000000 0.000000 -0.955511 0.294955 -145.69 forward
81.912706 -87.461958 0.000000 0.000000 0.000000 -0.955521 0.294922 -145.69 forward
82.111545 -87.303796 0.000000 0.000000 0.000000 -0.955703 0.294331 -145.77 forward
81.980321 -87.392484 0.000000 0.000000 0.000000 -0.955750 0.294179 -145.78 forward
81.849511 -87.481221 0.000000 0.000000 0.000000 -0.955732 0.294238 -145.78 forward
81.718654 -87.569633 0.000000 0.000000 0.000000 -0.956567 0.291511 -146.10 forward
81.587858 -87.657959 0.000000 0.000000 0.000000 -0.956606 0.291384 -146.12 forward
81.457775 -87.746179 0.000000 0.000000 0.000000 -0.957196 0.289442 -146.35 forward
81.711081 -87.566440 0.000000 0.000000 0.000000 -0.958870 0.283846 -147.02 forward
81.588723 -87.648909 0.000000 0.000000 0.000000 -0.958901 0.283740 -147.03 forward
81.467032 -87.731235 0.000000 0.000000 0.000000 -0.958880 0.283811 -147.02 forward
81.345327 -87.813259 0.000000 0.000000 0.000000 -0.958418 0.285367 -146.84 forward
81.223745 -87.895170 0.000000 0.000000 0.000000 -0.958444 0.285279 -146.85 forward
81.102841 -87.976839 0.000000 0.000000 0.000000 -0.958445 0.285278 -146.85 forward
81.386459 -87.787910 0.000000 0.000000 0.000000 -0.958444 0.285280 -146.85 forward
81.274040 -87.863755 0.000000 0.000000 0.000000 -0.958469 0.285195 -146.86 forward
81.162124 -87.939410 0.000000 0.000000 0.000000 -0.958467 0.285202 -146.86 forward
81.050460 -88.014728 0.000000 0.000000 0.000000 -0.957720 0.287703 -146.56 forward
80.939058 -88.089848 0.000000 0.000000 0.000000 -0.957743 0.287626 -146.57 forward
80.828045 -88.164856 0.000000 0.000000 0.000000 -0.957738 0.287642 -146.57 forward
81.161049 -87.975139 0.000000 0.000000 0.000000 -0.957555 0.288250 -146.49 forward
81.059744 -88.044386 0.000000 0.000000 0.000000 -0.957575 0.288184 -146.50 forward
80.958865 -88.113207 0.000000 0.000000 0.000000 -0.957602 0.288094 -146.51 forward
80.858436 -88.181842 0.000000 0.000000 0.000000 -0.957620 0.288035 -146.52 forward
80.758395 -88.250209 0.000000 0.000000 0.000000 -0.955054 0.296430 -145.51 forward
80.658884 -88.318084 0.000000 0.000000 0.000000 -0.955079 0.296352 -145.52 forward
80.967983 -88.085354 0.000000 0.000000 0.000000 -0.955208 0.295936 -145.57 forward
80.877488 -88.146712 0.000000 0.000000 0.000000 -0.955224 0.295884 -145.58 forward
80.787585 -88.207697 0.000000 0.000000 0.000000 -0.955229 0.295867 -145.58 forward
80.698004 -88.268437 0.000000 0.000000 0.000000 -0.955243 0.295821 -145.59 forward
80.608947 -88.328820 0.000000 0.000000 0.000000 -0.955258 0.295775 -145.59 forward
80.520482 -88.388833 0.000000 0.000000 0.000000 -0.955262 0.295760 -145.59 forward
80.845968 -88.183892 0.000000 0.000000 0.000000 -0.955190 0.295994 -145.57 forward
80.766843 -88.237980 0.000000 0.000000 0.000000 -0.955202 0.295954 -145.57 forward
80.688220 -88.291649 0.000000 0.000000 0.000000 -0.955224 0.295884 -145.58 forward
80.610242 -88.344961 0.000000 0.000000 0.000000 -0.955236 0.295846 -145.58 forward
80.532717 -88.397970 0.000000 0.000000 0.000000 -0.955247 0.295808 -145.59 forward
80.455862 -88.450486 0.000000 0.000000 0.000000 -0.955258 0.295773 -145.59 forward
80.770796 -88.224093 0.000000 0.000000 0.000000 -0.955311 0.295602 -145.61 forward
80.702893 -88.270322 0.000000 0.000000 0.000000 -0.955321 0.295570 -145.62 forward
80.635827 -88.316117 0.000000 0.000000 0.000000 -0.955296 0.295650 -145.61 forward
80.569291 -88.361451 0.000000 0.000000 0.000000 -0.955303 0.295630 -145.61 forward
80.503304 -88.406421 0.000000 0.000000 0.000000 -0.955309 0.295610 -145.61 forward
80.438080 -88.451064 0.000000 0.000000 0.000000 -0.955273 0.295725 -145.60 forward
80.701015 -88.271443 0.000000 0.000000 0.000000 -0.955271 0.295731 -145.60 forward
80.643615 -88.310628 0.000000 0.000000 0.000000 -0.955274 0.295722 -145.60 forward
80.587036 -88.349534 0.000000 0.000000 0.000000 -0.955190 0.295994 -145.57 forward
80.531067 -88.387817 0.000000 0.000000 0.000000 -0.955182 0.296018 -145.56 forward
80.475714 -88.425697 0.000000 0.000000 0.000000 -0.955175 0.296042 -145.56 forward
80.421269 -88.463296 0.000000 0.000000 0.000000 -0.955086 0.296329 -145.53 forward
80.630800 -88.328104 0.000000 0.000000 0.000000 -0.955043 0.296467 -145.51 forward
80.582909 -88.361166 0.000000 0.000000 0.000000 -0.955029 0.296512 -145.50 forward
80.535777 -88.393704 0.000000 0.000000 0.000000 -0.955055 0.296428 -145.51 forward
80.489355 -88.425778 0.000000 0.000000 0.000000 -0.955052 0.296437 -145.51 forward
80.443627 -88.457393 0.000000 0.000000 0.000000 -0.955049 0.296447 -145.51 forward
80.398918 -88.488710 0.000000 0.000000 0.000000 -0.954902 0.296921 -145.45 forward
80.517272 -88.397763 0.000000 0.000000 0.000000 -0.954905 0.296911 -145.46 forward
80.477086 -88.425467 0.000000 0.000000 0.000000 -0.954884 0.296979 -145.45 forward
80.437464 -88.452339 0.000000 0.000000 0.000000 -0.955124 0.296207 -145.54 forward
80.398777 -88.478944 0.000000 0.000000 0.000000 -0.955144 0.296140 -145.55 forward
80.360804 -88.505067 0.000000 0.000000 0.000000 -0.955165 0.296073 -145.56 forward
80.322880 -88.529631 0.000000 0.000000 0.000000 -0.955920 0.293627 -145.85 forward
80.293451 -88.534587 0.000000 0.000000 0.000000 -0.956078 0.293114 -145.91 forward
80.257723 -88.558528 0.000000 0.000000 0.000000 -0.956202 0.292709 -145.96 forward
80.222028 -88.580860 0.000000 0.000000 0.000000 -0.957140 0.289626 -146.33 forward
80.187657 -88.603532 0.000000 0.000000 0.000000 -0.958570 0.284856 -146.90 forward
80.153990 -88.625674 0.000000 0.000000 0.000000 -0.958790 0.284116 -146.99 forward
80.121268 -88.647554 0.000000 0.000000 0.000000 -0.958700 0.284419 -146.95 forward
79.941723 -88.783159 0.000000 0.000000 0.000000 -0.958346 0.285610 -146.81 forward
79.907304 -88.806076 0.000000 0.000000 0.000000 -0.958506 0.285073 -146.87 forward
79.873578 -88.828450 0.000000 0.000000 0.000000 -0.958634 0.284642 -146.93 forward
79.840639 -88.850336 0.000000 0.000000 0.000000 -0.958775 0.284165 -146.98 forward
79.808396 -88.871733 0.000000 0.000000 0.000000 -0.958917 0.283687 -147.04 forward
79.777104 -88.892994 0.000000 0.000000 0.000000 -0.958688 0.284458 -146.95 forward
79.404356 -89.135340 0.000000 0.000000 0.000000 -0.957912 0.287064 -146.64 forward
79.367304 -89.159761 0.000000 0.000000 0.000000 -0.957984 0.286823 -146.66 forward
79.330612 -89.183202 0.000000 0.000000 0.000000 -0.958469 0.285195 -146.86 forward
79.294852 -89.206597 0.000000 0.000000 0.000000 -0.958593 0.284781 -146.91 forward
79.259728 -89.229548 0.000000 0.000000 0.000000 -0.958716 0.284366 -146.96 forward
79.225419 -89.252223 0.000000 0.000000 0.000000 -0.958642 0.284614 -146.93 forward
78.738365 -89.523895 0.000000 0.000000 0.000000 -0.959982 0.280063 -147.47 forward
78.695921 -89.550392 0.000000 0.000000 0.000000 -0.960066 0.279774 -147.51 forward
78.653701 -89.575817 0.000000 0.000000 0.000000 -0.960672 0.277685 -147.76 forward
78.612366 -89.601299 0.000000 0.000000 0.000000 -0.960839 0.277106 -147.82 forward
78.571573 -89.626370 0.000000 0.000000 0.000000 -0.961006 0.276527 -147.89 forward
78.529805 -89.648438 0.000000 0.000000 0.000000 -0.962940 0.269717 -148.71 forward
78.006227 -89.986848 0.000000 0.000000 0.000000 -0.963298 0.268436 -148.86 forward
77.956734 -90.016038 0.000000 0.000000 0.000000 -0.963720 0.266914 -149.04 forward
77.905595 -90.041284 0.000000 0.000000 0.000000 -0.966285 0.257476 -150.16 forward
77.856537 -90.068687 0.000000 0.000000 0.000000 -0.966970 0.254890 -150.47 forward
77.807889 -90.095510 0.000000 0.000000 0.000000 -0.967648 0.252303 -150.77 forward
77.760099 -90.122646 0.000000 0.000000 0.000000 -0.967540 0.252718 -150.72 forward
77.135278 -90.466052 0.000000 0.000000 0.000000 -0.967219 0.253944 -150.58 forward
77.075868 -90.497287 0.000000 0.000000 0.000000 -0.967722 0.252020 -150.81 forward
77.016762 -90.527943 0.000000 0.000000 0.000000 -0.968112 0.250519 -150.98 forward
76.958038 -90.558264 0.000000 0.000000 0.000000 -0.968565 0.248761 -151.19 forward
76.899621 -90.588137 0.000000 0.000000 0.000000 -0.969015 0.247001 -151.40 forward
76.839885 -90.614285 0.000000 0.000000 0.000000 -0.970488 0.241148 -152.09 forward
76.224892 -90.953559 0.000000 0.000000 0.000000 -0.970545 0.240918 -152.12 forward
76.155355 -90.986687 0.000000 0.000000 0.000000 -0.971153 0.238456 -152.41 forward
76.086207 -91.019756 0.000000 0.000000 0.000000 -0.971338 0.237703 -152.50 forward
76.017140 -91.052080 0.000000 0.000000 0.000000 -0.971843 0.235630 -152.74 forward
75.948288 -91.083921 0.000000 0.000000 0.000000 -0.972053 0.234760 -152.85 forward
75.880437 -91.116973 0.000000 0.000000 0.000000 -0.971768 0.235938 -152.71 forward
75.248250 -91.453748 0.000000 0.000000 0.000000 -0.971757 0.235984 -152.70 forward
75.168356 -91.490052 0.000000 0.000000 0.000000 -0.972124 0.234467 -152.88 forward
75.089426 -91.527621 0.000000 0.000000 0.000000 -0.971775 0.235911 -152.71 forward
75.010041 -91.563642 0.000000 0.000000 0.000000 -0.972029 0.234860 -152.83 forward
74.930846 -91.599345 0.000000 0.000000 0.000000 -0.972565 0.232630 -153.10 forward
74.853388 -91.638005 0.000000 0.000000 0.000000 -0.971651 0.236421 -152.65 forward
74.220852 -91.969605 0.000000 0.000000 0.000000 -0.971800 0.235808 -152.72 forward
74.130995 -92.010722 0.000000 0.000000 0.000000 -0.971877 0.235489 -152.76 forward
74.045207 -92.060237 0.000000 0.000000 0.000000 -0.968935 0.247316 -151.36 forward
73.956692 -92.103289 0.000000 0.000000 0.000000 -0.968568 0.248750 -151.19 forward
73.868410 -92.146527 0.000000 0.000000 0.000000 -0.969612 0.244647 -151.68 forward
73.787170 -92.203990 0.000000 0.000000 0.000000 -0.964938 0.262476 -149.57 forward
73.166367 -92.525139 0.000000 0.000000 0.000000 -0.966164 0.257929 -150.11 forward
73.069962 -92.578103 0.000000 0.000000 0.000000 -0.965191 0.261548 -149.68 forward
72.976792 -92.636938 0.000000 0.000000 0.000000 -0.962975 0.269590 -148.72 forward
72.881741 -92.692078 0.000000 0.000000 0.000000 -0.964270 0.264923 -149.28 forward
72.787244 -92.747898 0.000000 0.000000 0.000000 -0.963190 0.268822 -148.81 forward
72.692898 -92.803652 0.000000 0.000000 0.000000 -0.962974 0.269593 -148.72 forward
72.096387 -93.152310 0.000000 0.000000 0.000000 -0.963583 0.267411 -148.98 forward
71.993086 -93.216082 0.000000 0.000000 0.000000 -0.962706 0.270551 -148.61 forward
71.888525 -93.277629 0.000000 0.000000 0.000000 -0.963152 0.268957 -148.80 forward
71.785354 -93.341679 0.000000 0.000000 0.000000 -0.963134 0.269021 -148.79 forward
71.682409 -93.406246 0.000000 0.000000 0.000000 -0.962492 0.271311 -148.52 forward
71.578081 -93.468222 0.000000 0.000000 0.000000 -0.962924 0.269772 -148.70 forward
71.009176 -93.824717 0.000000 0.000000 0.000000 -0.962613 0.270880 -148.57 forward
70.897437 -93.896292 0.000000 0.000000 0.000000 -0.962143 0.272545 -148.37 forward
70.781508 -93.961383 0.000000 0.000000 0.000000 -0.963948 0.266090 -149.14 forward
70.668818 -94.031922 0.000000 0.000000 0.000000 -0.963316 0.268369 -148.87 forward
70.555970 -94.102690 0.000000 0.000000 0.000000 -0.963188 0.268829 -148.81 forward
70.435868 -94.161498 0.000000 0.000000 0.000000 -0.966111 0.258126 -150.08 forward
69.891615 -94.464839 0.000000 0.000000 0.000000 -0.965894 0.258939 -149.99 forward
69.768182 -94.537838 0.000000 0.000000 0.000000 -0.966173 0.257893 -150.11 forward
69.643251 -94.608858 0.000000 0.000000 0.000000 -0.966581 0.256361 -150.29 forward
69.519322 -94.681274 0.000000 0.000000 0.000000 -0.966625 0.256196 -150.31 forward
69.394847 -94.753674 0.000000 0.000000 0.000000 -0.966867 0.255282 -150.42 forward
69.269760 -94.825270 0.000000 0.000000 0.000000 -0.966952 0.254959 -150.46 forward
68.765268 -95.134313 0.000000 0.000000 0.000000 -0.966673 0.256014 -150.33 forward
68.632331 -95.211377 0.000000 0.000000 0.000000 -0.966852 0.255339 -150.41 forward
68.497524 -95.285995 0.000000 0.000000 0.000000 -0.966939 0.255009 -150.45 forward
68.363616 -95.362473 0.000000 0.000000 0.000000 -0.967160 0.254170 -150.55 forward
68.229214 -95.438906 0.000000 0.000000 0.000000 -0.966714 0.255861 -150.35 forward
68.088116 -95.504002 0.000000 0.000000 0.000000 -0.969228 0.246166 -151.50 forward
67.626571 -95.812982 0.000000 0.000000 0.000000 -0.967852 0.251520 -150.87 forward
67.482867 -95.890990 0.000000 0.000000 0.000000 -0.968383 0.249470 -151.11 forward
67.327863 -95.949127 0.000000 0.000000 0.000000 -0.970813 0.239838 -152.25 forward
67.180451 -96.021373 0.000000 0.000000 0.000000 -0.971842 0.235633 -152.74 forward
67.032006 -96.092526 0.000000 0.000000 0.000000 -0.971582 0.236704 -152.62 forward
66.872148 -96.141818 0.000000 0.000000 0.000000 -0.975635 0.219401 -154.65 forward
66.451819 -96.402357 0.000000 0.000000 0.000000 -0.974482 0.224464 -154.06 forward
66.292891 -96.469055 0.000000 0.000000 0.000000 -0.975788 0.218717 -154.73 forward
66.130465 -96.529421 0.000000 0.000000 0.000000 -0.975347 0.220676 -154.50 forward
65.969318 -96.592722 0.000000 0.000000 0.000000 -0.976527 0.215395 -155.12 forward
65.807095 -96.654422 0.000000 0.000000 0.000000 -0.977549 0.210710 -155.67 forward
65.646000 -96.720748 0.000000 0.000000 0.000000 -0.977158 0.212513 -155.46 forward
65.267598 -96.903875 0.000000 0.000000 0.000000 -0.977529 0.210801 -155.66 forward
65.098822 -96.965666 0.000000 0.000000 0.000000 -0.978366 0.206880 -156.12 forward
64.931205 -97.032155 0.000000 0.000000 0.000000 -0.977647 0.210253 -155.73 forward
64.761249 -97.093728 0.000000 0.000000 0.000000 -0.978260 0.207384 -156.06 forward
64.590629 -97.154407 0.000000 0.000000 0.000000 -0.979749 0.200228 -156.90 forward
64.421323 -97.220429 0.000000 0.000000 0.000000 -0.979350 0.202170 -156.67 forward
64.058051 -97.404869 0.000000 0.000000 0.000000 -0.979625 0.200835 -156.83 forward
63.881674 -97.467371 0.000000 0.000000 0.000000 -0.980053 0.198734 -157.07 forward
63.706143 -97.533915 0.000000 0.000000 0.000000 -0.979925 0.199367 -157.00 forward
63.528844 -97.596566 0.000000 0.000000 0.000000 -0.980236 0.197834 -157.18 forward
63.350866 -97.658830 0.000000 0.000000 0.000000 -0.981060 0.193706 -157.66 forward
63.173995 -97.725412 0.000000 0.000000 0.000000 -0.980771 0.195162 -157.49 forward
62.861775 -97.856817 0.000000 0.000000 0.000000 -0.981167 0.193161 -157.73 forward
62.679566 -97.920391 0.000000 0.000000 0.000000 -0.981387 0.192043 -157.86 forward
62.494518 -97.977917 0.000000 0.000000 0.000000 -0.982462 0.186462 -158.51 forward
62.310768 -98.039225 0.000000 0.000000 0.000000 -0.982802 0.184661 -158.72 forward
62.125928 -98.100143 0.000000 0.000000 0.000000 -0.983734 0.179629 -159.30 forward
61.935531 -98.145650 0.000000 0.000000 0.000000 -0.985595 0.169123 -160.53 forward
61.634727 -98.241230 0.000000 0.000000 0.000000 -0.986256 0.165225 -160.98 forward
61.444156 -98.297257 0.000000 0.000000 0.000000 -0.986758 0.162199 -161.33 forward
61.253368 -98.354345 0.000000 0.000000 0.000000 -0.987032 0.160526 -161.53 forward
61.061558 -98.409369 0.000000 0.000000 0.000000 -0.987434 0.158035 -161.81 forward
60.868821 -98.463607 0.000000 0.000000 0.000000 -0.988312 0.152443 -162.46 forward
60.676926 -98.522741 0.000000 0.000000 0.000000 -0.988069 0.154010 -162.28 forward
60.395141 -98.598771 0.000000 0.000000 0.000000 -0.988857 0.148869 -162.88 forward
60.198503 -98.652695 0.000000 0.000000 0.000000 -0.989132 0.147033 -163.09 forward
60.002799 -98.710873 0.000000 0.000000 0.000000 -0.989209 0.146511 -163.15 forward
59.805372 -98.764899 0.000000 0.000000 0.000000 -0.989407 0.145169 -163.31 forward
59.607164 -98.818560 0.000000 0.000000 0.000000 -0.989863 0.142024 -163.67 forward
59.409769 -98.876836 0.000000 0.000000 0.000000 -0.989663 0.143413 -163.51 forward
59.187368 -98.939293 0.000000 0.000000 0.000000 -0.990018 0.140940 -163.80 forward
58.987064 -98.993146 0.000000 0.000000 0.000000 -0.990157 0.139959 -163.91 forward
58.786393 -99.047519 0.000000 0.000000 0.000000 -0.990463 0.137778 -164.16 forward
58.584776 -99.100832 0.000000 0.000000 0.000000 -0.990611 0.136714 -164.28 forward
58.382524 -99.153846 0.000000 0.000000 0.000000 -0.990815 0.135223 -164.46 forward
58.176524 -99.193564 0.000000 0.000000 0.000000 -0.991978 0.126411 -165.48 forward
57.968353 -99.250623 0.000000 0.000000 0.000000 -0.992065 0.125722 -165.56 forward
57.763096 -99.299148 0.000000 0.000000 0.000000 -0.992350 0.123456 -165.82 forward
57.551767 -99.323533 0.000000 0.000000 0.000000 -0.993889 0.110382 -167.33 forward
57.343793 -99.364484 0.000000 0.000000 0.000000 -0.994353 0.106125 -167.82 forward
57.134939 -99.403752 0.000000 0.000000 0.000000 -0.994581 0.103967 -168.06 forward
56.922464 -99.429578 0.000000 0.000000 0.000000 -0.995464 0.095134 -169.08 forward
56.770547 -99.492667 0.000000 0.000000 0.000000 -0.995367 0.096150 -168.97 forward
56.559893 -99.525874 0.000000 0.000000 0.000000 -0.995809 0.091459 -169.50 forward
56.349379 -99.564350 0.000000 0.000000 0.000000 -0.995475 0.095021 -169.09 forward
56.137497 -99.596510 0.000000 0.000000 0.000000 -0.995809 0.091463 -169.50 forward
55.924846 -99.627237 0.000000 0.000000 0.000000 -0.996121 0.087990 -169.90 forward
55.712694 -99.665759 0.000000 0.000000 0.000000 -0.995916 0.090289 -169.64 forward
55.564751 -99.692528 0.000000 0.000000 0.000000 -0.996040 0.088904 -169.80 forward
55.351590 -99.722125 0.000000 0.000000 0.000000 -0.996269 0.086298 -170.10 forward
55.138786 -99.758043 0.000000 0.000000 0.000000 -0.996020 0.089134 -169.77 forward
54.924449 -99.787634 0.000000 0.000000 0.000000 -0.996188 0.087231 -169.99 forward
54.709620 -99.816461 0.000000 0.000000 0.000000 -0.996543 0.083073 -170.47 forward
54.495300 -99.851985 0.000000 0.000000 0.000000 -0.996384 0.084961 -170.25 forward
54.355084 -99.859190 0.000000 0.000000 0.000000 -0.996777 0.080219 -170.80 forward
54.139822 -99.887335 0.000000 0.000000 0.000000 -0.996888 0.078825 -170.96 forward
53.925113 -99.920877 0.000000 0.000000 0.000000 -0.996983 0.077622 -171.10 forward
53.709157 -99.949258 0.000000 0.000000 0.000000 -0.997061 0.076607 -171.21 forward
53.492613 -99.977273 0.000000 0.000000 0.000000 -0.997306 0.073358 -171.59 forward
53.274930 -99.998004 0.000000 0.000000 0.000000 -0.997680 0.068080 -172.19 forward
53.186871 -100.049008 0.000000 0.000000 0.000000 -0.997557 0.069856 -171.99 forward
52.970910 -100.074807 0.000000 0.000000 0.000000 -0.997678 0.068115 -172.19 forward
52.753427 -100.089696 0.000000 0.000000 0.000000 -0.998016 0.062964 -172.78 forward
52.536193 -100.111691 0.000000 0.000000 0.000000 -0.998169 0.060484 -173.06 forward
52.318241 -100.132674 0.000000 0.000000 0.000000 -0.998158 0.060669 -173.04 forward
52.100181 -100.158039 0.000000 0.000000 0.000000 -0.998097 0.061671 -172.93 forward
52.003802 -100.136512 0.000000 0.000000 0.000000 -0.998337 0.057639 -173.39 forward
51.786826 -100.155388 0.000000 0.000000 0.000000 -0.998445 0.055744 -173.61 forward
51.569397 -100.179327 0.000000 0.000000 0.000000 -0.998355 0.057328 -173.43 forward
51.351787 -100.198173 0.000000 0.000000 0.000000 -0.998682 0.051324 -174.12 forward
51.133261 -100.216495 0.000000 0.000000 0.000000 -0.998752 0.049935 -174.28 forward
50.914858 -100.240203 0.000000 0.000000 0.000000 -0.998835 0.048252 -174.47 forward
50.820618 -100.229821 0.000000 0.000000 0.000000 -0.998907 0.046748 -174.64 forward
50.603262 -100.247365 0.000000 0.000000 0.000000 -0.999116 0.042032 -175.18 forward
50.385694 -100.267701 0.000000 0.000000 0.000000 -0.999102 0.042372 -175.14 forward
50.167514 -100.285000 0.000000 0.000000 0.000000 -0.999154 0.041129 -175.29 forward
49.948604 -100.301966 0.000000 0.000000 0.000000 -0.999191 0.040226 -175.39 forward
49.728849 -100.307785 0.000000 0.000000 0.000000 -0.999433 0.033685 -176.14 forward
49.636980 -100.310376 0.000000 0.000000 0.000000 -0.999493 0.031844 -176.35 forward
49.419091 -100.322991 0.000000 0.000000 0.000000 -0.999542 0.030273 -176.53 forward
49.200152 -100.321411 0.000000 0.000000 0.000000 -0.999778 0.021090 -177.58 forward
48.981301 -100.329180 0.000000 0.000000 0.000000 -0.999783 0.020826 -177.61 forward
48.761868 -100.335701 0.000000 0.000000 0.000000 -0.999839 0.017922 -177.95 forward
48.542272 -100.346116 0.000000 0.000000 0.000000 -0.999813 0.019358 -177.78 forward
48.489650 -100.363963 0.000000 0.000000 0.000000 -0.999841 0.017846 -177.95 forward
48.272255 -100.369415 0.000000 0.000000 0.000000 -0.999879 0.015565 -178.22 forward
48.054653 -100.379703 0.000000 0.000000 0.000000 -0.999830 0.018411 -177.89 forward
47.836479 -100.384941 0.000000 0.000000 0.000000 -0.999860 0.016742 -178.08 forward
47.617794 -100.389471 0.000000 0.000000 0.000000 -0.999871 0.016083 -178.16 forward
47.398908 -100.399236 0.000000 0.000000 0.000000 -0.999846 0.017546 -177.99 forward
47.333603 -100.380147 0.000000 0.000000 0.000000 -0.999875 0.015806 -178.19 forward
47.116938 -100.383741 0.000000 0.000000 0.000000 -0.999894 0.014592 -178.33 forward
46.899959 -100.390128 0.000000 0.000000 0.000000 -0.999888 0.014969 -178.28 forward
46.682514 -100.393373 0.000000 0.000000 0.000000 -0.999926 0.012186 -178.60 forward
46.464734 -100.396176 0.000000 0.000000 0.000000 -0.999938 0.011137 -178.72 forward
46.246609 -100.387373 0.000000 0.000000 0.000000 -0.999994 0.003378 -179.61 forward
46.176503 -100.405801 0.000000 0.000000 0.000000 -0.999998 0.002127 -179.76 forward
45.960407 -100.404869 0.000000 0.000000 0.000000 -1.000000 0.000104 -179.99 forward
45.744230 -100.396505 0.000000 0.000000 0.000000 -0.999987 -0.005048 179.42 forward
45.527651 -100.392498 0.000000 0.000000 0.000000 -0.999991 -0.004178 179.52 forward
45.310606 -100.387459 0.000000 0.000000 0.000000 -0.999978 -0.006566 179.25 forward
45.093263 -100.387358 0.000000 0.000000 0.000000 -0.999992 -0.003947 179.55 forward
45.049811 -100.377682 0.000000 0.000000 0.000000 -0.999983 -0.005818 179.33 forward
44.835597 -100.371646 0.000000 0.000000 0.000000 -0.999971 -0.007604 179.13 forward
44.620780 -100.370131 0.000000 0.000000 0.000000 -0.999981 -0.006157 179.29 forward
44.405456 -100.363985 0.000000 0.000000 0.000000 -0.999962 -0.008767 179.00 forward
44.190027 -100.357285 0.000000 0.000000 0.000000 -0.999949 -0.010075 178.85 forward
43.974255 -100.355363 0.000000 0.000000 0.000000 -0.999954 -0.009607 178.90 forward
43.876179 -100.340530 0.000000 0.000000 0.000000 -0.999941 -0.010849 178.76 forward
43.662243 -100.333360 0.000000 0.000000 0.000000 -0.999913 -0.013184 178.49 forward
43.447968 -100.330010 0.000000 0.000000 0.000000 -0.999928 -0.011968 178.63 forward
43.233361 -100.322950 0.000000 0.000000 0.000000 -0.999910 -0.013384 178.47 forward
43.018458 -100.315593 0.000000 0.000000 0.000000 -0.999901 -0.014081 178.39 forward
42.803325 -100.312163 0.000000 0.000000 0.000000 -0.999904 -0.013881 178.41 forward
42.773311 -100.281816 0.000000 0.000000 0.000000 -0.999884 -0.015218 178.26 forward
42.561348 -100.273866 0.000000 0.000000 0.000000 -0.999876 -0.015728 178.20 forward
42.349267 -100.267721 0.000000 0.000000 0.000000 -0.999819 -0.019047 177.82 forward
42.136874 -100.259536 0.000000 0.000000 0.000000 -0.999808 -0.019582 177.76 forward
41.924088 -100.251119 0.000000 0.000000 0.000000 -0.999776 -0.021173 177.57 forward
41.711730 -100.230380 0.000000 0.000000 0.000000 -0.999590 -0.028617 176.72 forward
41.658078 -100.202726 0.000000 0.000000 0.000000 -0.999523 -0.030871 176.46 forward
41.448033 -100.189727 0.000000 0.000000 0.000000 -0.999396 -0.034749 176.02 forward
41.237593 -100.176800 0.000000 0.000000 0.000000 -0.999364 -0.035657 175.91 forward
41.027226 -100.162747 0.000000 0.000000 0.000000 -0.999344 -0.036221 175.85 forward
40.816459 -100.148039 0.000000 0.000000 0.000000 -0.999288 -0.037723 175.68 forward
40.605443 -100.137724 0.000000 0.000000 0.000000 -0.999326 -0.036715 175.79 forward
40.531006 -100.118054 0.000000 0.000000 0.000000 -0.999271 -0.038164 175.63 forward
40.322276 -100.102714 0.000000 0.000000 0.000000 -0.999229 -0.039273 175.50 forward
40.113354 -100.091101 0.000000 0.000000 0.000000 -0.999276 -0.038056 175.64 forward
39.904306 -100.075806 0.000000 0.000000 0.000000 -0.999276 -0.038039 175.64 forward
39.695014 -100.060161 0.000000 0.000000 0.000000 -0.999245 -0.038847 175.55 forward
39.486104 -100.038898 0.000000 0.000000 0.000000 -0.999125 -0.041818 175.21 forward
39.431073 -100.023772 0.000000 0.000000 0.000000 -0.999059 -0.043377 175.03 forward
39.224478 -100.005556 0.000000 0.000000 0.000000 -0.998999 -0.044739 174.87 forward
39.019053 -99.974388 0.000000 0.000000 0.000000 -0.998608 -0.052752 173.95 forward
38.812323 -99.951910 0.000000 0.000000 0.000000 -0.998477 -0.055168 173.68 forward
38.605906 -99.928461 0.000000 0.000000 0.000000 -0.998460 -0.055476 173.64 forward
38.398807 -99.908009 0.000000 0.000000 0.000000 -0.998482 -0.055074 173.69 forward
38.318635 -99.909489 0.000000 0.000000 0.000000 -0.998401 -0.056531 173.52 forward
38.114126 -99.885272 0.000000 0.000000 0.000000 -0.998349 -0.057432 173.42 forward
37.909078 -99.865099 0.000000 0.000000 0.000000 -0.998425 -0.056101 173.57 forward
37.704324 -99.840689 0.000000 0.000000 0.000000 -0.998426 -0.056092 173.57 forward
37.499409 -99.815683 0.000000 0.000000 0.000000 -0.998346 -0.057497 173.41 forward
37.294057 -99.794975 0.000000 0.000000 0.000000 -0.998490 -0.054926 173.70 forward
37.225213 -99.749551 0.000000 0.000000 0.000000 -0.998375 -0.056977 173.47 forward
37.022631 -99.723485 0.000000 0.000000 0.000000 -0.998316 -0.058010 173.35 forward
36.819603 -99.701284 0.000000 0.000000 0.000000 -0.998245 -0.059211 173.21 forward
36.616841 -99.675316 0.000000 0.000000 0.000000 -0.998201 -0.059962 173.12 forward
36.413852 -99.649014 0.000000 0.000000 0.000000 -0.998001 -0.063194 172.75 forward
36.211615 -99.617585 0.000000 0.000000 0.000000 -0.997745 -0.067117 172.30 forward
36.115986 -99.606980 0.000000 0.000000 0.000000 -0.997569 -0.069681 172.01 forward
35.915050 -99.578641 0.000000 0.000000 0.000000 -0.997477 -0.070989 171.86 forward
35.716593 -99.534187 0.000000 0.000000 0.000000 -0.996639 -0.081917 170.60 forward
35.516212 -99.500777 0.000000 0.000000 0.000000 -0.996721 -0.080918 170.72 forward
35.315799 -99.466239 0.000000 0.000000 0.000000 -0.996495 -0.083650 170.40 forward
35.115723 -99.429518 0.000000 0.000000 0.000000 -0.996473 -0.083910 170.37 forward
35.030089 -99.388477 0.000000 0.000000 0.000000 -0.996204 -0.087051 170.01 forward
34.832321 -99.350839 0.000000 0.000000 0.000000 -0.995979 -0.089591 169.72 forward
34.633565 -99.318104 0.000000 0.000000 0.000000 -0.995971 -0.089671 169.71 forward
34.435661 -99.280156 0.000000 0.000000 0.000000 -0.995801 -0.091545 169.49 forward
34.237768 -99.241443 0.000000 0.000000 0.000000 -0.995467 -0.095105 169.09 forward
34.038676 -99.208152 0.000000 0.000000 0.000000 -0.995622 -0.093473 169.27 forward
33.957557 -99.153039 0.000000 0.000000 0.000000 -0.995392 -0.095885 169.00 forward
33.762024 -99.113246 0.000000 0.000000 0.000000 -0.994834 -0.101518 168.35 forward
33.565420 -99.078090 0.000000 0.000000 0.000000 -0.994996 -0.099914 168.53 forward
33.369556 -99.038334 0.000000 0.000000 0.000000 -0.994809 -0.101757 168.32 forward
33.173645 -98.998160 0.000000 0.000000 0.000000 -0.994707 -0.102757 168.20 forward
32.976778 -98.962805 0.000000 0.000000 0.000000 -0.994729 -0.102541 168.23 forward
32.858992 -98.908861 0.000000 0.000000 0.000000 -0.994568 -0.104090 168.05 forward
32.664508 -98.868101 0.000000 0.000000 0.000000 -0.994124 -0.108245 167.57 forward
32.471033 -98.823469 0.000000 0.000000 0.000000 -0.993710 -0.111987 167.14 forward
32.276875 -98.780839 0.000000 0.000000 0.000000 -0.993716 -0.111930 167.15 forward
32.082391 -98.737602 0.000000 0.000000 0.000000 -0.993568 -0.113235 167.00 forward
31.890098 -98.687412 0.000000 0.000000 0.000000 -0.993128 -0.117029 166.56 forward
31.778994 -98.633132 0.000000 0.000000 0.000000 -0.992823 -0.119593 166.26 forward
31.587072 -98.586419 0.000000 0.000000 0.000000 -0.992408 -0.122988 165.87 forward
31.394215 -98.543931 0.000000 0.000000 0.000000 -0.992575 -0.121637 166.03 forward
31.202225 -98.497027 0.000000 0.000000 0.000000 -0.992460 -0.122570 165.92 forward
31.010285 -98.449563 0.000000 0.000000 0.000000 -0.992288 -0.123954 165.76 forward
30.817228 -98.407003 0.000000 0.000000 0.000000 -0.992452 -0.122635 165.91 forward
30.708693 -98.357955 0.000000 0.000000 0.000000 -0.992254 -0.124229 165.73 forward
30.518406 -98.310012 0.000000 0.000000 0.000000 -0.991828 -0.127584 165.34 forward
30.327083 -98.266069 0.000000 0.000000 0.000000 -0.992009 -0.126167 165.50 forward
30.136676 -98.218236 0.000000 0.000000 0.000000 -0.992048 -0.125859 165.54 forward
29.946289 -98.170099 0.000000 0.000000 0.000000 -0.991954 -0.126599 165.45 forward
29.754816 -98.126054 0.000000 0.000000 0.000000 -0.992148 -0.125069 165.63 forward
29.608500 -98.090489 0.000000 0.000000 0.000000 -0.992086 -0.125559 165.57 forward
29.418843 -98.042592 0.000000 0.000000 0.000000 -0.992065 -0.125724 165.55 forward
29.230462 -97.990132 0.000000 0.000000 0.000000 -0.991550 -0.129721 165.09 forward
29.041246 -97.940385 0.000000 0.000000 0.000000 -0.991731 -0.128332 165.25 forward
28.851891 -97.890121 0.000000 0.000000 0.000000 -0.991580 -0.129493 165.12 forward
28.667495 -97.822924 0.000000 0.000000 0.000000 -0.990531 -0.137288 164.22 forward
28.527804 -97.794286 0.000000 0.000000 0.000000 -0.990223 -0.139496 163.96 forward
28.341009 -97.739007 0.000000 0.000000 0.000000 -0.990333 -0.138710 164.05 forward
28.154792 -97.681801 0.000000 0.000000 0.000000 -0.990007 -0.141022 163.79 forward
27.968454 -97.624705 0.000000 0.000000 0.000000 -0.989897 -0.141789 163.70 forward
27.782433 -97.566703 0.000000 0.000000 0.000000 -0.989546 -0.144214 163.42 forward
27.594976 -97.513278 0.000000 0.000000 0.000000 -0.989807 -0.142412 163.63 forward
27.457389 -97.497189 0.000000 0.000000 0.000000 -0.989661 -0.143426 163.51 forward
27.272450 -97.439316 0.000000 0.000000 0.000000 -0.989689 -0.143231 163.53 forward
27.086312 -97.385103 0.000000 0.000000 0.000000 -0.989882 -0.141890 163.69 forward
26.901287 -97.327066 0.000000 0.000000 0.000000 -0.989857 -0.142066 163.67 forward
26.716410 -97.268536 0.000000 0.000000 0.000000 -0.989667 -0.143383 163.51 forward
26.530413 -97.213873 0.000000 0.000000 0.000000 -0.989946 -0.141447 163.74 forward
26.389828 -97.154339 0.000000 0.000000 0.000000 -0.989751 -0.142803 163.58 forward
26.205975 -97.095362 0.000000 0.000000 0.000000 -0.989569 -0.144062 163.43 forward
26.021171 -97.039533 0.000000 0.000000 0.000000 -0.989734 -0.142920 163.57 forward
25.837282 -96.980617 0.000000 0.000000 0.000000 -0.989188 -0.146654 163.13 forward
25.653442 -96.921426 0.000000 0.000000 0.000000 -0.989083 -0.147357 163.05 forward
25.471326 -96.857145 0.000000 0.000000 0.000000 -0.988196 -0.153197 162.38 forward
25.328377 -96.825679 0.000000 0.000000 0.000000 -0.988069 -0.154012 162.28 forward
25.146019 -96.764922 0.000000 0.000000 0.000000 -0.987904 -0.155066 162.16 forward
24.968688 -96.689357 0.000000 0.000000 0.000000 -0.986142 -0.165904 160.90 forward
24.787901 -96.624030 0.000000 0.000000 0.000000 -0.986167 -0.165757 160.92 forward
24.607409 -96.557699 0.000000 0.000000 0.000000 -0.985713 -0.168433 160.61 forward
24.427744 -96.489132 0.000000 0.000000 0.000000 -0.985573 -0.169252 160.51 forward
24.277879 -96.428992 0.000000 0.000000 0.000000 -0.985132 -0.171800 160.21 forward
24.098991 -96.360155 0.000000 0.000000 0.000000 -0.984795 -0.173720 159.99 forward
23.918673 -96.295336 0.000000 0.000000 0.000000 -0.985046 -0.172294 160.16 forward
23.739760 -96.226139 0.000000 0.000000 0.000000 -0.984438 -0.175734 159.76 forward
23.561455 -96.156409 0.000000 0.000000 0.000000 -0.984108 -0.177572 159.54 forward
23.381186 -96.091110 0.000000 0.000000 0.000000 -0.984206 -0.177025 159.61 forward
23.222616 -96.016828 0.000000 0.000000 0.000000 -0.983907 -0.178679 159.41 forward
23.044773 -95.946319 0.000000 0.000000 0.000000 -0.983366 -0.181633 159.07 forward
22.865568 -95.879493 0.000000 0.000000 0.000000 -0.983619 -0.180258 159.23 forward
22.687677 -95.808994 0.000000 0.000000 0.000000 -0.983241 -0.182310 158.99 forward
22.509951 -95.738150 0.000000 0.000000 0.000000 -0.983059 -0.183289 158.88 forward
22.330832 -95.671179 0.000000 0.000000 0.000000 -0.983064 -0.183262 158.88 forward
22.163382 -95.590358 0.000000 0.000000 0.000000 -0.982862 -0.184343 158.75 forward
21.986080 -95.519120 0.000000 0.000000 0.000000 -0.982390 -0.186844 158.46 forward
21.811535 -95.441163 0.000000 0.000000 0.000000 -0.981307 -0.192451 157.81 forward
21.635156 -95.367534 0.000000 0.000000 0.000000 -0.981072 -0.193645 157.67 forward
21.458972 -95.293348 0.000000 0.000000 0.000000 -0.980773 -0.195154 157.49 forward
21.289681 -95.203789 0.000000 0.000000 0.000000 -0.978916 -0.204264 156.43 forward
21.151037 -95.116485 0.000000 0.000000 0.000000 -0.978204 -0.207645 156.03 forward
20.978035 -95.036647 0.000000 0.000000 0.000000 -0.977440 -0.211212 155.61 forward
20.804499 -94.958073 0.000000 0.000000 0.000000 -0.977368 -0.211547 155.57 forward
20.631973 -94.877210 0.000000 0.000000 0.000000 -0.976715 -0.214543 155.22 forward
20.459840 -94.795539 0.000000 0.000000 0.000000 -0.976209 -0.216833 154.95 forward
20.285573 -94.718481 0.000000 0.000000 0.000000 -0.976281 -0.216505 154.99 forward
20.126769 -94.642941 0.000000 0.000000 0.000000 -0.975911 -0.218169 154.80 forward
19.955303 -94.560650 0.000000 0.000000 0.000000 -0.975200 -0.221324 154.43 forward
19.782178 -94.482112 0.000000 0.000000 0.000000 -0.975525 -0.219890 154.59 forward
19.610763 -94.399771 0.000000 0.000000 0.000000 -0.975592 -0.219593 154.63 forward
19.439407 -94.316923 0.000000 0.000000 0.000000 -0.975315 -0.220819 154.49 forward
19.269025 -94.232742 0.000000 0.000000 0.000000 -0.975095 -0.221789 154.37 forward
19.130617 -94.162236 0.000000 0.000000 0.000000 -0.974759 -0.223259 154.20 forward
18.960838 -94.077976 0.000000 0.000000 0.000000 -0.974658 -0.223701 154.15 forward
18.797528 -93.981302 0.000000 0.000000 0.000000 -0.972270 -0.233860 152.95 forward
18.630163 -93.893061 0.000000 0.000000 0.000000 -0.972074 -0.234675 152.86 forward
18.462972 -93.803693 0.000000 0.000000 0.000000 -0.971405 -0.237427 152.53 forward
18.308979 -93.689688 0.000000 0.000000 0.000000 -0.967837 -0.251579 150.86 forward
18.141260 -93.585679 0.000000 0.000000 0.000000 -0.966551 -0.256475 150.28 forward
17.978929 -93.487514 0.000000 0.000000 0.000000 -0.965748 -0.259481 149.92 forward
17.823388 -93.378128 0.000000 0.000000 0.000000 -0.962980 -0.269573 148.72 forward
17.664325 -93.275183 0.000000 0.000000 0.000000 -0.962016 -0.272993 148.32 forward
17.506406 -93.170502 0.000000 0.000000 0.000000 -0.960508 -0.278252 147.69 forward
17.344941 -93.071062 0.000000 0.000000 0.000000 -0.960934 -0.276777 147.86 forward
17.185013 -93.004816 0.000000 0.000000 0.000000 -0.960045 -0.279846 147.50 forward
17.028324 -92.898623 0.000000 0.000000 0.000000 -0.959400 -0.282049 147.23 forward
16.867595 -92.798629 0.000000 0.000000 0.000000 -0.960145 -0.279501 147.54 forward
16.711304 -92.692154 0.000000 0.000000 0.000000 -0.959876 -0.280424 147.43 forward
16.555719 -92.584744 0.000000 0.000000 0.000000 -0.959003 -0.283394 147.07 forward
16.395677 -92.483922 0.000000 0.000000 0.000000 -0.960137 -0.279530 147.54 forward
16.235239 -92.400319 0.000000 0.000000 0.000000 -0.959689 -0.281065 147.35 forward
16.079952 -92.292730 0.000000 0.000000 0.000000 -0.960009 -0.279968 147.48 forward
15.921271 -92.190094 0.000000 0.000000 0.000000 -0.960614 -0.277886 147.73 forward
15.766042 -92.082555 0.000000 0.000000 0.000000 -0.959740 -0.280889 147.37 forward
15.611131 -91.974484 0.000000 0.000000 0.000000 -0.959276 -0.282471 147.18 forward
15.452830 -91.871611 0.000000 0.000000 0.000000 -0.959353 -0.282209 147.22 forward
15.328019 -91.771509 0.000000 0.000000 0.000000 -0.958930 -0.283643 147.04 forward
15.174054 -91.663433 0.000000 0.000000 0.000000 -0.958138 -0.286306 146.73 forward
15.017298 -91.559402 0.000000 0.000000 0.000000 -0.958646 -0.284601 146.93 forward
14.863189 -91.451478 0.000000 0.000000 0.000000 -0.957272 -0.289188 146.38 forward
14.709327 -91.343331 0.000000 0.000000 0.000000 -0.957020 -0.290023 146.28 forward
14.552693 -91.239296 0.000000 0.000000 0.000000 -0.956522 -0.291659 146.09 forward
14.412857 -91.138314 0.000000 0.000000 0.000000 -0.956318 -0.292328 146.01 forward
14.259310 -91.030352 0.000000 0.000000 0.000000 -0.955468 -0.295096 145.67 forward
14.103828 -90.925606 0.000000 0.000000 0.000000 -0.955864 -0.293809 145.83 forward
13.950030 -90.817761 0.000000 0.000000 0.000000 -0.955371 -0.295410 145.64 forward
13.796505 -90.709899 0.000000 0.000000 0.000000 -0.955234 -0.295852 145.58 forward
13.640914 -90.605213 0.000000 0.000000 0.000000 -0.955237 -0.295842 145.58 forward
13.488291 -90.503903 0.000000 0.000000 0.000000 -0.955177 -0.296035 145.56 forward
13.334739 -90.396347 0.000000 0.000000 0.000000 -0.955011 -0.296571 145.50 forward
13.179749 -90.291141 0.000000 0.000000 0.000000 -0.955305 -0.295621 145.61 forward
13.026120 -90.183799 0.000000 0.000000 0.000000 -0.955138 -0.296160 145.55 forward
12.872564 -90.076402 0.000000 0.000000 0.000000 -0.955066 -0.296392 145.52 forward
12.717446 -89.971305 0.000000 0.000000 0.000000 -0.955204 -0.295949 145.57 forward
12.554706 -89.869464 0.000000 0.000000 0.000000 -0.955234 -0.295850 145.58 forward
12.400940 -89.762442 0.000000 0.000000 0.000000 -0.955388 -0.295354 145.64 forward
12.246241 -89.657053 0.000000 0.000000 0.000000 -0.955586 -0.294713 145.72 forward
12.092378 -89.550169 0.000000 0.000000 0.000000 -0.955513 -0.294951 145.69 forward
11.938506 -89.443227 0.000000 0.000000 0.000000 -0.955475 -0.295071 145.68 forward
11.783839 -89.337956 0.000000 0.000000 0.000000 -0.955588 -0.294704 145.72 forward
11.613412 -89.235117 0.000000 0.000000 0.000000 -0.955668 -0.294448 145.75 forward
11.459215 -89.128521 0.000000 0.000000 0.000000 -0.955956 -0.293509 145.86 forward
11.304427 -89.022971 0.000000 0.000000 0.000000 -0.956081 -0.293101 145.91 forward
11.150263 -88.916541 0.000000 0.000000 0.000000 -0.956014 -0.293322 145.89 forward
10.995957 -88.809986 0.000000 0.000000 0.000000 -0.955993 -0.293388 145.88 forward
10.841241 -88.704609 0.000000 0.000000 0.000000 -0.956061 -0.293168 145.90 forward
10.665599 -88.600640 0.000000 0.000000 0.000000 -0.956165 -0.292829 145.95 forward
10.510902 -88.494412 0.000000 0.000000 0.000000 -0.956496 -0.291746 146.07 forward
10.355917 -88.388791 0.000000 0.000000 0.000000 -0.956561 -0.291533 146.10 forward
10.201193 -88.282626 0.000000 0.000000 0.000000 -0.956477 -0.291808 146.07 forward
10.046519 -88.176485 0.000000 0.000000 0.000000 -0.956465 -0.291848 146.06 forward
9.891614 -88.071024 0.000000 0.000000 0.000000 -0.956481 -0.291796 146.07 forward
9.752280 -87.957304 0.000000 0.000000 0.000000 -0.956345 -0.292240 146.02 forward
9.597962 -87.850971 0.000000 0.000000 0.000000 -0.955981 -0.293427 145.87 forward
9.444179 -87.744199 0.000000 0.000000 0.000000 -0.955759 -0.294150 145.79 forward
9.290121 -87.637659 0.000000 0.000000 0.000000 -0.955115 -0.296234 145.54 forward
9.136101 -87.531067 0.000000 0.000000 0.000000 -0.955060 -0.296413 145.52 forward
8.989798 -87.413712 0.000000 0.000000 0.000000 -0.952520 -0.304477 144.55 forward
8.796192 -87.258975 0.000000 0.000000 0.000000 -0.951971 -0.306188 144.34 forward
8.643691 -87.148300 0.000000 0.000000 0.000000 -0.951205 -0.308560 144.06 forward
8.502460 -87.022129 0.000000 0.000000 0.000000 -0.947081 -0.320994 142.55 forward
8.353325 -86.907050 0.000000 0.000000 0.000000 -0.946866 -0.321629 142.48 forward
8.204852 -86.791051 0.000000 0.000000 0.000000 -0.945893 -0.324478 142.13 forward
8.058190 -86.672641 0.000000 0.000000 0.000000 -0.945454 -0.325754 141.98 forward
7.898701 -86.531216 0.000000 0.000000 0.000000 -0.944453 -0.328645 141.63 forward
7.751826 -86.412205 0.000000 0.000000 0.000000 -0.943330 -0.331856 141.24 forward
7.603055 -86.296136 0.000000 0.000000 0.000000 -0.943731 -0.330713 141.38 forward
7.456593 -86.176871 0.000000 0.000000 0.000000 -0.943000 -0.332792 141.12 forward
7.310565 -86.056987 0.000000 0.000000 0.000000 -0.942332 -0.334680 140.89 forward
7.162173 -85.940411 0.000000 0.000000 0.000000 -0.942810 -0.333330 141.06 forward
7.023975 -85.816263 0.000000 0.000000 0.000000 -0.942244 -0.334928 140.86 forward
6.878700 -85.695746 0.000000 0.000000 0.000000 -0.941532 -0.336924 140.62 forward
6.731334 -85.577884 0.000000 0.000000 0.000000 -0.941944 -0.335769 140.76 forward
6.586135 -85.457357 0.000000 0.000000 0.000000 -0.941650 -0.336595 140.66 forward
6.441129 -85.336467 0.000000 0.000000 0.000000 -0.941289 -0.337601 140.54 forward
6.295088 -85.217323 0.000000 0.000000 0.000000 -0.941270 -0.337656 140.53 forward
6.170076 -85.057718 0.000000 0.000000 0.000000 -0.940535 -0.339697 140.28 forward
6.026184 -84.935250 0.000000 0.000000 0.000000 -0.939043 -0.343801 139.78 forward
5.888621 -84.806080 0.000000 0.000000 0.000000 -0.936542 -0.350556 138.96 forward
5.746863 -84.681230 0.000000 0.000000 0.000000 -0.935523 -0.353266 138.63 forward
5.605636 -84.555864 0.000000 0.000000 0.000000 -0.934835 -0.355082 138.40 forward
5.480564 -84.412521 0.000000 0.000000 0.000000 -0.929583 -0.368612 136.74 forward
5.319211 -84.294475 0.000000 0.000000 0.000000 -0.928405 -0.371569 136.38 forward
5.182969 -84.163367 0.000000 0.000000 0.000000 -0.927996 -0.372590 136.25 forward
5.060956 -84.017200 0.000000 0.000000 0.000000 -0.922311 -0.386449 134.53 forward
4.929813 -83.881059 0.000000 0.000000 0.000000 -0.922873 -0.385104 134.70 forward
4.800093 -83.743499 0.000000 0.000000 0.000000 -0.920817 -0.389996 134.09 forward
4.671850 -83.604328 0.000000 0.000000 0.000000 -0.921266 -0.388934 134.22 forward
4.554116 -83.460321 0.000000 0.000000 0.000000 -0.919333 -0.393480 133.66 forward
4.428181 -83.319434 0.000000 0.000000 0.000000 -0.917987 -0.396611 133.27 forward
4.296967 -83.183328 0.000000 0.000000 0.000000 -0.918985 -0.394293 133.56 forward
4.171573 -83.042077 0.000000 0.000000 0.000000 -0.916938 -0.399030 132.96 forward
4.047118 -82.899934 0.000000 0.000000 0.000000 -0.915566 -0.402168 132.57 forward
3.916650 -82.762995 0.000000 0.000000 0.000000 -0.916070 -0.401018 132.72 forward
3.780248 -82.618729 0.000000 0.000000 0.000000 -0.915150 -0.403113 132.45 forward
3.656367 -82.475740 0.000000 0.000000 0.000000 -0.914019 -0.405671 132.13 forward
3.527878 -82.336951 0.000000 0.000000 0.000000 -0.914924 -0.403627 132.39 forward
3.404139 -82.194032 0.000000 0.000000 0.000000 -0.914251 -0.405149 132.20 forward
3.280722 -82.050425 0.000000 0.000000 0.000000 -0.913505 -0.406827 131.99 forward
3.152805 -81.911440 0.000000 0.000000 0.000000 -0.914055 -0.405590 132.14 forward
2.996942 -81.720753 0.000000 0.000000 0.000000 -0.913415 -0.407030 131.96 forward
2.873428 -81.575898 0.000000 0.000000 0.000000 -0.912593 -0.408868 131.73 forward
2.746101 -81.434601 0.000000 0.000000 0.000000 -0.913355 -0.407163 131.95 forward
2.622555 -81.289985 0.000000 0.000000 0.000000 -0.912131 -0.409900 131.60 forward
2.499258 -81.145078 0.000000 0.000000 0.000000 -0.911726 -0.410798 131.49 forward
2.372276 -81.003829 0.000000 0.000000 0.000000 -0.911566 -0.411154 131.45 forward
2.240668 -80.823578 0.000000 0.000000 0.000000 -0.911056 -0.412282 131.30 forward
2.117398 -80.677758 0.000000 0.000000 0.000000 -0.909737 -0.415185 130.94 forward
1.990885 -80.534770 0.000000 0.000000 0.000000 -0.910375 -0.413785 131.11 forward
1.867458 -80.389169 0.000000 0.000000 0.000000 -0.909342 -0.416050 130.83 forward
1.744113 -80.243342 0.000000 0.000000 0.000000 -0.909121 -0.416533 130.77 forward
1.617649 -80.100676 0.000000 0.000000 0.000000 -0.908938 -0.416930 130.72 forward
1.503449 -79.930726 0.000000 0.000000 0.000000 -0.908498 -0.417888 130.60 forward
1.380404 -79.784428 0.000000 0.000000 0.000000 -0.907105 -0.420904 130.22 forward
1.254686 -79.640567 0.000000 0.000000 0.000000 -0.907654 -0.419719 130.37 forward
1.131313 -79.494332 0.000000 0.000000 0.000000 -0.907004 -0.421123 130.19 forward
1.008091 -79.348102 0.000000 0.000000 0.000000 -0.906890 -0.421367 130.16 forward
0.882392 -79.204278 0.000000 0.000000 0.000000 -0.906803 -0.421554 130.13 forward
0.738710 -79.051981 0.000000 0.000000 0.000000 -0.906859 -0.421433 130.15 forward
0.614963 -78.905857 0.000000 0.000000 0.000000 -0.906825 -0.421507 130.14 forward
0.489265 -78.761183 0.000000 0.000000 0.000000 -0.907185 -0.420733 130.24 forward
0.365316 -78.615128 0.000000 0.000000 0.000000 -0.907829 -0.419341 130.41 forward
0.241271 -78.468862 0.000000 0.000000 0.000000 -0.907768 -0.419474 130.40 forward
0.115508 -78.324364 0.000000 0.000000 0.000000 -0.908516 -0.417850 130.60 forward
-0.007001 -78.176595 0.000000 0.000000 0.000000 -0.908444 -0.418007 130.58 forward
-0.131045 -78.030452 0.000000 0.000000 0.000000 -0.908700 -0.417450 130.65 forward
-0.253931 -77.883311 0.000000 0.000000 0.000000 -0.907993 -0.418985 130.46 forward
-0.377317 -77.736749 0.000000 0.000000 0.000000 -0.907706 -0.419606 130.38 forward
-0.500743 -77.589862 0.000000 0.000000 0.000000 -0.907521 -0.420008 130.33 forward
-0.612915 -77.434161 0.000000 0.000000 0.000000 -0.904149 -0.427218 129.42 forward
-0.721201 -77.291303 0.000000 0.000000 0.000000 -0.903327 -0.428953 129.20 forward
-0.840875 -77.141665 0.000000 0.000000 0.000000 -0.902789 -0.430084 129.05 forward
-0.944055 -76.978949 0.000000 0.000000 0.000000 -0.896483 -0.443078 127.40 forward
-1.058679 -76.825484 0.000000 0.000000 0.000000 -0.895960 -0.444134 127.26 forward
-1.172235 -76.671161 0.000000 0.000000 0.000000 -0.894381 -0.447307 126.86 forward
-1.281117 -76.513144 0.000000 0.000000 0.000000 -0.892949 -0.450157 126.49 forward
-1.387166 -76.381914 0.000000 0.000000 0.000000 -0.891543 -0.452935 126.14 forward
-1.497176 -76.225641 0.000000 0.000000 0.000000 -0.890456 -0.455069 125.86 forward
-1.611053 -76.071997 0.000000 0.000000 0.000000 -0.891182 -0.453646 126.04 forward
-1.720616 -75.915328 0.000000 0.000000 0.000000 -0.890306 -0.455362 125.82 forward
-1.829519 -75.757880 0.000000 0.000000 0.000000 -0.889138 -0.457640 125.53 forward
-1.942591 -75.603925 0.000000 0.000000 0.000000 -0.890225 -0.455522 125.80 forward
-2.054991 -75.486258 0.000000 0.000000 0.000000 -0.889726 -0.456496 125.68 forward
-2.163330 -75.329295 0.000000 0.000000 0.000000 -0.890048 -0.455867 125.76 forward
-2.274931 -75.174803 0.000000 0.000000 0.000000 -0.890718 -0.454557 125.93 forward
-2.383214 -75.017716 0.000000 0.000000 0.000000 -0.890528 -0.454929 125.88 forward
-2.490912 -74.860550 0.000000 0.000000 0.000000 -0.889904 -0.456148 125.72 forward
-2.602279 -74.705637 0.000000 0.000000 0.000000 -0.890617 -0.454754 125.90 forward
-2.681054 -74.542540 0.000000 0.000000 0.000000 -0.889801 -0.456348 125.70 forward
-2.787705 -74.384910 0.000000 0.000000 0.000000 -0.888540 -0.458799 125.38 forward
-2.897300 -74.229351 0.000000 0.000000 0.000000 -0.889123 -0.457668 125.53 forward
-3.004031 -74.071753 0.000000 0.000000 0.000000 -0.886879 -0.462001 124.97 forward
-3.110559 -73.913945 0.000000 0.000000 0.000000 -0.886540 -0.462652 124.88 forward
-3.220199 -73.758104 0.000000 0.000000 0.000000 -0.885483 -0.464671 124.62 forward
-3.320032 -73.621268 0.000000 0.000000 0.000000 -0.885317 -0.464989 124.58 forward
-3.426469 -73.463795 0.000000 0.000000 0.000000 -0.884204 -0.467101 124.31 forward
-3.535084 -73.308079 0.000000 0.000000 0.000000 -0.884671 -0.466217 124.42 forward
-3.641607 -73.150731 0.000000 0.000000 0.000000 -0.884773 -0.466022 124.45 forward
-3.748048 -72.993227 0.000000 0.000000 0.000000 -0.884589 -0.466372 124.40 forward
-3.849746 -72.833085 0.000000 0.000000 0.000000 -0.883126 -0.469136 124.04 forward
-3.967226 -72.666321 0.000000 0.000000 0.000000 -0.882719 -0.469902 123.94 forward
-4.072056 -72.507516 0.000000 0.000000 0.000000 -0.882888 -0.469584 123.99 forward
-4.162015 -72.338839 0.000000 0.000000 0.000000 -0.876902 -0.480670 122.54 forward
-4.262320 -72.177184 0.000000 0.000000 0.000000 -0.876708 -0.481024 122.50 forward
-4.361718 -72.014987 0.000000 0.000000 0.000000 -0.875377 -0.483440 122.18 forward
-4.445522 -71.843156 0.000000 0.000000 0.000000 -0.871000 -0.491283 121.15 forward
-4.539922 -71.700071 0.000000 0.000000 0.000000 -0.869256 -0.494362 120.74 forward
-4.633510 -71.534585 0.000000 0.000000 0.000000 -0.868577 -0.495554 120.59 forward
-4.728491 -71.370140 0.000000 0.000000 0.000000 -0.868481 -0.495722 120.57 forward
-4.820668 -71.204295 0.000000 0.000000 0.000000 -0.867020 -0.498273 120.23 forward
-4.911971 -71.037579 0.000000 0.000000 0.000000 -0.865464 -0.500971 119.87 forward
-5.007956 -70.873743 0.000000 0.000000 0.000000 -0.866231 -0.499644 120.05 forward
-5.095566 -70.705730 0.000000 0.000000 0.000000 -0.865033 -0.501715 119.77 forward
-5.185549 -70.538524 0.000000 0.000000 0.000000 -0.863419 -0.504488 119.41 forward
-5.279682 -70.373623 0.000000 0.000000 0.000000 -0.864287 -0.502999 119.60 forward
-5.369574 -70.206244 0.000000 0.000000 0.000000 -0.862963 -0.505267 119.30 forward
-5.458816 -70.038723 0.000000 0.000000 0.000000 -0.862117 -0.506709 119.11 forward
-5.552476 -69.873482 0.000000 0.000000 0.000000 -0.862304 -0.506390 119.15 forward
-5.641664 -69.690255 0.000000 0.000000 0.000000 -0.861569 -0.507640 118.99 forward
-5.730432 -69.522097 0.000000 0.000000 0.000000 -0.860315 -0.509763 118.70 forward
-5.822550 -69.355752 0.000000 0.000000 0.000000 -0.860988 -0.508626 118.86 forward
-5.911289 -69.187711 0.000000 0.000000 0.000000 -0.859859 -0.510532 118.60 forward
-5.999795 -69.019364 0.000000 0.000000 0.000000 -0.859395 -0.511313 118.50 forward
-6.091914 -68.853085 0.000000 0.000000 0.000000 -0.859349 -0.511389 118.49 forward
-6.184419 -68.708515 0.000000 0.000000 0.000000 -0.859233 -0.511584 118.46 forward
-6.273054 -68.540640 0.000000 0.000000 0.000000 -0.859083 -0.511836 118.43 forward
-6.364214 -68.374165 0.000000 0.000000 0.000000 -0.859610 -0.510952 118.55 forward
-6.452926 -68.206404 0.000000 0.000000 0.000000 -0.859600 -0.510968 118.54 forward
-6.541497 -68.038512 0.000000 0.000000 0.000000 -0.859354 -0.511380 118.49 forward
-6.632488 -67.872136 0.000000 0.000000 0.000000 -0.859853 -0.510541 118.60 forward
-6.728872 -67.708783 0.000000 0.000000 0.000000 -0.859803 -0.510626 118.59 forward
-6.817607 -67.541099 0.000000 0.000000 0.000000 -0.860161 -0.510023 118.67 forward
-6.908240 -67.374266 0.000000 0.000000 0.000000 -0.860533 -0.509395 118.75 forward
-6.997042 -67.206710 0.000000 0.000000 0.000000 -0.859991 -0.510309 118.63 forward
-7.085821 -67.038979 0.000000 0.000000 0.000000 -0.859856 -0.510537 118.60 forward
-7.176454 -66.872387 0.000000 0.000000 0.000000 -0.859841 -0.510561 118.60 forward
-7.276611 -66.694531 0.000000 0.000000 0.000000 -0.859820 -0.510597 118.59 forward
-7.365655 -66.526735 0.000000 0.000000 0.000000 -0.859758 -0.510701 118.58 forward
-7.456161 -66.359688 0.000000 0.000000 0.000000 -0.860070 -0.510176 118.65 forward
-7.545378 -66.191862 0.000000 0.000000 0.000000 -0.859546 -0.511058 118.53 forward
-7.634523 -66.024063 0.000000 0.000000 0.000000 -0.859480 -0.511170 118.52 forward
-7.724992 -65.857074 0.000000 0.000000 0.000000 -0.859357 -0.511377 118.49 forward
-7.826496 -65.716766 0.000000 0.000000 0.000000 -0.859662 -0.510863 118.56 forward
-7.916206 -65.549538 0.000000 0.000000 0.000000 -0.860408 -0.509606 118.72 forward
-8.006455 -65.382869 0.000000 0.000000 0.000000 -0.860527 -0.509405 118.75 forward
-8.096128 -65.215807 0.000000 0.000000 0.000000 -0.860825 -0.508902 118.82 forward
-8.185859 -65.048577 0.000000 0.000000 0.000000 -0.860785 -0.508968 118.81 forward
-8.276191 -64.881937 0.000000 0.000000 0.000000 -0.861162 -0.508331 118.89 forward
-8.335227 -64.713678 0.000000 0.000000 0.000000 -0.860725 -0.509071 118.80 forward
-8.424128 -64.546429 0.000000 0.000000 0.000000 -0.859800 -0.510631 118.59 forward
-8.513780 -64.379655 0.000000 0.000000 0.000000 -0.859953 -0.510373 118.62 forward
-8.602737 -64.212453 0.000000 0.000000 0.000000 -0.858156 -0.513389 118.22 forward
-8.691658 -64.045278 0.000000 0.000000 0.000000 -0.858132 -0.513429 118.22 forward
-8.781384 -63.878563 0.000000 0.000000 0.000000 -0.856941 -0.515415 117.95 forward
-8.853111 -63.745714 0.000000 0.000000 0.000000 -0.856938 -0.515419 117.95 forward
-8.941794 -63.579192 0.000000 0.000000 0.000000 -0.855945 -0.517067 117.73 forward
-9.030862 -63.413309 0.000000 0.000000 0.000000 -0.856058 -0.516879 117.75 forward
-9.119584 -63.246828 0.000000 0.000000 0.000000 -0.856563 -0.516043 117.87 forward
-9.208237 -63.080450 0.000000 0.000000 0.000000 -0.856548 -0.516067 117.86 forward
-9.297407 -62.914484 0.000000 0.000000 0.000000 -0.856993 -0.515328 117.96 forward
-9.379672 -62.759231 0.000000 0.000000 0.000000 -0.856975 -0.515357 117.96 forward
-9.468240 -62.593074 0.000000 0.000000 0.000000 -0.857208 -0.514970 118.01 forward
-9.542579 -62.419675 0.000000 0.000000 0.000000 -0.851816 -0.523842 116.82 forward
-9.627508 -62.251797 0.000000 0.000000 0.000000 -0.852060 -0.523444 116.87 forward
-9.711976 -62.083568 0.000000 0.000000 0.000000 -0.851269 -0.524729 116.70 forward
-9.790375 -61.912114 0.000000 0.000000 0.000000 -0.850006 -0.526773 116.42 forward
-9.885084 -61.741629 0.000000 0.000000 0.000000 -0.849279 -0.527945 116.27 forward
-9.967508 -61.572216 0.000000 0.000000 0.000000 -0.849290 -0.527927 116.27 forward
-10.050491 -61.403377 0.000000 0.000000 0.000000 -0.849410 -0.527733 116.30 forward
-10.132471 -61.233846 0.000000 0.000000 0.000000 -0.848912 -0.528535 116.19 forward
-10.213946 -61.064283 0.000000 0.000000 0.000000 -0.848255 -0.529588 116.04 forward
-10.296550 -60.895154 0.000000 0.000000 0.000000 -0.848775 -0.528754 116.16 forward
-10.361284 -60.707457 0.000000 0.000000 0.000000 -0.847943 -0.530087 115.98 forward
-10.441769 -60.537065 0.000000 0.000000 0.000000 -0.846610 -0.532213 115.69 forward
-10.523520 -60.367443 0.000000 0.000000 0.000000 -0.846910 -0.531736 115.75 forward
-10.603839 -60.197164 0.000000 0.000000 0.000000 -0.845551 -0.533894 115.46 forward
-10.684002 -60.026626 0.000000 0.000000 0.000000 -0.845199 -0.534451 115.39 forward
-10.748679 -59.848963 0.000000 0.000000 0.000000 -0.839692 -0.543063 114.22 forward
-10.840081 -59.658835 0.000000 0.000000 0.000000 -0.838712 -0.544576 114.01 forward
-10.916119 -59.485834 0.000000 0.000000 0.000000 -0.837920 -0.545793 113.84 forward
-10.975373 -59.305857 0.000000 0.000000 0.000000 -0.831263 -0.555879 112.46 forward
-11.046445 -59.130921 0.000000 0.000000 0.000000 -0.831506 -0.555516 112.51 forward
-11.116361 -58.955575 0.000000 0.000000 0.000000 -0.829704 -0.558204 112.14 forward
-11.185399 -58.779772 0.000000 0.000000 0.000000 -0.829988 -0.557781 112.20 forward
-11.262136 -58.584672 0.000000 0.000000 0.000000 -0.828509 -0.559975 111.89 forward
-11.329867 -58.408011 0.000000 0.000000 0.000000 -0.827270 -0.561805 111.64 forward
-11.396899 -58.231007 0.000000 0.000000 0.000000 -0.826463 -0.562992 111.47 forward
-11.463212 -58.053974 0.000000 0.000000 0.000000 -0.825177 -0.564874 111.21 forward
-11.528739 -57.876552 0.000000 0.000000 0.000000 -0.823871 -0.566777 110.95 forward
-11.581544 -57.694354 0.000000 0.000000 0.000000 -0.819765 -0.572700 110.12 forward
-11.656639 -57.500186 0.000000 0.000000 0.000000 -0.818049 -0.575148 109.78 forward
-11.717215 -57.320607 0.000000 0.000000 0.000000 -0.817364 -0.576121 109.64 forward
-11.759425 -57.134764 0.000000 0.000000 0.000000 -0.809315 -0.587375 108.06 forward
-11.813832 -56.953190 0.000000 0.000000 0.000000 -0.808401 -0.588632 107.88 forward
-11.866586 -56.771107 0.000000 0.000000 0.000000 -0.805710 -0.592311 107.36 forward
-11.914638 -56.587399 0.000000 0.000000 0.000000 -0.804093 -0.594504 107.05 forward
-11.958452 -56.392947 0.000000 0.000000 0.000000 -0.801409 -0.598117 106.53 forward
-12.006299 -56.209353 0.000000 0.000000 0.000000 -0.798775 -0.601630 106.03 forward
-12.059568 -56.027014 0.000000 0.000000 0.000000 -0.799805 -0.600259 106.22 forward
-12.106595 -55.843362 0.000000 0.000000 0.000000 -0.796838 -0.604192 105.66 forward
-12.152529 -55.659093 0.000000 0.000000 0.000000 -0.794904 -0.606735 105.29 forward
-12.205275 -55.476830 0.000000 0.000000 0.000000 -0.795463 -0.606002 105.40 forward
-12.238177 -55.286833 0.000000 0.000000 0.000000 -0.793795 -0.608185 105.08 forward
-12.282565 -55.102340 0.000000 0.000000 0.000000 -0.791060 -0.611739 104.57 forward
-12.332697 -54.919308 0.000000 0.000000 0.000000 -0.792358 -0.610057 104.81 forward
-12.377038 -54.734807 0.000000 0.000000 0.000000 -0.790593 -0.612343 104.48 forward
-12.420738 -54.550187 0.000000 0.000000 0.000000 -0.789542 -0.613697 104.29 forward
-12.470469 -54.367122 0.000000 0.000000 0.000000 -0.789773 -0.613400 104.33 forward
-12.502232 -54.182105 0.000000 0.000000 0.000000 -0.788795 -0.614657 104.15 forward
-12.545228 -53.997457 0.000000 0.000000 0.000000 -0.786887 -0.617097 103.79 forward
-12.593023 -53.814051 0.000000 0.000000 0.000000 -0.787984 -0.615695 104.00 forward
-12.636210 -53.629378 0.000000 0.000000 0.000000 -0.786799 -0.617210 103.77 forward
-12.679075 -53.444550 0.000000 0.000000 0.000000 -0.786237 -0.617925 103.67 forward
-12.718634 -53.259317 0.000000 0.000000 0.000000 -0.783798 -0.621016 103.22 forward
-12.753360 -53.079339 0.000000 0.000000 0.000000 -0.782827 -0.622239 103.04 forward
-12.793812 -52.894168 0.000000 0.000000 0.000000 -0.781648 -0.623720 102.82 forward
-12.819970 -52.706131 0.000000 0.000000 0.000000 -0.774693 -0.632337 101.55 forward
-12.855600 -52.520118 0.000000 0.000000 0.000000 -0.774145 -0.633009 101.46 forward
-12.890178 -52.333687 0.000000 0.000000 0.000000 -0.772293 -0.635267 101.12 forward
-12.916578 -52.145914 0.000000 0.000000 0.000000 -0.769201 -0.639007 100.56 forward
-12.962200 -51.971429 0.000000 0.000000 0.000000 -0.767381 -0.641191 100.24 forward
-12.992461 -51.784578 0.000000 0.000000 0.000000 -0.766644 -0.642073 100.11 forward
-13.027015 -51.598435 0.000000 0.000000 0.000000 -0.767158 -0.641458 100.20 forward
-13.056410 -51.411311 0.000000 0.000000 0.000000 -0.766115 -0.642703 100.01 forward
-13.084778 -51.224149 0.000000 0.000000 0.000000 -0.764386 -0.644759 99.70 forward
-13.120759 -51.038233 0.000000 0.000000 0.000000 -0.766339 -0.642436 100.05 forward
-13.137803 -50.863604 0.000000 0.000000 0.000000 -0.764904 -0.644144 99.80 forward
-13.165122 -50.676479 0.000000 0.000000 0.000000 -0.763375 -0.645955 99.53 forward
-13.197246 -50.490289 0.000000 0.000000 0.000000 -0.764188 -0.644993 99.67 forward
-13.224256 -50.303278 0.000000 0.000000 0.000000 -0.762208 -0.647332 99.32 forward
-13.250690 -50.115991 0.000000 0.000000 0.000000 -0.761169 -0.648554 99.13 forward
-13.269510 -49.928069 0.000000 0.000000 0.000000 -0.756756 -0.653697 98.36 forward
-13.317336 -49.759974 0.000000 0.000000 0.000000 -0.755691 -0.654928 98.17 forward
-13.340465 -49.572649 0.000000 0.000000 0.000000 -0.755657 -0.654967 98.17 forward
-13.358900 -49.384843 0.000000 0.000000 0.000000 -0.752682 -0.658384 97.65 forward
-13.379415 -49.197239 0.000000 0.000000 0.000000 -0.752482 -0.658612 97.61 forward
-13.398928 -49.009435 0.000000 0.000000 0.000000 -0.750706 -0.660636 97.30 forward
-13.424772 -48.822505 0.000000 0.000000 0.000000 -0.752395 -0.658713 97.60 forward
-13.412610 -48.649300 0.000000 0.000000 0.000000 -0.750514 -0.660854 97.27 forward
-13.430312 -48.461720 0.000000 0.000000 0.000000 -0.747724 -0.664010 96.79 forward
-13.453783 -48.275008 0.000000 0.000000 0.000000 -0.749119 -0.662435 97.03 forward
-13.471511 -48.087662 0.000000 0.000000 0.000000 -0.745375 -0.666645 96.38 forward
-13.488707 -47.900054 0.000000 0.000000 0.000000 -0.744398 -0.667737 96.21 forward
-13.506025 -47.712854 0.000000 0.000000 0.000000 -0.741506 -0.670947 95.72 forward
-13.501967 -47.541557 0.000000 0.000000 0.000000 -0.740062 -0.672539 95.47 forward
-13.516747 -47.354311 0.000000 0.000000 0.000000 -0.736819 -0.676090 94.92 forward
-13.526029 -47.166883 0.000000 0.000000 0.000000 -0.732816 -0.680427 94.25 forward
-13.537831 -46.979487 0.000000 0.000000 0.000000 -0.731725 -0.681600 94.06 forward
-13.548709 -46.792036 0.000000 0.000000 0.000000 -0.730055 -0.683389 93.78 forward
-13.538849 -46.603642 0.000000 0.000000 0.000000 -0.721415 -0.692503 92.34 forward
-13.554059 -46.388116 0.000000 0.000000 0.000000 -0.718578 -0.695446 91.87 forward
-13.556850 -46.199766 0.000000 0.000000 0.000000 -0.717231 -0.696836 91.65 forward
-13.541694 -46.011001 0.000000 0.000000 0.000000 -0.707316 -0.706897 90.03 forward
-13.537466 -45.822821 0.000000 0.000000 0.000000 -0.706652 -0.707562 89.93 forward
-13.531108 -45.634672 0.000000 0.000000 0.000000 -0.702648 -0.711537 89.28 forward
-13.524130 -45.446362 0.000000 0.000000 0.000000 -0.702291 -0.711890 89.22 forward
-13.521959 -45.239886 0.000000 0.000000 0.000000 -0.698810 -0.715308 88.66 forward
-13.510623 -45.051595 0.000000 0.000000 0.000000 -0.696419 -0.717635 88.28 forward
-13.508263 -44.862717 0.000000 0.000000 0.000000 -0.698619 -0.715494 88.63 forward
-13.496311 -44.674560 0.000000 0.000000 0.000000 -0.695669 -0.718362 88.16 forward
-13.482920 -44.486309 0.000000 0.000000 0.000000 -0.692951 -0.720984 87.73 forward
-13.479836 -44.297509 0.000000 0.000000 0.000000 -0.694982 -0.719027 88.05 forward
-13.478982 -44.098253 0.000000 0.000000 0.000000 -0.693264 -0.720683 87.78 forward
-13.464779 -43.909935 0.000000 0.000000 0.000000 -0.691907 -0.721987 87.56 forward
-13.458534 -43.720825 0.000000 0.000000 0.000000 -0.693984 -0.719990 87.89 forward
-13.444408 -43.532675 0.000000 0.000000 0.000000 -0.692036 -0.721863 87.58 forward
-13.429507 -43.344403 0.000000 0.000000 0.000000 -0.690580 -0.723256 87.35 forward
-13.422838 -43.155480 0.000000 0.000000 0.000000 -0.691486 -0.722389 87.50 forward
-13.378844 -43.004002 0.000000 0.000000 0.000000 -0.689767 -0.724032 87.22 forward
-13.362853 -42.816611 0.000000 0.000000 0.000000 -0.686481 -0.727147 86.70 forward
-13.353512 -42.628637 0.000000 0.000000 0.000000 -0.688222 -0.725501 86.98 forward
-13.337832 -42.441394 0.000000 0.000000 0.000000 -0.684155 -0.729337 86.34 forward
-13.321741 -42.254142 0.000000 0.000000 0.000000 -0.683372 -0.730071 86.22 forward
-13.312369 -42.066261 0.000000 0.000000 0.000000 -0.682031 -0.731324 86.01 forward
-13.292281 -41.907991 0.000000 0.000000 0.000000 -0.681321 -0.731985 85.89 forward
-13.276132 -41.721210 0.000000 0.000000 0.000000 -0.678436 -0.734659 85.44 forward
-13.265094 -41.534230 0.000000 0.000000 0.000000 -0.679773 -0.733422 85.65 forward
-13.249281 -41.347639 0.000000 0.000000 0.000000 -0.679237 -0.733919 85.57 forward
-13.233252 -41.161167 0.000000 0.000000 0.000000 -0.678812 -0.734312 85.50 forward
-13.222381 -40.973958 0.000000 0.000000 0.000000 -0.679589 -0.733593 85.62 forward
-13.221228 -40.809388 0.000000 0.000000 0.000000 -0.679553 -0.733627 85.62 forward
-13.205786 -40.623155 0.000000 0.000000 0.000000 -0.679943 -0.733265 85.68 forward
-13.194039 -40.436746 0.000000 0.000000 0.000000 -0.680923 -0.732355 85.83 forward
-13.178887 -40.250609 0.000000 0.000000 0.000000 -0.681254 -0.732047 85.88 forward
-13.163609 -40.064403 0.000000 0.000000 0.000000 -0.681031 -0.732255 85.85 forward
-13.152046 -39.877937 0.000000 0.000000 0.000000 -0.682109 -0.731250 86.02 forward
-13.164577 -39.708142 0.000000 0.000000 0.000000 -0.682503 -0.730882 86.08 forward
-13.150276 -39.522242 0.000000 0.000000 0.000000 -0.684346 -0.729157 86.37 forward
-13.138375 -39.336315 0.000000 0.000000 0.000000 -0.684982 -0.728560 86.47 forward
-13.124291 -39.150592 0.000000 0.000000 0.000000 -0.685260 -0.728299 86.51 forward
-13.110138 -38.964776 0.000000 0.000000 0.000000 -0.685146 -0.728406 86.49 forward
-13.098468 -38.778906 0.000000 0.000000 0.000000 -0.685955 -0.727644 86.62 forward
-13.081654 -38.554407 0.000000 0.000000 0.000000 -0.685881 -0.727714 86.61 forward
-13.067596 -38.367941 0.000000 0.000000 0.000000 -0.686116 -0.727492 86.65 forward
-13.055191 -38.181335 0.000000 0.000000 0.000000 -0.686543 -0.727089 86.71 forward
-13.041288 -37.994994 0.000000 0.000000 0.000000 -0.684921 -0.728617 86.46 forward
-13.027339 -37.808486 0.000000 0.000000 0.000000 -0.684864 -0.728671 86.45 forward
-13.004530 -37.622915 0.000000 0.000000 0.000000 -0.680108 -0.733112 85.70 forward
-12.998775 -37.453123 0.000000 0.000000 0.000000 -0.679568 -0.733613 85.62 forward
-12.982410 -37.267238 0.000000 0.000000 0.000000 -0.679200 -0.733953 85.56 forward
-12.946955 -37.082995 0.000000 0.000000 0.000000 -0.669374 -0.742925 84.04 forward
-12.925170 -36.897889 0.000000 0.000000 0.000000 -0.669032 -0.743233 83.98 forward
-12.902332 -36.712716 0.000000 0.000000 0.000000 -0.666965 -0.745089 83.67 forward
-12.872270 -36.528315 0.000000 0.000000 0.000000 -0.664348 -0.747423 83.26 forward
-12.844176 -36.350133 0.000000 0.000000 0.000000 -0.662106 -0.749410 82.92 forward
-12.817346 -36.165704 0.000000 0.000000 0.000000 -0.660172 -0.751114 82.63 forward
-12.794368 -35.980800 0.000000 0.000000 0.000000 -0.661229 -0.750184 82.79 forward
-12.767112 -35.796591 0.000000 0.000000 0.000000 -0.658633 -0.752465 82.39 forward
-12.739050 -35.612400 0.000000 0.000000 0.000000 0.657021 0.753872 82.15 forward
-12.715314 -35.427655 0.000000 0.000000 0.000000 0.657546 0.753414 82.23 forward
-12.679256 -35.241330 0.000000 0.000000 0.000000 0.656204 0.754583 82.02 forward
-12.650199 -35.057256 0.000000 0.000000 0.000000 0.654028 0.756470 81.69 forward
-12.624758 -34.872852 0.000000 0.000000 0.000000 0.655044 0.755591 81.85 forward
-12.595666 -34.688930 0.000000 0.000000 0.000000 0.653740 0.756719 81.65 forward
-12.566136 -34.504975 0.000000 0.000000 0.000000 0.652877 0.757464 81.52 forward
-12.540359 -34.320603 0.000000 0.000000 0.000000 0.653094 0.757277 81.55 forward
-12.503253 -34.127537 0.000000 0.000000 0.000000 0.652330 0.757935 81.43 forward
-12.473246 -33.943499 0.000000 0.000000 0.000000 0.650927 0.759140 81.22 forward
-12.444842 -33.759412 0.000000 0.000000 0.000000 0.650977 0.759097 81.23 forward
-12.414538 -33.575529 0.000000 0.000000 0.000000 0.650050 0.759891 81.09 forward
-12.383935 -33.391635 0.000000 0.000000 0.000000 0.649464 0.760392 81.00 forward
-12.346071 -33.209417 0.000000 0.000000 0.000000 0.645449 0.763804 80.40 forward
-12.318749 -32.964207 0.000000 0.000000 0.000000 0.644578 0.764538 80.27 forward
-12.285261 -32.779596 0.000000 0.000000 0.000000 0.644707 0.764429 80.29 forward
-12.236831 -32.598026 0.000000 0.000000 0.000000 0.635690 0.771944 78.94 forward
-12.198304 -32.414521 0.000000 0.000000 0.000000 0.635936 0.771742 78.98 forward
-12.158625 -32.231294 0.000000 0.000000 0.000000 0.633504 0.773740 78.62 forward
-12.089935 -32.054099 0.000000 0.000000 0.000000 0.622147 0.782900 76.95 forward
-12.072281 -31.815342 0.000000 0.000000 0.000000 0.618786 0.785560 76.46 forward
-12.022934 -31.633273 0.000000 0.000000 0.000000 0.619780 0.784776 76.60 forward
-11.958672 -31.454994 0.000000 0.000000 0.000000 0.610113 0.792314 75.20 forward
-11.903002 -31.274897 0.000000 0.000000 0.000000 0.608726 0.793380 74.99 forward
-11.845096 -31.095434 0.000000 0.000000 0.000000 0.603827 0.797116 74.29 forward
-11.792385 -30.914025 0.000000 0.000000 0.000000 0.606132 0.795364 74.62 forward
-11.748437 -30.721428 0.000000 0.000000 0.000000 0.602688 0.797977 74.13 forward
-11.687422 -30.542640 0.000000 0.000000 0.000000 0.600559 0.799580 73.82 forward
-11.634370 -30.361237 0.000000 0.000000 0.000000 0.602958 0.797773 74.16 forward
-11.572907 -30.182811 0.000000 0.000000 0.000000 0.598508 0.801117 73.53 forward
-11.510146 -30.004741 0.000000 0.000000 0.000000 0.595646 0.803247 73.12 forward
-11.456004 -29.823698 0.000000 0.000000 0.000000 0.596761 0.802419 73.28 forward
-11.369749 -29.614095 0.000000 0.000000 0.000000 0.594356 0.804202 72.93 forward
-11.305220 -29.435725 0.000000 0.000000 0.000000 0.590877 0.806762 72.44 forward
-11.247676 -29.255023 0.000000 0.000000 0.000000 0.593009 0.805196 72.74 forward
-11.183283 -29.076892 0.000000 0.000000 0.000000 0.588328 0.808622 72.08 forward
-11.118158 -28.898854 0.000000 0.000000 0.000000 0.586787 0.809741 71.86 forward
-11.060175 -28.718180 0.000000 0.000000 0.000000 0.585759 0.810485 71.71 forward
-10.986495 -28.543098 0.000000 0.000000 0.000000 0.584412 0.811457 71.52 forward
-10.920798 -28.365211 0.000000 0.000000 0.000000 0.580866 0.813999 71.02 forward
-10.860743 -28.185357 0.000000 0.000000 0.000000 0.582606 0.812755 71.27 forward
-10.795278 -28.007349 0.000000 0.000000 0.000000 0.580021 0.814602 70.90 forward
-10.729404 -27.829343 0.000000 0.000000 0.000000 0.579193 0.815190 70.79 forward
-10.669393 -27.649710 0.000000 0.000000 0.000000 0.578993 0.815333 70.76 forward
-10.617008 -27.452439 0.000000 0.000000 0.000000 0.578836 0.815444 70.74 forward
-10.551531 -27.273931 0.000000 0.000000 0.000000 0.578495 0.815686 70.69 forward
-10.490262 -27.094342 0.000000 0.000000 0.000000 0.579747 0.814797 70.87 forward
-10.425105 -26.915923 0.000000 0.000000 0.000000 0.579651 0.814865 70.85 forward
-10.359734 -26.737507 0.000000 0.000000 0.000000 0.579209 0.815179 70.79 forward
-10.298516 -26.557669 0.000000 0.000000 0.000000 0.580315 0.814392 70.95 forward
-10.218339 -26.342294 0.000000 0.000000 0.000000 0.579949 0.814653 70.89 forward
-10.152647 -26.162875 0.000000 0.000000 0.000000 0.579757 0.814790 70.87 forward
-10.090222 -25.982804 0.000000 0.000000 0.000000 0.580707 0.814113 71.00 forward
-10.024849 -25.803505 0.000000 0.000000 0.000000 0.578933 0.815375 70.75 forward
-9.959349 -25.624170 0.000000 0.000000 0.000000 0.578699 0.815541 70.72 forward
-9.897006 -25.443878 0.000000 0.000000 0.000000 0.578233 0.815872 70.65 forward
-9.832118 -25.264026 0.000000 0.000000 0.000000 0.578074 0.815985 70.63 forward
-9.766770 -25.084564 0.000000 0.000000 0.000000 0.577174 0.816621 70.50 forward
-9.703722 -24.904281 0.000000 0.000000 0.000000 0.577879 0.816122 70.60 forward
-9.638594 -24.724785 0.000000 0.000000 0.000000 0.577105 0.816670 70.49 forward
-9.573380 -24.545220 0.000000 0.000000 0.000000 0.576981 0.816757 70.48 forward
-9.510532 -24.365071 0.000000 0.000000 0.000000 0.576996 0.816747 70.48 forward
-9.466480 -24.165330 0.000000 0.000000 0.000000 0.577540 0.816362 70.56 forward
-9.402010 -23.985142 0.000000 0.000000 0.000000 0.578896 0.815401 70.75 forward
-9.338975 -23.804672 0.000000 0.000000 0.000000 0.579310 0.815108 70.80 forward
-9.274633 -23.624428 0.000000 0.000000 0.000000 0.580154 0.814507 70.92 forward
-9.210333 -23.444379 0.000000 0.000000 0.000000 0.580089 0.814553 70.91 forward
-9.147284 -23.263571 0.000000 0.000000 0.000000 0.581087 0.813841 71.05 forward
-9.064162 -23.095750 0.000000 0.000000 0.000000 0.580515 0.814250 70.97 forward
-8.999295 -22.915643 0.000000 0.000000 0.000000 0.579670 0.814851 70.85 forward
-8.935782 -22.735351 0.000000 0.000000 0.000000 0.580051 0.814580 70.91 forward
-8.871059 -22.555239 0.000000 0.000000 0.000000 0.577458 0.816421 70.54 forward
-8.806296 -22.375061 0.000000 0.000000 0.000000 0.577422 0.816446 70.54 forward
-8.742802 -22.194470 0.000000 0.000000 0.000000 0.575824 0.817573 70.31 forward
-8.685550 -22.004411 0.000000 0.000000 0.000000 0.576045 0.817418 70.35 forward
-8.621087 -21.823867 0.000000 0.000000 0.000000 0.575325 0.817925 70.24 forward
-8.557537 -21.643365 0.000000 0.000000 0.000000 0.575568 0.817754 70.28 forward
-8.493123 -21.462686 0.000000 0.000000 0.000000 0.576514 0.817087 70.41 forward
-8.428796 -21.282266 0.000000 0.000000 0.000000 0.576496 0.817100 70.41 forward
-8.365221 -21.101530 0.000000 0.000000 0.000000 0.577363 0.816488 70.53 forward
-8.316902 -20.942914 0.000000 0.000000 0.000000 0.577534 0.816367 70.55 forward
-8.252880 -20.762454 0.000000 0.000000 0.000000 0.578601 0.815611 70.70 forward
-8.189449 -20.582158 0.000000 0.000000 0.000000 0.578741 0.815511 70.72 forward
-8.125575 -20.401945 0.000000 0.000000 0.000000 0.578763 0.815495 70.73 forward
-8.061683 -20.221688 0.000000 0.000000 0.000000 0.578752 0.815503 70.73 forward
-7.998212 -20.041125 0.000000 0.000000 0.000000 0.578903 0.815397 70.75 forward
-7.965381 -19.858556 0.000000 0.000000 0.000000 0.579611 0.814893 70.85 forward
-7.902332 -19.677953 0.000000 0.000000 0.000000 0.581707 0.813399 71.14 forward
-7.839341 -19.497567 0.000000 0.000000 0.000000 0.581699 0.813404 71.14 forward
-7.776382 -19.317196 0.000000 0.000000 0.000000 0.582692 0.812693 71.28 forward
-7.713378 -19.136684 0.000000 0.000000 0.000000 0.582686 0.812698 71.28 forward
-7.650400 -18.956265 0.000000 0.000000 0.000000 0.583489 0.812121 71.39 forward
-7.583271 -18.754283 0.000000 0.000000 0.000000 0.583561 0.812070 71.40 forward
-7.520213 -18.573296 0.000000 0.000000 0.000000 0.584435 0.811441 71.53 forward
-7.457115 -18.392388 0.000000 0.000000 0.000000 0.584411 0.811458 71.52 forward
-7.394048 -18.211361 0.000000 0.000000 0.000000 0.583022 0.812456 71.33 forward
-7.330955 -18.030242 0.000000 0.000000 0.000000 0.583018 0.812459 71.33 forward
-7.267867 -17.849300 0.000000 0.000000 0.000000 0.582053 0.813151 71.19 forward
-7.210490 -17.682075 0.000000 0.000000 0.000000 0.582069 0.813139 71.19 forward
-7.147497 -17.501130 0.000000 0.000000 0.000000 0.581476 0.813563 71.11 forward
-7.083217 -17.320913 0.000000 0.000000 0.000000 0.580634 0.814165 70.99 forward
-7.019867 -17.140159 0.000000 0.000000 0.000000 0.580044 0.814585 70.91 forward
-6.956448 -16.959378 0.000000 0.000000 0.000000 0.579907 0.814683 70.89 forward
-6.879524 -16.783349 0.000000 0.000000 0.000000 0.573703 0.819063 70.02 forward
-6.840033 -16.594608 0.000000 0.000000 0.000000 0.573257 0.819375 69.96 forward
-6.773664 -16.414860 0.000000 0.000000 0.000000 0.574631 0.818413 70.15 forward
-6.698072 -16.238476 0.000000 0.000000 0.000000 0.569440 0.822033 69.42 forward
-6.629027 -16.059869 0.000000 0.000000 0.000000 0.570174 0.821524 69.52 forward
-6.559250 -15.881391 0.000000 0.000000 0.000000 0.568584 0.822625 69.30 forward
-6.490672 -15.702313 0.000000 0.000000 0.000000 0.570034 0.821621 69.51 forward
-6.415695 -15.541815 0.000000 0.000000 0.000000 0.568584 0.822626 69.30 forward
-6.344684 -15.363869 0.000000 0.000000 0.000000 0.567138 0.823623 69.10 forward
-6.275591 -15.185636 0.000000 0.000000 0.000000 0.567705 0.823232 69.18 forward
-6.204434 -15.007896 0.000000 0.000000 0.000000 0.564911 0.825152 68.79 forward
-6.132933 -14.830362 0.000000 0.000000 0.000000 0.564034 0.825751 68.67 forward
-6.063400 -14.652151 0.000000 0.000000 0.000000 0.563387 0.826193 68.58 forward
-5.967222 -14.510770 0.000000 0.000000 0.000000 0.561878 0.827220 68.37 forward
-5.894600 -14.334179 0.000000 0.000000 0.000000 0.557916 0.829897 67.82 forward
-5.823957 -14.156827 0.000000 0.000000 0.000000 0.558541 0.829477 67.91 forward
-5.751249 -13.979989 0.000000 0.000000 0.000000 0.556132 0.831094 67.58 forward
-5.678463 -13.803513 0.000000 0.000000 0.000000 0.555661 0.831409 67.51 forward
-5.607739 -13.626323 0.000000 0.000000 0.000000 0.554532 0.832162 67.36 forward
-5.552800 -13.451204 0.000000 0.000000 0.000000 0.554576 0.832133 67.36 forward
-5.480333 -13.274544 0.000000 0.000000 0.000000 0.554075 0.832467 67.29 forward
-5.409246 -13.097384 0.000000 0.000000 0.000000 0.554502 0.832182 67.35 forward
-5.336861 -12.920784 0.000000 0.000000 0.000000 0.556547 0.830816 67.63 forward
-5.264363 -12.744195 0.000000 0.000000 0.000000 0.556293 0.830986 67.60 forward
-5.193307 -12.567117 0.000000 0.000000 0.000000 0.558221 0.829692 67.87 forward
-5.114918 -12.413115 0.000000 0.000000 0.000000 0.557697 0.830044 67.79 forward
-5.042196 -12.237015 0.000000 0.000000 0.000000 0.557787 0.829984 67.81 forward
-4.970749 -12.060561 0.000000 0.000000 0.000000 0.558168 0.829728 67.86 forward
-4.898101 -11.884398 0.000000 0.000000 0.000000 0.556907 0.830575 67.68 forward
-4.825400 -11.708256 0.000000 0.000000 0.000000 0.556770 0.830666 67.67 forward
-4.753991 -11.531629 0.000000 0.000000 0.000000 0.556208 0.831043 67.59 forward
-4.669068 -11.344667 0.000000 0.000000 0.000000 0.555932 0.831228 67.55 forward
-4.596096 -11.168247 0.000000 0.000000 0.000000 0.554712 0.832042 67.38 forward
-4.524177 -10.991518 0.000000 0.000000 0.000000 0.555033 0.831828 67.43 forward
-4.451346 -10.815180 0.000000 0.000000 0.000000 0.555032 0.831829 67.43 forward
-4.378400 -10.638634 0.000000 0.000000 0.000000 0.554961 0.831876 67.42 forward
-4.306570 -10.461971 0.000000 0.000000 0.000000 0.555199 0.831717 67.45 forward
-4.250942 -10.299098 0.000000 0.000000 0.000000 0.555408 0.831578 67.48 forward
-4.178519 -10.122810 0.000000 0.000000 0.000000 0.556082 0.831128 67.57 forward
-4.108585 -9.945641 0.000000 0.000000 0.000000 0.557465 0.830200 67.76 forward
-4.036801 -9.769219 0.000000 0.000000 0.000000 0.558382 0.829584 67.89 forward
-3.964999 -9.592543 0.000000 0.000000 0.000000 0.558538 0.829479 67.91 forward
-3.910283 -9.409331 0.000000 0.000000 0.000000 0.566606 0.823989 69.03 forward
-3.840181 -9.216663 0.000000 0.000000 0.000000 0.568071 0.822980 69.23 forward
-3.773016 -9.038043 0.000000 0.000000 0.000000 0.569149 0.822234 69.38 forward
-3.711579 -8.857060 0.000000 0.000000 0.000000 0.572540 0.819877 69.86 forward
-3.646509 -8.677839 0.000000 0.000000 0.000000 0.572958 0.819585 69.91 forward
-3.581996 -8.498049 0.000000 0.000000 0.000000 0.574481 0.818518 70.13 forward
-3.515816 -8.319291 0.000000 0.000000 0.000000 0.573795 0.818999 70.03 forward
-3.462667 -8.155594 0.000000 0.000000 0.000000 0.575017 0.818141 70.20 forward
-3.399285 -7.975876 0.000000 0.000000 0.000000 0.576892 0.816820 70.46 forward
-3.334105 -7.796797 0.000000 0.000000 0.000000 0.576295 0.817242 70.38 forward
-3.270997 -7.617262 0.000000 0.000000 0.000000 0.576921 0.816800 70.47 forward
-3.208165 -7.437366 0.000000 0.000000 0.000000 0.577724 0.816232 70.58 forward
-3.143600 -7.258213 0.000000 0.000000 0.000000 0.577092 0.816679 70.49 forward
-3.108681 -7.070364 0.000000 0.000000 0.000000 0.578368 0.815776 70.67 forward
-3.047061 -6.890196 0.000000 0.000000 0.000000 0.580756 0.814078 71.01 forward
-2.978842 -6.712275 0.000000 0.000000 0.000000 0.577358 0.816491 70.53 forward
-2.915902 -6.532434 0.000000 0.000000 0.000000 0.579176 0.815202 70.79 forward
-2.853007 -6.352703 0.000000 0.000000 0.000000 0.579168 0.815208 70.78 forward
-2.772127 -6.179229 0.000000 0.000000 0.000000 0.573159 0.819444 69.94 forward
-2.696022 -6.019773 0.000000 0.000000 0.000000 0.571566 0.820556 69.72 forward
-2.628327 -5.842015 0.000000 0.000000 0.000000 0.571361 0.820699 69.69 forward
-2.557713 -5.665234 0.000000 0.000000 0.000000 0.569751 0.821818 69.47 forward
-2.488963 -5.488125 0.000000 0.000000 0.000000 0.567113 0.823640 69.10 forward
-2.419659 -5.311018 0.000000 0.000000 0.000000 0.565972 0.824424 68.94 forward
-2.351034 -5.133726 0.000000 0.000000 0.000000 0.564757 0.825257 68.77 forward
-2.303810 -4.946611 0.000000 0.000000 0.000000 0.564510 0.825426 68.74 forward
-2.234477 -4.769459 0.000000 0.000000 0.000000 0.563761 0.825938 68.63 forward
-2.164971 -4.592466 0.000000 0.000000 0.000000 0.563543 0.826087 68.60 forward
-2.095256 -4.415447 0.000000 0.000000 0.000000 0.564956 0.825121 68.80 forward
-2.025237 -4.238458 0.000000 0.000000 0.000000 0.564293 0.825575 68.71 forward
-1.956002 -4.061317 0.000000 0.000000 0.000000 0.566038 0.824379 68.95 forward
-1.878481 -3.899192 0.000000 0.000000 0.000000 0.565270 0.824906 68.84 forward
-1.807929 -3.722696 0.000000 0.000000 0.000000 0.565141 0.824995 68.82 forward
-1.738037 -3.546142 0.000000 0.000000 0.000000 0.565301 0.824884 68.85 forward
-1.667430 -3.369771 0.000000 0.000000 0.000000 0.563270 0.826273 68.56 forward
-1.596666 -3.193421 0.000000 0.000000 0.000000 0.562913 0.826516 68.51 forward
-1.526588 -3.016981 0.000000 0.000000 0.000000 0.561771 0.827293 68.36 forward
-1.507303 -2.922581 0.000000 0.000000 0.000000 0.561934 0.827182 68.38 forward
-1.437582 -2.747888 0.000000 0.000000 0.000000 0.561662 0.827367 68.34 forward
-1.368239 -2.573134 0.000000 0.000000 0.000000 0.561956 0.827167 68.38 forward
-1.298566 -2.398672 0.000000 0.000000 0.000000 0.561752 0.827306 68.35 forward
-1.228713 -2.223972 0.000000 0.000000 0.000000 0.562725 0.826644 68.49 forward
-1.159400 -2.049327 0.000000 0.000000 0.000000 0.562851 0.826558 68.51 forward
-1.129789 -2.052368 0.000000 0.000000 0.000000 0.562037 0.827112 68.39 forward
-1.060568 -1.881432 0.000000 0.000000 0.000000 0.560590 0.828093 68.19 forward
-0.992095 -1.710400 0.000000 0.000000 0.000000 0.560806 0.827947 68.22 forward
-0.923067 -1.539815 0.000000 0.000000 0.000000 0.558283 0.829651 67.87 forward
-0.853919 -1.369031 0.000000 0.000000 0.000000 0.558173 0.829724 67.86 forward
-0.785445 -1.198275 0.000000 0.000000 0.000000 0.556460 0.830874 67.62 forward
-0.836459 -1.272981 0.000000 0.000000 0.000000 0.556865 0.830603 67.68 forward
-0.770046 -1.107354 0.000000 0.000000 0.000000 0.556777 0.830662 67.67 forward
-0.704006 -0.941638 0.000000 0.000000 0.000000 0.556907 0.830575 67.68 forward
-0.637741 -0.776252 0.000000 0.000000 0.000000 0.559537 0.828805 68.05 forward
-0.571404 -0.610719 0.000000 0.000000 0.000000 0.559479 0.828845 68.04 forward
-0.505570 -0.445363 0.000000 0.000000 0.000000 0.561570 0.827429 68.33 forward
-0.560344 -0.616375 0.000000 0.000000 0.000000 0.561257 0.827642 68.29 forward
-0.496630 -0.458038 0.000000 0.000000 0.000000 0.561220 0.827666 68.28 forward
-0.433338 -0.299833 0.000000 0.000000 0.000000 0.561317 0.827601 68.29 forward
-0.369802 -0.141819 0.000000 0.000000 0.000000 0.559753 0.828660 68.08 forward
-0.306317 0.016068 0.000000 0.000000 0.000000 0.559724 0.828679 68.07 forward
-0.243246 0.173861 0.000000 0.000000 0.000000 0.558666 0.829392 67.93 forward
-0.342376 -0.062811 0.000000 0.000000 0.000000 0.558760 0.829329 67.94 forward
-0.282488 0.086671 0.000000 0.000000 0.000000 0.558738 0.829344 67.94 forward
-0.222924 0.235907 0.000000 0.000000 0.000000 0.558803 0.829300 67.95 forward
-0.163226 0.385026 0.000000 0.000000 0.000000 0.558787 0.829311 67.94 forward
-0.103611 0.533956 0.000000 0.000000 0.000000 0.559738 0.828670 68.08 forward
-0.044375 0.682556 0.000000 0.000000 0.000000 0.559807 0.828623 68.08 forward
-0.163189 0.358233 0.000000 0.000000 0.000000 0.559603 0.828761 68.06 forward
-0.107534 0.496810 0.000000 0.000000 0.000000 0.559593 0.828767 68.06 forward
-0.052246 0.635166 0.000000 0.000000 0.000000 0.559686 0.828705 68.07 forward
0.003138 0.773204 0.000000 0.000000 0.000000 0.559681 0.828708 68.07 forward
0.058385 0.910929 0.000000 0.000000 0.000000 0.558516 0.829494 67.91 forward
0.113308 1.048497 0.000000 0.000000 0.000000 0.558593 0.829442 67.92 forward
-0.024874 0.718314 0.000000 0.000000 0.000000 0.558734 0.829347 67.94 forward
0.025985 0.845712 0.000000 0.000000 0.000000 0.558732 0.829348 67.94 forward
0.076572 0.972738 0.000000 0.000000 0.000000 0.558775 0.829320 67.94 forward
0.127097 1.099407 0.000000 0.000000 0.000000 0.558775 0.829320 67.94 forward
0.177450 1.225679 0.000000 0.000000 0.000000 0.560299 0.828290 68.15 forward
0.227523 1.351528 0.000000 0.000000 0.000000 0.560331 0.828269 68.16 forward
0.089736 0.983142 0.000000 0.000000 0.000000 0.560188 0.828366 68.14 forward
0.135779 1.098216 0.000000 0.000000 0.000000 0.560188 0.828365 68.14 forward
0.181517 1.212866 0.000000 0.000000 0.000000 0.560236 0.828333 68.14 forward
0.227162 1.327045 0.000000 0.000000 0.000000 0.560236 0.828333 68.14 forward
0.272659 1.440886 0.000000 0.000000 0.000000 0.560237 0.828333 68.14 forward
0.317802 1.554158 0.000000 0.000000 0.000000 0.560276 0.828306 68.15 forward
0.185494 1.171841 0.000000 0.000000 0.000000 0.559960 0.828519 68.11 forward
0.226804 1.274111 0.000000 0.000000 0.000000 0.559961 0.828519 68.11 forward
0.267685 1.375887 0.000000 0.000000 0.000000 0.560065 0.828449 68.12 forward
0.308547 1.477152 0.000000 0.000000 0.000000 0.560069 0.828446 68.12 forward
0.349145 1.577790 0.000000 0.000000 0.000000 0.555496 0.831519 67.49 forward
0.389360 1.678037 0.000000 0.000000 0.000000 0.555594 0.831453 67.50 forward
0.266660 1.301132 0.000000 0.000000 0.000000 0.555187 0.831726 67.45 forward
0.303338 1.390467 0.000000 0.000000 0.000000 0.555194 0.831721 67.45 forward
0.339496 1.479239 0.000000 0.000000 0.000000 0.555346 0.831619 67.47 forward
0.375658 1.567399 0.000000 0.000000 0.000000 0.555356 0.831613 67.47 forward
0.411545 1.654894 0.000000 0.000000 0.000000 0.555366 0.831606 67.47 forward
0.446917 1.741789 0.000000 0.000000 0.000000 0.555498 0.831518 67.49 forward
0.296179 1.383287 0.000000 0.000000 0.000000 0.555594 0.831454 67.50 forward
0.327457 1.459888 0.000000 0.000000 0.000000 0.555606 0.831446 67.50 forward
0.358300 1.535779 0.000000 0.000000 0.000000 0.555691 0.831389 67.52 forward
0.388944 1.610879 0.000000 0.000000 0.000000 0.555702 0.831382 67.52 forward
0.419387 1.685495 0.000000 0.000000 0.000000 0.555713 0.831374 67.52 forward
0.449400 1.759344 0.000000 0.000000 0.000000 0.555772 0.831335 67.53 forward
0.325828 1.432831 0.000000 0.000000 0.000000 0.555672 0.831402 67.51 forward
0.352254 1.497114 0.000000 0.000000 0.000000 0.555680 0.831396 67.52 forward
0.378275 1.560675 0.000000 0.000000 0.000000 0.555756 0.831346 67.53 forward
0.404040 1.623370 0.000000 0.000000 0.000000 0.555763 0.831341 67.53 forward
0.429507 1.685338 0.000000 0.000000 0.000000 0.555771 0.831336 67.53 forward
0.454560 1.746545 0.000000 0.000000 0.000000 0.555840 0.831289 67.54 forward
0.317110 1.457833 0.000000 0.000000 0.000000 0.556042 0.831154 67.57 forward
0.338280 1.510437 0.000000 0.000000 0.000000 0.556050 0.831149 67.57 forward
0.359064 1.562178 0.000000 0.000000 0.000000 0.556083 0.831127 67.57 forward
0.379543 1.613115 0.000000 0.000000 0.000000 0.556092 0.831121 67.57 forward
0.399681 1.663227 0.000000 0.000000 0.000000 0.556100 0.831115 67.57 forward
0.419446 1.712497 0.000000 0.000000 0.000000 0.556129 0.831096 67.58 forward
0.326084 1.422785 0.000000 0.000000 0.000000 0.555932 0.831228 67.55 forward
0.342951 1.463516 0.000000 0.000000 0.000000 0.555941 0.831222 67.55 forward
0.359419 1.503394 0.000000 0.000000 0.000000 0.556001 0.831182 67.56 forward
0.375542 1.542316 0.000000 0.000000 0.000000 0.556010 0.831175 67.56 forward
0.391313 1.580373 0.000000 0.000000 0.000000 0.556020 0.831169 67.56 forward
0.406678 1.617543 0.000000 0.000000 0.000000 0.556072 0.831134 67.57 forward
0.304480 1.386721 0.000000 0.000000 0.000000 0.556131 0.831095 67.58 forward
0.316769 1.416713 0.000000 0.000000 0.000000 0.556141 0.831088 67.58 forward
0.328656 1.445774 0.000000 0.000000 0.000000 0.556179 0.831062 67.58 forward
0.340182 1.473904 0.000000 0.000000 0.000000 0.556190 0.831055 67.59 forward
0.351321 1.501090 0.000000 0.000000 0.000000 0.556201 0.831048 67.59 forward
0.362059 1.527337 0.000000 0.000000 0.000000 0.556236 0.831024 67.59 forward
0.299371 1.357825 0.000000 0.000000 0.000000 0.556212 0.831040 67.59 forward
0.307902 1.378274 0.000000 0.000000 0.000000 0.556223 0.831033 67.59 forward
0.316016 1.397737 0.000000 0.000000 0.000000 0.556262 0.831007 67.60 forward
0.323747 1.416229 0.000000 0.000000 0.000000 0.556274 0.830999 67.60 forward
0.331091 1.433768 0.000000 0.000000 0.000000 0.556286 0.830991 67.60 forward
0.338028 1.450339 0.000000 0.000000 0.000000 0.556322 0.830967 67.60 forward
0.277371 1.290455 0.000000 0.000000 0.000000 0.556314 0.830972 67.60 forward
0.282174 1.301526 0.000000 0.000000 0.000000 0.556326 0.830964 67.60 forward
0.286564 1.311597 0.000000 0.000000 0.000000 0.556361 0.830941 67.61 forward
0.290558 1.320677 0.000000 0.000000 0.000000 0.556373 0.830932 67.61 stop
0.294149 1.328764 0.000000 0.000000 0.000000 0.556386 0.830924 67.61 stop
0.297327 1.335847 0.000000 0.000000 0.000000 0.556417 0.830903 67.62 stop
0.236505 1.241954 0.000000 0.000000 0.000000 0.556466 0.830870 67.62 stop
0.237558 1.245028 0.000000 0.000000 0.000000 0.556479 0.830862 67.63 stop
0.238194 1.247091 0.000000 0.000000 0.000000 0.556509 0.830842 67.63 stop
0.238417 1.248139 0.000000 0.000000 0.000000 0.556522 0.830833 67.63 stop
0.238226 1.248175 0.000000 0.000000 0.000000 0.556536 0.830823 67.63 stop
0.237620 1.247200 0.000000 0.000000 0.000000 0.556565 0.830804 67.64 stop
0.227391 1.170410 0.000000 0.000000 0.000000 0.556570 0.830801 67.64 stop
0.225796 1.165875 0.000000 0.000000 0.000000 0.556585 0.830791 67.64 stop
0.223785 1.160313 0.000000 0.000000 0.000000 0.556614 0.830771 67.64 stop
0.221360 1.153730 0.000000 0.000000 0.000000 0.556630 0.830761 67.65 stop
0.218519 1.146119 0.000000 0.000000 0.000000 0.556645 0.830750 67.65 stop
0.215266 1.137488 0.000000 0.000000 0.000000 0.556673 0.830732 67.65 stop
0.201365 1.127327 0.000000 0.000000 0.000000 0.556681 0.830726 67.65 stop